transaction_id,customer_id,transaction_date,region,product_category,sales_amount,quantity,payment_method,source_system,transaction_status
TXN001731,CUST10719,2026-02-01,East,Home & Kitchen,34829.07,3,Debit Card,POS,Refunded
TXN002657,CUST10349,2025-01-06,Central,Home & Kitchen,6356.09,1,Net Banking,Mobile App,Completed
TXN000034,CUST14916,2025-09-02,West,Clothing,29986.05,5,Credit Card,CRM,Refunded
TXN004928,CUST10293,2026-07-25,Central,Clothing,32824.96,8,Debit Card,Partner Portal,Completed
TXN003902,CUST12345,2025-05-26,Central,Beauty,6323.95,5,Credit Card,POS,Cancelled
TXN003607,CUST15319,2025-04-29,East,Sports,70000.62,6,Net Banking,E-Commerce,Refunded
TXN004644,CUST12647,2025-08-08,North,Beauty,7159.63,1,Cash,Partner Portal,Refunded
TXN002291,CUST14232,2026-03-22,West,Grocery,40292.85,5,Debit Card,POS,Refunded
TXN001056,,2026-08-28,East,Clothing,50888.28,4,Debit Card,Partner Portal,Pending
TXN001205,CUST18908,2026-08-31,North,Sports,1543.47,3,Net Banking,CRM,Pending
TXN000880,CUST19763,2026-03-02,Central,Clothing,88659.76,8,Credit Card,Mobile App,Refunded
TXN003133,CUST19077,2026-05-23,East,Clothing,31900.36,4,UPI,POS,Completed
TXN003883,CUST18069,2025-03-25,N/A,Grocery,83613.67,7,Credit Card,Partner Portal,Completed
TXN002823,CUST15416,2026-04-06,West,Beauty,99897.98,7,Cash,Mobile App,Cancelled
TXN001944,CUST19016,2025-12-17,Central,Home & Kitchen,18188.2,5,Net Banking,CRM,Pending
TXN002078,CUST18596,2025-03-22,South,Home & Kitchen,52912.14,6,Net Banking,CRM,Completed
TXN000502,,2026-05-11,South,Electronics,4213.56,6,UPI,POS,Pending
TXN001045,CUST16584,2025-12-05,South,Electronics,291.92,2,Cash,CRM,Cancelled
TXN001747,CUST18771,2026-04-21,Central,Clothing,27732.6,6,UPI,Mobile App,Refunded
TXN003962,CUST12561,2026-02-27,North,Clothing,37704.65,5,Cash,Partner Portal,Completed
TXN002255,CUST19905,2025-12-19,West,Home & Kitchen,4604.28,1,Net Banking,E-Commerce,Pending
TXN000839,,2026-09-01,West,Grocery,83372.59,7,Debit Card,POS,Pending
TXN003439,CUST16576,2026-04-02,West,Electronics,10541.67,3,UPI,Partner Portal,Cancelled
TXN003694,CUST18472,2026-07-14,West,Sports,37071.84,3,Credit Card,Partner Portal,Pending
TXN004590,CUST17064,2025-07-27,West,Home & Kitchen,22877.37,3,UPI,POS,Completed
TXN002299,CUST17759,2026-02-13,East,Grocery,34426.28,4,Credit Card,POS,Cancelled
TXN002183,CUST10744,2025-10-28,East,Grocery,44057.94,6,Cash,E-Commerce,Completed
TXN004585,CUST13101,2026-06-24,North,Sports,17209.76,2,Debit Card,E-Commerce,Cancelled
TXN004589,CUST10839,2025-03-29,South,Clothing,57553.8,5,Net Banking,E-Commerce,Completed
TXN002441,CUST19250,2026-05-10,North,Clothing,1612.75,1,Net Banking,Mobile App,Pending
TXN001721,CUST19791,2026-01-02,East,Clothing,1802.29,7,Net Banking,POS,Pending
TXN001433,CUST11354,2026-02-12,East,Beauty,14054.7,2,Credit Card,Mobile App,Completed
TXN000556,CUST13845,2025-07-08,East,Beauty,1963.09,1,Credit Card,E-Commerce,Pending
TXN004921,CUST14762,2025-04-17,West,Beauty,38654.88,4,Debit Card,CRM,Completed
TXN001774,CUST13746,2026-01-26,North,Beauty,4889.28,6,Debit Card,CRM,Completed
TXN000743,CUST13941,2026-05-06,North,Sports,13682.76,2,Credit Card,Mobile App,Pending
TXN003719,CUST17874,2025-10-28,Central,Grocery,35507.88,3,Debit Card,Mobile App,Cancelled
TXN004163,CUST15675,2025-12-19,East,Electronics,14122.1,5,Net Banking,Partner Portal,Pending
TXN003653,CUST11189,2025-09-01,Central,Home & Kitchen,35454.72,4,Cash,Mobile App,Pending
TXN001627,CUST15029,2026-07-16,South,Grocery,39793.39,7,Debit Card,Mobile App,Completed
TXN000024,,2025-09-06,North,Electronics,97053.68,8,Net Banking,POS,Refunded
TXN000374,,2026-06-27,South,Electronics,69155.7,6,Debit Card,E-Commerce,Cancelled
TXN004442,CUST11271,2026-01-31,East,Grocery,1400.52,6,Credit Card,POS,Completed
TXN003318,CUST15403,2025-11-27,Central,Beauty,61720.92,6,Debit Card,Partner Portal,Refunded
TXN000469,,2026-01-03,South,Beauty,13015.6,8,Cash,Mobile App,Pending
TXN003612,CUST17290,2026-08-01,West,Sports,46900.14,7,Cash,CRM,Completed
TXN002488,CUST12367,2026-09-23,South,Clothing,7859.9,5,Cash,Mobile App,Completed
TXN003412,CUST12167,2026-02-22,West,Sports,6710.82,2,Net Banking,CRM,Refunded
TXN002245,CUST10771,2025-05-14,West,Clothing,12654.28,2,Net Banking,E-Commerce,Completed
TXN003923,CUST18736,2025-08-07,South,Home & Kitchen,37919.0,5,Net Banking,E-Commerce,Cancelled
TXN003380,CUST16181,2025-04-22,South,Beauty,46618.6,4,Cash,POS,Completed
TXN003287,CUST11636,2026-06-30,North,Sports,20217.22,2,Net Banking,POS,Cancelled
TXN001048,CUST17801,2026-09-20,North,Beauty,10580.36,2,Net Banking,POS,Pending
TXN001570,CUST11698,2026-02-11,East,Sports,41480.25,3,Cash,CRM,Cancelled
TXN003533,CUST11161,2025-07-10,North,Grocery,101190.11,7,Credit Card,E-Commerce,Pending
TXN002345,CUST13596,2025-07-29,South,Clothing,3522.86,1,Net Banking,Mobile App,Refunded
TXN001544,CUST15799,2025-08-16,Central,Sports,3060.29,1,Debit Card,Partner Portal,Completed
TXN004933,CUST12011,2026-02-08,South,Beauty,5706.2,4,,Mobile App,Cancelled
TXN000107,,2026-08-09,North,Clothing,25060.56,7,Net Banking,Mobile App,Refunded
TXN003530,CUST17740,2025-06-06,Central,Clothing,39912.16,8,Credit Card,Mobile App,Cancelled
TXN001730,CUST11259,2026-03-13,South,Grocery,20666.86,2,Net Banking,E-Commerce,Completed
TXN003993,CUST15636,2025-12-16,South,Grocery,14192.97,1,Credit Card,E-Commerce,Refunded
TXN004604,CUST16382,2025-02-14,North,Clothing,2821.58,1,Net Banking,Partner Portal,Completed
TXN004572,CUST12912,2025-11-20,East,Grocery,27375.4,4,UPI,POS,Pending
TXN004324,CUST15765,2025-03-19,West,Home & Kitchen,9545.28,1,UPI,POS,Refunded
TXN002267,CUST19764,2025-12-16,South,Clothing,34290.69,3,UPI,Partner Portal,Refunded
TXN000578,CUST10984,2025-04-04,North,Clothing,83817.9,6,Debit Card,Partner Portal,Completed
TXN000590,,2026-06-26,North,Home & Kitchen,11041.08,1,Cash,CRM,Completed
TXN003095,CUST19936,2025-11-12,South,Grocery,30126.78,3,Net Banking,POS,Completed
TXN004793,CUST18813,2026-01-18,South,Home & Kitchen,71441.2,8,Debit Card,Partner Portal,Completed
TXN004524,CUST13154,2025-12-01,South,Beauty,25553.4,5,Net Banking,Partner Portal,Completed
TXN002700,CUST14139,2026-06-25,Central,Beauty,1634.05,1,Debit Card,Partner Portal,Completed
TXN004788,CUST15935,2026-06-03,West,Electronics,81342.36,6,Debit Card,CRM,Cancelled
TXN004688,CUST17071,2025-11-24,East,Home & Kitchen,42251.34,3,Debit Card,E-Commerce,Pending
TXN000240,CUST19303,2025-01-15,South,Home & Kitchen,71294.64,6,Cash,Mobile App,Refunded
TXN000066,,2025-03-27,South,Electronics,14853.44,7,UPI,Mobile App,Cancelled
TXN002604,CUST11978,2026-01-15,West,Electronics,51570.4,8,Net Banking,E-Commerce,Completed
TXN004635,CUST18441,2026-01-30,South,Sports,12176.55,5,Debit Card,CRM,Pending
TXN000498,,2026-06-04,West,Sports,12208.37,1,Debit Card,CRM,Cancelled
TXN000280,CUST14594,2025-02-17,Central,Sports,20595.98,2,Credit Card,E-Commerce,Cancelled
TXN000473,CUST14330,2025-02-11,South,Home & Kitchen,29811.39,7,Cash,POS,Completed
TXN003227,CUST19166,2025-01-23,Central,Sports,15180.18,6,UPI,Partner Portal,Cancelled
TXN002654,,2025-03-10,North,Beauty,100445.68,8,Debit Card,Partner Portal,Completed
TXN003952,CUST10311,2026-04-24,East,Sports,14320.42,2,Debit Card,Mobile App,Cancelled
TXN000297,,2026-05-27,East,Beauty,28610.13,3,Debit Card,Mobile App,Refunded
TXN001435,CUST14964,2026-02-16,West,Clothing,81152.82,7,Credit Card,Partner Portal,Refunded
TXN004222,CUST15417,2026-04-26,South,Grocery,2610.9,5,Debit Card,POS,Completed
TXN004375,CUST17000,2025-09-09,Central,Beauty,8054.58,6,UPI,Mobile App,Completed
TXN002620,CUST12719,2025-04-16,South,Electronics,26897.49,0,UPI,POS,Pending
TXN003827,CUST13699,2025-07-03,North,Home & Kitchen,64474.9,7,Debit Card,Mobile App,Cancelled
TXN002900,CUST12196,2026-08-27,North,Clothing,19700.88,6,Credit Card,Partner Portal,Cancelled
TXN000085,,2025-01-13,East,Home & Kitchen,35470.05,5,Credit Card,POS,Refunded
TXN003667,CUST11222,2025-12-16,Central,Grocery,51994.92,4,Credit Card,POS,Refunded
TXN004011,CUST14788,2025-04-06,South,Home & Kitchen,991.5,6,Credit Card,Partner Portal,Pending
TXN001352,CUST18308,2025-08-16,East,Clothing,9948.04,2,Net Banking,Partner Portal,Completed
TXN000217,CUST17061,2025-10-20,South,Clothing,12722.87,1,UPI,Mobile App,Cancelled
TXN004803,CUST10183,2026-05-31,North,Beauty,83736.0,6,UPI,POS,Cancelled
TXN002793,CUST13880,2025-09-22,Central,Beauty,19936.53,3,Debit Card,E-Commerce,Cancelled
TXN002597,CUST15483,2026-08-29,East,Home & Kitchen,10911.36,4,UPI,CRM,Cancelled
TXN003127,CUST15754,2025-05-22,North,Clothing,50583.06,6,Credit Card,E-Commerce,Completed
TXN002003,CUST18266,2025-12-18,North,Sports,9738.54,6,Net Banking,POS,Cancelled
TXN001175,CUST12302,2025-09-20,North,Sports,78314.8,8,Net Banking,CRM,Cancelled
TXN003195,CUST10601,2026-04-27,North,Clothing,24537.84,6,Cash,CRM,Pending
TXN001341,CUST15816,2025-02-16,West,Grocery,22214.7,2,Net Banking,Mobile App,Cancelled
TXN004658,CUST19775,2026-01-19,West,Beauty,23949.48,2,Debit Card,Mobile App,Refunded
TXN001076,CUST18036,2026-07-01,East,Sports,17470.72,8,UPI,Partner Portal,Pending
TXN001452,CUST19361,2026-02-04,North,Beauty,30518.9,5,Net Banking,Partner Portal,Cancelled
TXN004244,CUST12533,2026-09-04,West,Sports,71106.3,5,Cash,POS,Pending
TXN001942,CUST19198,2026-05-13,South,Sports,51397.28,8,Debit Card,Partner Portal,Cancelled
TXN000180,CUST17686,2026-04-29,West,Sports,34220.19,3,Credit Card,CRM,Completed
TXN000801,CUST12206,2025-09-14,North,Electronics,60075.04,8,Credit Card,CRM,Refunded
TXN000080,,2025-11-10,East,Grocery,42909.48,6,Cash,POS,Cancelled
TXN004114,CUST16977,2025-03-05,Central,Electronics,93741.76,7,Debit Card,Mobile App,Refunded
TXN004195,CUST11258,2026-05-16,Central,Sports,83609.19,7,Cash,Partner Portal,Refunded
TXN001819,CUST17133,2025-11-24,West,Electronics,43230.96,4,Cash,Partner Portal,Cancelled
TXN000562,CUST16754,2025-04-02,East,Home & Kitchen,37497.92,8,UPI,CRM,Completed
TXN001619,CUST19220,2025-08-28,North,Grocery,5780.08,1,Cash,CRM,Pending
TXN002938,CUST16479,2026-08-23,Central,Clothing,1345.45,5,Cash,CRM,Completed
TXN000200,CUST11214,2025-07-24,West,Home & Kitchen,4244.7,2,Net Banking,CRM,Cancelled
TXN001118,,2025-08-04,South,Beauty,9798.18,7,Cash,CRM,Completed
TXN003033,CUST10103,2026-05-21,East,Clothing,66372.4,8,Net Banking,Partner Portal,Refunded
TXN003722,CUST14358,2025-07-06,East,Beauty,49503.2,4,UPI,Mobile App,Pending
TXN002022,CUST13639,2025-05-28,West,Grocery,115600.96,8,Net Banking,POS,Refunded
TXN003806,CUST17920,2025-06-03,South,Beauty,38538.44,4,Cash,Mobile App,Cancelled
TXN000423,CUST15032,2025-12-30,West,Clothing,44754.92,4,UPI,POS,Cancelled
TXN004969,CUST17228,2025-08-13,Central,Beauty,84877.24,7,Credit Card,E-Commerce,Completed
TXN000394,,2025-04-10,North,Grocery,3183.6,1,Credit Card,POS,Refunded
TXN000554,CUST13740,2025-03-15,East,Clothing,5027.58,2,UPI,POS,Refunded
TXN002759,CUST11955,2025-06-16,North,Sports,25833.08,7,Net Banking,CRM,Cancelled
TXN001551,CUST12334,2025-05-07,East,Clothing,9500.64,3,Credit Card,CRM,Cancelled
TXN000158,,2025-06-22,Central,Sports,15412.4,2,Debit Card,POS,Cancelled
TXN004707,CUST18915,2026-01-07,West,Electronics,30754.4,8,Cash,CRM,Cancelled
TXN002911,CUST16584,2025-11-24,West,Home & Kitchen,1153.47,3,Debit Card,Partner Portal,Pending
TXN000334,,2026-01-12,South,Electronics,10716.15,5,Cash,Partner Portal,Completed
TXN004059,CUST16093,2026-04-06,West,Sports,68675.04,7,Net Banking,Partner Portal,Completed
TXN000229,,2025-07-16,Invalid,Clothing,17028.8,4,UPI,E-Commerce,Refunded
TXN003560,CUST19592,2026-03-11,West,Home & Kitchen,12575.28,2,Cash,POS,Cancelled
TXN001659,CUST17872,2025-11-23,East,Grocery,43487.04,8,UPI,Mobile App,Cancelled
TXN000658,CUST10613,2025-06-29,South,Electronics,11351.62,2,Net Banking,Partner Portal,Completed
TXN004064,CUST14089,2025-04-13,East,Electronics,12873.54,6,Cash,CRM,Cancelled
TXN000030,,2025-07-14,Central,Beauty,16718.7,5,Cash,CRM,Cancelled
TXN002987,CUST11360,2026-01-16,West,Clothing,107326.64,8,Debit Card,Mobile App,Refunded
TXN001127,CUST13903,2025-06-25,East,Electronics,3118.52,4,Debit Card,POS,Pending
TXN003790,CUST13783,2026-02-25,North,Electronics,3689.49,7,Credit Card,Partner Portal,Refunded
TXN002528,,2025-11-26,Central,Clothing,99101.8,7,UPI,Partner Portal,Cancelled
TXN001741,CUST12081,2026-07-21,Central,Home & Kitchen,4554.14,2,Credit Card,Mobile App,Completed
TXN001502,,2026-08-31,West,Beauty,114283.84,8,,E-Commerce,Cancelled
TXN004216,CUST10935,2025-09-20,East,Home & Kitchen,11345.96,1,Cash,CRM,Refunded
TXN002124,CUST16210,2025-12-02,West,Electronics,54194.76,6,Credit Card,CRM,Cancelled
TXN001478,CUST12792,2026-01-08,East,Beauty,50448.44,7,Debit Card,Partner Portal,Cancelled
TXN003159,CUST14876,2026-02-22,North,Sports,81786.88,8,Debit Card,E-Commerce,Refunded
TXN004097,CUST14850,2025-11-04,East,Home & Kitchen,5847.04,1,UPI,Partner Portal,Pending
TXN000916,,2025-02-15,Central,Grocery,50886.71,7,UPI,Mobile App,Refunded
TXN000152,CUST13461,2025-01-08,South,Clothing,18364.6,4,UPI,POS,Completed
TXN003045,CUST18694,2025-04-23,North,Sports,41921.68,8,Credit Card,E-Commerce,Completed
TXN002816,CUST12110,2025-03-07,South,Grocery,40932.0,3,Cash,Partner Portal,Refunded
TXN004395,CUST11851,2026-02-15,West,Grocery,61060.0,8,Cash,Mobile App,Pending
TXN000241,CUST11563,2026-06-12,South,Home & Kitchen,8354.34,6,Net Banking,POS,Pending
TXN002228,CUST10107,2025-08-14,East,Beauty,27847.11,3,UPI,Mobile App,Cancelled
TXN002460,CUST18727,2025-01-11,South,Sports,57528.16,4,Net Banking,POS,Pending
TXN004652,CUST15258,2026-03-03,East,Sports,7789.12,4,Net Banking,Mobile App,Completed
TXN001947,CUST17424,2026-08-11,East,Sports,42092.79,3,Debit Card,Mobile App,Refunded
TXN004729,CUST10895,2026-06-23,South,Clothing,22176.42,6,UPI,Mobile App,Completed
TXN004657,CUST13378,2025-11-09,East,Clothing,20569.32,3,Cash,Mobile App,Pending
TXN003249,CUST10784,2025-04-01,West,Home & Kitchen,85916.48,8,Credit Card,Mobile App,Cancelled
TXN000169,,2025-12-03,North,Beauty,30254.19,3,Net Banking,Partner Portal,Cancelled
TXN002634,,2025-09-15,North,Sports,11431.0,7,Net Banking,CRM,Refunded
TXN001972,CUST12692,2025-01-11,North,Electronics,51032.92,4,Cash,E-Commerce,Completed
TXN000684,CUST12360,2025-01-12,West,Beauty,19522.0,2,Net Banking,E-Commerce,Completed
TXN000627,CUST16695,2025-06-17,North,Clothing,13885.88,4,Net Banking,E-Commerce,Pending
TXN000656,,2026-08-08,East,Beauty,20243.65,7,UPI,CRM,Cancelled
TXN000766,CUST18822,2025-10-12,West,Beauty,1743.88,4,Credit Card,Partner Portal,Refunded
TXN004396,,2026-09-05,East,Home & Kitchen,2774.82,1,Cash,Mobile App,Cancelled
TXN002699,CUST16176,2026-04-28,East,Beauty,5856.83,1,Debit Card,CRM,Cancelled
TXN001273,CUST14761,2025-04-20,Central,Grocery,53733.96,6,UPI,CRM,Completed
TXN004477,CUST19066,2025-03-31,Central,Electronics,28485.04,4,Debit Card,CRM,Completed
TXN001520,CUST19671,2025-07-23,North,Electronics,46350.64,4,Debit Card,Partner Portal,Completed
TXN002842,CUST18207,2026-06-20,Central,Beauty,9305.55,3,Debit Card,Partner Portal,Cancelled
TXN004211,CUST16699,2025-01-24,West,Electronics,41620.4,5,Cash,Mobile App,Cancelled
TXN001091,CUST11386,2025-04-06,East,Sports,26016.66,3,Net Banking,CRM,Refunded
TXN003495,CUST19955,2025-09-19,Central,Home & Kitchen,87938.64,6,Net Banking,Mobile App,Completed
TXN003787,CUST14418,2025-12-16,West,Clothing,64009.38,6,UPI,E-Commerce,Refunded
TXN003322,,2025-11-15,Central,Sports,18419.04,2,Net Banking,E-Commerce,Completed
TXN001859,CUST16628,2025-07-17,Central,Grocery,26147.95,5,Cash,POS,Cancelled
TXN003128,CUST13031,2025-11-04,Central,Electronics,2670.48,6,UPI,E-Commerce,Cancelled
TXN002293,CUST12523,2025-04-19,East,Sports,19404.85,5,Cash,E-Commerce,Pending
TXN001589,CUST18670,2025-06-22,North,Electronics,14457.64,1,UPI,Mobile App,Cancelled
TXN002268,CUST12978,2026-02-11,North,Home & Kitchen,63395.85,5,Credit Card,Mobile App,Cancelled
TXN004809,CUST15396,2025-02-05,East,Home & Kitchen,1032.35,5,Cash,CRM,Cancelled
TXN004510,CUST13002,2025-09-24,South,Clothing,23565.4,4,Cash,CRM,Refunded
TXN001845,CUST19743,2025-03-29,Central,Sports,37983.09,3,Credit Card,Partner Portal,Pending
TXN004716,CUST15977,2025-10-01,South,Clothing,27406.64,8,Credit Card,POS,Pending
TXN001201,CUST16413,2025-06-24,South,Sports,25922.96,7,Net Banking,CRM,Refunded
TXN001648,CUST11236,2025-06-07,North,Beauty,46821.04,4,Credit Card,POS,Completed
TXN001324,CUST10631,2025-05-31,South,Beauty,3566.82,1,Cash,Mobile App,Cancelled
TXN001537,CUST10559,2025-07-22,South,Home & Kitchen,940.17,3,Net Banking,POS,Completed
TXN003152,CUST19728,2026-09-26,Central,Home & Kitchen,7305.87,3,Net Banking,Partner Portal,Completed
TXN003986,CUST17656,2025-07-26,East,Beauty,69377.15,5,Net Banking,POS,Refunded
TXN001184,CUST12886,2025-01-24,North,Home & Kitchen,28845.18,7,,POS,Refunded
TXN001670,CUST17325,2026-08-02,East,Grocery,8324.48,8,Debit Card,E-Commerce,Cancelled
TXN004247,CUST11790,2025-06-27,West,Beauty,87236.24,8,UPI,E-Commerce,Refunded
TXN004874,CUST17826,2025-05-20,East,Home & Kitchen,1307.68,2,Net Banking,Partner Portal,Refunded
TXN003816,CUST19594,2025-06-19,Invalid,Sports,51084.32,7,Net Banking,Mobile App,Refunded
TXN004459,CUST15719,2025-12-20,Central,Beauty,5035.95,5,Debit Card,POS,Refunded
TXN000228,,2025-11-18,East,Sports,20846.97,3,UPI,POS,Refunded
TXN000953,CUST14832,2025-04-15,West,Grocery,8432.94,1,Credit Card,Partner Portal,Refunded
TXN003785,CUST16246,2025-03-12,North,Electronics,12539.32,2,UPI,Mobile App,Completed
TXN001216,CUST19627,2026-02-07,East,Home & Kitchen,17592.72,2,Debit Card,Mobile App,Refunded
TXN003960,CUST10452,2026-02-20,North,Electronics,11026.92,2,Credit Card,CRM,Pending
TXN004483,CUST11145,2025-07-13,East,Beauty,6332.1,2,Cash,POS,Cancelled
TXN000625,CUST13784,2026-09-13,North,Clothing,35943.08,4,Credit Card,Mobile App,Pending
TXN004039,CUST19488,2025-06-12,West,Sports,18847.26,2,Debit Card,E-Commerce,Refunded
TXN000764,,2026-05-06,North,Clothing,2177.41,1,Credit Card,Mobile App,Pending
TXN000654,CUST15170,2026-06-18,Central,Sports,42588.25,5,Credit Card,E-Commerce,Cancelled
TXN000806,CUST12690,2026-07-25,West,Grocery,66410.15,5,Debit Card,POS,Refunded
TXN004756,CUST11043,2026-08-18,Central,Clothing,8787.72,1,Net Banking,Mobile App,Pending
TXN000249,CUST15050,2026-04-13,North,Grocery,8426.08,1,UPI,CRM,Pending
TXN004175,CUST11578,2026-09-20,Central,Grocery,10660.36,2,Debit Card,POS,Completed
TXN004127,CUST19448,2026-09-19,North,Grocery,15182.4,5,Cash,Mobile App,Refunded
TXN000808,CUST16413,2026-05-03,East,Grocery,22948.83,3,Cash,Mobile App,Cancelled
TXN000417,CUST10121,2026-06-18,Central,Beauty,61662.02,7,UPI,Partner Portal,Cancelled
TXN001021,CUST13154,2025-03-08,North,Beauty,9142.24,8,Debit Card,E-Commerce,Pending
TXN003884,CUST13343,2025-11-15,South,Sports,27005.82,3,UPI,CRM,Refunded
TXN001967,CUST10954,2026-09-06,West,Home & Kitchen,29610.0,5,Net Banking,Mobile App,Pending
TXN003194,CUST13635,2025-07-13,South,Grocery,5436.9,3,Credit Card,E-Commerce,Completed
TXN001790,CUST10871,2025-05-30,East,Grocery,9003.46,2,Net Banking,Mobile App,Completed
TXN002305,CUST11472,2025-04-09,South,Clothing,32884.71,3,Credit Card,E-Commerce,Pending
TXN000486,CUST11739,2025-03-16,East,Beauty,83567.46,6,UPI,Partner Portal,Completed
TXN000832,CUST10896,2026-09-13,South,Clothing,12637.95,1,Cash,Mobile App,Cancelled
TXN003283,CUST13968,2026-08-12,North,Sports,89551.92,8,Credit Card,E-Commerce,Completed
TXN004930,CUST12512,2026-06-28,West,Grocery,33795.0,5,Cash,CRM,Refunded
TXN002378,,2026-06-28,North,Grocery,24035.64,6,UPI,POS,Pending
TXN002993,CUST15424,2025-05-10,East,Home & Kitchen,8740.5,5,Net Banking,Partner Portal,Completed
TXN001651,CUST18673,2025-03-23,South,Grocery,34118.21,7,Debit Card,Mobile App,Pending
TXN003465,CUST17427,2025-02-26,West,Electronics,32054.05,7,UPI,POS,Pending
TXN003809,CUST18549,2025-03-08,Central,Clothing,115206.48,8,Credit Card,CRM,Refunded
TXN000081,CUST13778,2026-04-10,North,Beauty,23343.4,5,,POS,Completed
TXN003332,CUST15719,2025-04-20,West,Grocery,32063.7,3,Debit Card,Partner Portal,Cancelled
TXN001546,CUST12492,2026-09-26,Central,Sports,50657.04,4,Net Banking,E-Commerce,Cancelled
TXN002693,CUST15046,2026-04-14,Central,Clothing,8055.01,1,Debit Card,Mobile App,Cancelled
TXN003340,CUST17290,2026-08-08,West,Clothing,33235.92,8,Net Banking,POS,Completed
TXN004181,CUST15246,2025-11-11,South,Electronics,89213.44,8,Credit Card,E-Commerce,Refunded
TXN001211,CUST15617,2025-07-02,East,Grocery,1846.39,1,Cash,Partner Portal,Completed
TXN001050,CUST18859,2026-04-02,South,Home & Kitchen,14568.62,2,Debit Card,E-Commerce,Completed
TXN002684,CUST14608,2026-02-25,North,Sports,109418.0,8,Credit Card,Partner Portal,Refunded
TXN003967,CUST12842,2025-07-05,North,Clothing,32569.11,7,Cash,Mobile App,Refunded
TXN002500,CUST11818,2026-02-22,Central,Home & Kitchen,29964.04,2,Cash,CRM,Refunded
TXN004535,CUST16706,2026-04-15,West,Electronics,100171.76,8,Debit Card,Partner Portal,Refunded
TXN004794,CUST10202,2025-01-30,East,Clothing,4922.94,1,UPI,CRM,Refunded
TXN004243,CUST10963,2025-02-28,South,Beauty,8249.08,4,Cash,POS,Invalid
TXN000089,CUST13405,2026-09-17,South,Clothing,28438.18,2,Credit Card,E-Commerce,Pending
TXN003514,CUST17068,2025-12-11,North,Beauty,12501.96,2,Cash,CRM,Pending
TXN004625,CUST14120,2025-03-15,North,Electronics,15685.04,8,Debit Card,POS,Cancelled
TXN000009,CUST19126,2025-06-17,South,Beauty,46031.12,8,UPI,CRM,Pending
TXN003699,CUST17011,2026-03-10,Central,Sports,103821.28,8,Cash,Partner Portal,Refunded
TXN003216,CUST12200,2026-04-24,East,Clothing,4866.79,1,Credit Card,Partner Portal,Completed
TXN004843,,2025-02-07,East,Clothing,13350.5,5,Net Banking,CRM,Refunded
TXN002991,CUST10150,2025-07-04,Central,Clothing,72362.04,6,Debit Card,E-Commerce,Pending
TXN001375,CUST13803,2026-08-15,West,Clothing,6020.49,1,Net Banking,Partner Portal,Completed
TXN003811,CUST11339,2025-09-18,North,Sports,75020.4,7,Cash,E-Commerce,Completed
TXN002101,CUST14066,2025-02-15,South,Grocery,108030.8,8,UPI,Partner Portal,Pending
TXN000145,CUST17031,2025-04-28,Central,Sports,43270.45,5,Cash,Partner Portal,Completed
TXN000811,CUST19709,2025-09-11,North,Beauty,39025.72,4,Credit Card,POS,Completed
TXN002766,CUST16362,2026-07-23,Central,Grocery,-1507.76,8,Credit Card,POS,Completed
TXN000843,CUST12788,2025-06-02,Central,Electronics,28749.38,2,Credit Card,Partner Portal,Refunded
TXN002306,CUST19283,2026-03-17,West,Grocery,48965.63,7,Credit Card,Partner Portal,Refunded
TXN002544,CUST12674,2026-05-18,East,Electronics,56475.3,7,Debit Card,Mobile App,Pending
TXN003831,CUST19142,2025-05-06,South,Grocery,15614.13,3,Cash,Partner Portal,Completed
TXN000466,CUST19549,2025-04-29,Central,Beauty,50867.88,6,Net Banking,Partner Portal,Cancelled
TXN001449,CUST15319,2025-04-10,South,Electronics,13799.56,4,Cash,POS,Refunded
TXN002781,CUST11112,2026-01-19,West,Home & Kitchen,40981.36,4,Credit Card,Mobile App,Refunded
TXN003805,CUST14726,2026-07-27,South,Beauty,7194.75,5,Debit Card,POS,Cancelled
TXN004276,CUST17316,2026-08-01,East,Sports,48241.14,6,Credit Card,CRM,Completed
TXN004316,,2025-04-02,West,Sports,19959.44,4,Net Banking,E-Commerce,Pending
TXN004697,CUST11231,2026-03-05,South,Clothing,13356.65,1,Net Banking,Mobile App,Refunded
TXN000101,CUST15092,2026-09-16,Central,Electronics,42703.04,4,Cash,Mobile App,Completed
TXN002896,CUST14442,2025-03-07,East,Beauty,49971.92,4,UPI,Partner Portal,Refunded
TXN002893,CUST16249,2026-08-05,Central,Beauty,66314.76,6,UPI,POS,Pending
TXN003411,CUST10187,2026-01-25,West,Grocery,66902.88,6,Cash,Partner Portal,Pending
TXN002599,CUST15150,2026-03-16,South,Beauty,58350.1,5,UPI,Mobile App,Refunded
TXN000411,CUST17606,2026-01-05,Central,Grocery,16729.04,4,Credit Card,CRM,Pending
TXN000735,CUST11205,2025-07-24,West,Sports,93669.38,7,Net Banking,CRM,Refunded
TXN001472,CUST11214,2025-04-10,West,Beauty,57997.98,6,Net Banking,E-Commerce,Cancelled
TXN003012,CUST15646,2026-03-07,South,Beauty,36160.04,7,Net Banking,Mobile App,Completed
TXN004561,CUST14699,2026-07-18,East,Beauty,32211.68,4,Debit Card,CRM,Completed
TXN002187,CUST17955,2025-10-14,Central,Beauty,970.32,1,Cash,E-Commerce,Pending
TXN002743,CUST17708,2025-03-09,West,Clothing,10408.24,1,Credit Card,Partner Portal,Completed
TXN001104,,2026-02-09,South,Beauty,78291.29,7,Debit Card,Mobile App,Cancelled
TXN004185,CUST10307,2026-06-30,South,Beauty,15381.06,2,Net Banking,POS,Cancelled
TXN004274,CUST14273,2025-04-19,South,Clothing,105307.6,8,Cash,E-Commerce,Cancelled
TXN003405,CUST17190,2026-07-01,South,Electronics,8841.07,1,Cash,CRM,Cancelled
TXN002347,CUST15692,2025-05-26,East,Home & Kitchen,73472.96,8,,E-Commerce,Cancelled
TXN004802,CUST16305,2025-08-13,West,Electronics,52111.32,4,Cash,Mobile App,Refunded
TXN003705,CUST11146,2026-03-09,East,Grocery,36996.84,6,Cash,Mobile App,Pending
TXN001492,CUST18349,2026-05-15,West,Grocery,4856.19,1,Debit Card,E-Commerce,Completed
TXN001323,CUST14525,2025-03-07,East,Grocery,22232.64,8,Debit Card,E-Commerce,Pending
TXN003138,CUST14217,2026-03-10,North,Home & Kitchen,34318.95,3,Net Banking,CRM,Cancelled
TXN002421,CUST12066,2025-11-05,North,Clothing,5729.66,1,UPI,Partner Portal,Refunded
TXN003470,CUST13247,2026-07-26,South,Sports,20328.68,4,Credit Card,E-Commerce,Pending
TXN004325,CUST16402,2025-07-07,East,Grocery,1893.6,3,Net Banking,E-Commerce,Pending
TXN004326,CUST15781,2026-09-09,North,Sports,59130.52,4,,POS,Pending
TXN002578,CUST13611,2025-10-23,North,Electronics,38002.5,5,UPI,CRM,Refunded
TXN001906,CUST17657,2026-04-26,North,Electronics,7656.44,1,Cash,CRM,Completed
TXN004631,CUST12241,2026-01-09,West,Sports,12184.18,2,UPI,Mobile App,Refunded
TXN000298,CUST17852,2025-03-17,Central,Grocery,118891.52,8,Cash,Partner Portal,Refunded
TXN000882,CUST16835,2026-07-21,West,Electronics,8181.9,2,Net Banking,Partner Portal,Cancelled
TXN002875,CUST11454,2025-02-08,East,Sports,25552.59,3,UPI,POS,Pending
TXN001376,CUST11371,2025-11-15,North,Sports,13453.14,6,Debit Card,E-Commerce,Refunded
TXN000600,CUST19441,2025-06-27,North,Sports,99224.08,8,UPI,CRM,Refunded
TXN002094,CUST15834,2025-06-14,Central,Sports,13648.48,2,,Partner Portal,Refunded
TXN000231,CUST12400,2026-02-09,East,Electronics,85942.02,6,UPI,CRM,Cancelled
TXN001455,CUST14652,2026-03-02,Central,Beauty,11295.69,1,Net Banking,E-Commerce,Refunded
TXN001871,CUST10281,2025-08-14,South,Beauty,108652.96,8,Net Banking,Mobile App,Pending
TXN002771,CUST16008,2026-01-15,South,Electronics,83776.8,8,Cash,E-Commerce,Refunded
TXN004029,CUST11729,2026-04-18,West,Grocery,69190.7,5,Debit Card,E-Commerce,Cancelled
TXN001624,CUST15783,2026-02-16,South,Grocery,37854.06,3,Net Banking,Mobile App,Refunded
TXN001053,CUST16177,2025-08-18,West,Beauty,19390.8,2,Cash,Mobile App,Pending
TXN004985,CUST17092,2025-03-14,East,Grocery,31401.36,8,Net Banking,Mobile App,Pending
TXN004797,CUST14047,2025-05-18,North,Grocery,36760.04,4,UPI,E-Commerce,Pending
TXN001221,CUST15220,2025-05-29,North,Beauty,11533.92,6,UPI,E-Commerce,Refunded
TXN000829,CUST12870,2026-03-10,South,Clothing,8998.96,4,Net Banking,Mobile App,Cancelled
TXN004448,CUST17794,2025-05-20,South,Grocery,29723.1,5,Debit Card,E-Commerce,Refunded
TXN002146,CUST19095,2025-06-23,Central,Grocery,2955.26,1,Debit Card,CRM,Refunded
TXN002285,CUST12471,2025-08-07,West,Home & Kitchen,9242.16,4,Cash,E-Commerce,Pending
TXN000732,CUST10860,2026-09-24,Central,Home & Kitchen,5963.44,8,Debit Card,CRM,Refunded
TXN002550,CUST11810,2026-03-06,South,Electronics,57823.43,7,UPI,Mobile App,Cancelled
TXN000878,CUST17296,2025-06-20,West,Grocery,33323.52,3,Credit Card,Mobile App,Pending
TXN002918,CUST18389,2025-01-06,West,Grocery,12087.78,3,Debit Card,POS,Pending
TXN001613,CUST12339,2026-09-23,West,Sports,39766.92,6,Credit Card,Partner Portal,Pending
TXN004899,CUST11603,2026-06-24,North,Grocery,50653.12,7,Net Banking,POS,Refunded
TXN004055,CUST12235,2026-08-14,East,Grocery,11161.8,3,Cash,Mobile App,Pending
TXN002092,CUST17282,2025-05-31,North,Beauty,2688.32,2,Cash,Partner Portal,Cancelled
TXN003065,CUST16389,2025-05-12,South,Electronics,78574.8,8,Cash,CRM,Completed
TXN001306,CUST18786,2026-08-26,Central,Electronics,3484.18,1,Credit Card,E-Commerce,Completed
TXN002922,CUST18371,2026-01-14,North,Sports,52391.32,4,Net Banking,Mobile App,Cancelled
TXN004649,CUST18750,2025-06-20,Central,Clothing,91170.24,8,Debit Card,POS,Completed
TXN002128,CUST15570,2026-01-08,Central,Electronics,90946.96,8,Cash,Mobile App,Cancelled
TXN003911,CUST13328,2025-06-01,East,Home & Kitchen,13858.7,5,UPI,Mobile App,Completed
TXN002388,CUST10761,2025-04-09,East,Home & Kitchen,4894.31,1,UPI,E-Commerce,Pending
TXN001075,CUST10002,2026-07-12,South,Clothing,19210.38,3,Credit Card,Partner Portal,Cancelled
TXN003774,,2025-09-07,Central,Grocery,40738.4,8,Debit Card,E-Commerce,Cancelled
TXN001294,CUST19154,2026-05-28,South,Electronics,32469.78,6,Net Banking,Mobile App,Refunded
TXN004295,CUST14491,2025-10-25,South,Grocery,37466.64,8,Cash,POS,Pending
TXN000150,CUST13532,2026-09-14,Central,Electronics,50170.72,8,UPI,Mobile App,Completed
TXN000472,CUST11221,2025-07-18,South,Home & Kitchen,33936.7,5,Cash,CRM,Refunded
TXN002655,CUST14025,2025-02-21,East,Home & Kitchen,17332.64,2,Cash,Partner Portal,Pending
TXN002340,CUST17984,2025-06-06,West,Clothing,19469.66,2,Credit Card,Mobile App,Cancelled
TXN003399,CUST16426,2026-01-27,East,Sports,5016.4,1,Debit Card,Partner Portal,Cancelled
TXN001198,CUST17602,2025-05-08,West,Beauty,87104.88,6,Net Banking,CRM,Cancelled
TXN004821,CUST18661,2025-01-27,West,Home & Kitchen,72649.62,6,Debit Card,POS,Refunded
TXN003740,CUST17070,2025-11-23,Central,Clothing,38854.41,7,Net Banking,Partner Portal,Cancelled
TXN002026,CUST16806,2025-01-09,East,Grocery,15683.8,2,Debit Card,E-Commerce,Refunded
TXN000013,CUST12505,2025-04-04,South,Beauty,12930.43,1,Net Banking,Partner Portal,Completed
TXN000094,CUST17079,2026-03-25,East,Sports,18021.5,2,UPI,CRM,Completed
TXN003358,CUST18010,2026-04-17,Central,Grocery,43309.5,5,Cash,E-Commerce,Cancelled
TXN002715,CUST17203,2025-09-19,East,Clothing,21057.38,2,Credit Card,E-Commerce,Refunded
TXN003208,CUST12230,2026-04-09,North,Grocery,7225.46,1,Debit Card,POS,Completed
TXN003808,CUST17477,2026-03-01,West,Electronics,34425.12,6,Credit Card,POS,Pending
TXN001413,CUST15958,2025-04-05,East,Beauty,43134.24,8,Cash,Mobile App,Pending
TXN003083,CUST10814,2025-05-25,North,Clothing,8236.95,1,Net Banking,CRM,Cancelled
TXN002407,CUST15626,2025-10-23,South,Grocery,62663.28,8,Cash,Partner Portal,Completed
TXN000682,CUST17131,2025-11-22,Central,Home & Kitchen,43049.23,7,Debit Card,Mobile App,Pending
TXN002012,CUST19914,2026-08-29,South,Grocery,67729.12,8,Credit Card,POS,Cancelled
TXN001019,CUST15428,2025-10-23,East,Home & Kitchen,3512.25,1,Debit Card,Partner Portal,Completed
TXN001861,CUST12101,2026-08-28,Central,Home & Kitchen,44908.44,4,Cash,CRM,Pending
TXN002472,CUST14909,2025-11-28,West,Clothing,20351.84,4,Credit Card,POS,Completed
TXN000531,CUST14531,2026-07-27,South,Sports,31664.28,6,Debit Card,Mobile App,Refunded
TXN001174,CUST11166,2025-10-14,South,Beauty,32191.14,6,Net Banking,POS,Refunded
TXN002173,CUST10253,2025-06-13,Central,Home & Kitchen,64003.17,7,Cash,Mobile App,Completed
TXN003423,CUST15096,2025-09-20,South,Sports,16486.32,3,Credit Card,POS,Pending
TXN003494,CUST18527,2025-02-20,Central,Sports,63661.78,7,Cash,POS,Completed
TXN003163,CUST19015,2026-01-06,South,Beauty,10759.24,4,Credit Card,Mobile App,Completed
TXN004682,CUST19777,2025-06-27,South,Grocery,50781.66,6,Debit Card,POS,Refunded
TXN000487,,2025-10-16,West,Home & Kitchen,46264.48,8,Cash,E-Commerce,Pending
TXN004431,CUST11328,2026-05-05,Central,Sports,12919.2,5,UPI,E-Commerce,Cancelled
TXN003991,CUST13217,2026-08-03,South,Electronics,24900.4,8,Net Banking,CRM,Cancelled
TXN002222,CUST12576,2026-04-15,East,Clothing,79838.99,7,Credit Card,E-Commerce,Pending
TXN003741,CUST15624,2025-12-28,Central,Sports,41402.72,8,UPI,POS,Completed
TXN002348,CUST12836,2026-01-15,South,Beauty,3740.6,4,Cash,Partner Portal,Cancelled
TXN003476,CUST10858,2025-02-25,East,Home & Kitchen,47736.7,5,Debit Card,POS,Cancelled
TXN000430,CUST10231,2026-07-01,East,Sports,43947.28,4,Debit Card,CRM,Completed
TXN003542,CUST16933,2026-03-29,North,Electronics,17297.28,2,UPI,Partner Portal,Completed
TXN004284,CUST11186,2026-02-03,South,Home & Kitchen,118834.8,8,Credit Card,CRM,Cancelled
TXN000545,CUST18172,2026-04-28,West,Home & Kitchen,33313.62,6,Net Banking,POS,Cancelled
TXN002118,CUST18822,2026-07-14,Central,Home & Kitchen,64997.66,7,Cash,Mobile App,Refunded
TXN000133,CUST12859,2025-05-29,North,Beauty,24447.63,3,Credit Card,E-Commerce,Completed
TXN001894,CUST16153,2025-01-21,Central,Grocery,24586.64,4,Credit Card,Partner Portal,Completed
TXN004908,CUST10081,2026-07-10,South,Clothing,43117.38,6,Credit Card,CRM,Completed
TXN003746,CUST14848,2026-01-19,East,Home & Kitchen,36011.2,8,Credit Card,E-Commerce,Completed
TXN001898,CUST13364,2025-07-02,South,Home & Kitchen,6473.04,1,Credit Card,Partner Portal,Pending
TXN003097,CUST12053,2026-05-06,Central,Sports,91413.14,7,Debit Card,Mobile App,Pending
TXN002965,CUST12184,2026-04-12,East,Grocery,17720.31,3,UPI,CRM,Cancelled
TXN004764,CUST12109,2025-08-11,West,Sports,6521.92,2,Cash,E-Commerce,ERROR
TXN001261,CUST14829,2025-11-07,North,Grocery,35160.56,8,Credit Card,E-Commerce,Cancelled
TXN000288,CUST11469,2026-04-05,East,Sports,11473.42,7,Credit Card,Partner Portal,Cancelled
TXN002171,CUST10247,2026-09-26,East,Sports,5801.36,8,Debit Card,Mobile App,Refunded
TXN003222,CUST16958,2025-06-02,South,Sports,663.95,5,Debit Card,POS,Refunded
TXN001808,CUST13853,2026-02-10,East,Home & Kitchen,24556.92,4,,E-Commerce,Cancelled
TXN001182,CUST17700,2026-04-11,South,Beauty,8221.71,1,Debit Card,POS,Completed
TXN002381,CUST13567,2026-09-03,East,Beauty,76236.23,7,Debit Card,CRM,Pending
TXN001966,CUST14585,2025-02-21,East,Electronics,20313.66,6,Net Banking,Mobile App,Refunded
TXN002147,CUST10996,2025-12-29,North,Sports,9860.32,1,Net Banking,E-Commerce,Completed
TXN003685,CUST10761,2025-04-01,East,Sports,36700.48,8,UPI,Partner Portal,Refunded
TXN002686,CUST13349,2026-04-28,East,Beauty,34529.4,4,Debit Card,Partner Portal,Refunded
TXN004463,CUST19709,2026-07-19,North,Electronics,31738.5,5,Net Banking,POS,Pending
TXN003008,CUST15639,2025-08-21,South,Home & Kitchen,4356.25,1,Debit Card,CRM,Refunded
TXN000747,CUST18888,2025-10-31,Central,Home & Kitchen,79226.21,7,Credit Card,Partner Portal,Cancelled
TXN003758,CUST16753,2026-07-24,East,Clothing,17436.2,2,Debit Card,E-Commerce,Completed
TXN003590,CUST12625,2025-09-17,West,Sports,13218.24,2,Net Banking,E-Commerce,Refunded
TXN001345,CUST12924,2025-10-20,South,Electronics,34935.66,6,Debit Card,Mobile App,Cancelled
TXN004747,CUST12988,2026-04-27,Central,Electronics,9741.44,8,Net Banking,CRM,Completed
TXN002053,CUST17069,2025-02-07,West,Clothing,43105.35,5,Debit Card,Partner Portal,Completed
TXN000110,CUST16513,2025-09-29,North,Clothing,56319.42,6,Cash,Mobile App,Cancelled
TXN001673,CUST10318,2025-09-13,East,Sports,67945.12,8,Credit Card,Mobile App,Pending
TXN003193,CUST10213,2025-02-18,West,Electronics,22955.58,2,Net Banking,Mobile App,Cancelled
TXN001768,CUST19938,2026-05-27,South,Clothing,88126.22,7,Debit Card,CRM,Refunded
TXN001213,CUST13555,2025-08-10,North,Clothing,10862.1,6,Debit Card,E-Commerce,Completed
TXN004386,CUST18677,2025-06-28,South,Clothing,63820.25,5,Debit Card,Partner Portal,Refunded
TXN001739,CUST10146,2025-04-26,East,Home & Kitchen,44125.2,5,UPI,E-Commerce,Refunded
TXN000752,CUST16032,2026-04-27,North,Home & Kitchen,34172.4,5,Net Banking,CRM,Completed
TXN000427,CUST12898,2026-05-15,East,Beauty,57014.34,6,Credit Card,CRM,Refunded
TXN003413,CUST16138,2026-03-28,West,Electronics,53132.72,8,Debit Card,Partner Portal,Refunded
TXN002592,CUST16463,2025-06-15,Central,Grocery,15155.19,3,Debit Card,Mobile App,Pending
TXN000671,CUST17557,2026-05-02,South,Clothing,10672.94,2,UPI,Partner Portal,Pending
TXN001756,,2025-09-18,Central,Clothing,55007.44,8,Cash,Partner Portal,Refunded
TXN001515,CUST13283,2026-06-30,Central,Clothing,78710.64,8,Cash,E-Commerce,Pending
TXN000995,CUST14045,2025-03-07,Central,Clothing,63785.68,7,Cash,Mobile App,Refunded
TXN003383,CUST13644,2026-05-29,North,Home & Kitchen,85592.08,7,Debit Card,Mobile App,Cancelled
TXN004309,CUST17848,2025-10-10,South,Clothing,1019.38,1,Net Banking,Mobile App,Pending
TXN003739,CUST17371,2026-04-15,West,Home & Kitchen,2026.58,1,Cash,Mobile App,Completed
TXN002570,CUST18963,2025-01-08,North,Beauty,35982.63,3,Cash,POS,Cancelled
TXN004840,CUST12651,2026-02-17,Central,Clothing,47843.76,8,Net Banking,Partner Portal,Cancelled
TXN003686,CUST19638,2026-06-13,Central,Electronics,8395.96,2,Cash,CRM,Pending
TXN003506,CUST13516,2025-11-14,North,Home & Kitchen,10858.47,7,UPI,E-Commerce,Pending
TXN004746,CUST19672,2025-03-13,West,Sports,4563.39,1,Credit Card,POS,Completed
TXN004512,CUST11769,2025-04-24,Invalid,Electronics,47342.0,8,Cash,Partner Portal,Refunded
TXN002318,CUST19265,2026-04-21,East,Home & Kitchen,10226.08,8,Cash,Mobile App,Pending
TXN000585,CUST15277,2026-09-20,North,Electronics,24533.7,5,Cash,CRM,Completed
TXN002956,CUST17024,2026-05-18,South,Sports,31423.0,7,Credit Card,E-Commerce,Completed
TXN003297,CUST12111,2025-10-01,East,Home & Kitchen,55642.2,6,Cash,Mobile App,Completed
TXN001085,,2025-04-08,Central,Clothing,63220.74,6,Cash,CRM,Completed
TXN002747,CUST16430,2026-04-08,East,Home & Kitchen,20708.0,5,Cash,CRM,Refunded
TXN001558,CUST17994,2025-09-30,Central,Sports,29919.62,2,Cash,Mobile App,Refunded
TXN004953,CUST17171,2025-07-22,South,Sports,76843.6,8,Credit Card,CRM,Pending
TXN001210,CUST15138,2025-08-04,West,Home & Kitchen,39839.03,7,Debit Card,POS,Completed
TXN001535,CUST14934,2025-08-20,East,Beauty,14254.7,5,Net Banking,Partner Portal,Cancelled
TXN000415,CUST12838,2025-01-10,Central,Electronics,109452.64,8,Debit Card,POS,Cancelled
TXN001766,CUST17251,2025-03-25,South,Beauty,75005.91,7,Net Banking,Partner Portal,Refunded
TXN003001,CUST17780,2026-02-20,North,Grocery,63710.08,7,,E-Commerce,Cancelled
TXN004132,CUST15025,2026-04-05,N/A,Beauty,19386.24,6,Credit Card,CRM,Completed
TXN004761,CUST11003,2026-03-28,East,Clothing,56682.56,8,UPI,Partner Portal,Completed
TXN001469,CUST10980,2026-03-26,East,Grocery,99468.24,8,Credit Card,POS,Refunded
TXN000438,CUST12248,2025-04-14,West,Electronics,46898.45,5,Cash,Partner Portal,Completed
TXN000506,CUST17899,2025-12-28,Central,Electronics,44125.44,6,Cash,E-Commerce,Refunded
TXN000492,CUST13235,2025-10-25,Central,Grocery,7670.5,2,UPI,POS,Pending
TXN000291,CUST17934,2026-03-22,North,Clothing,31872.1,5,UPI,E-Commerce,Refunded
TXN001996,CUST14413,2027-08-23,North,Beauty,22373.4,4,UPI,Mobile App,Refunded
TXN004279,CUST11795,2025-06-13,West,Beauty,43336.85,5,UPI,POS,Pending
TXN000253,CUST13649,2026-07-05,North,Electronics,55858.25,7,UPI,Mobile App,Refunded
TXN002143,CUST17655,2025-11-09,East,Beauty,26097.48,6,Debit Card,E-Commerce,Completed
TXN004808,CUST15173,2026-08-22,Central,Electronics,20419.2,8,Cash,Partner Portal,Refunded
TXN000351,CUST14068,2026-07-21,West,Beauty,24116.96,7,UPI,POS,Completed
TXN001500,CUST10388,2025-09-20,East,Grocery,62525.1,5,Net Banking,POS,Pending
TXN000347,CUST11935,2025-05-10,North,Clothing,55103.7,5,Net Banking,POS,Completed
TXN002992,CUST18394,2025-09-14,North,Electronics,9802.86,3,UPI,CRM,Refunded
TXN001615,CUST10925,2026-04-19,West,Grocery,54133.16,4,Debit Card,POS,Completed
TXN000458,CUST18068,2025-04-19,South,Beauty,13463.47,1,Net Banking,CRM,Cancelled
TXN004792,CUST11334,2026-01-28,Central,Sports,23606.4,2,Cash,Mobile App,Cancelled
TXN000091,CUST14633,2025-02-03,West,Electronics,17571.04,4,Debit Card,POS,Pending
TXN001653,CUST14314,2025-03-23,South,Sports,43846.32,3,Cash,E-Commerce,Completed
TXN004351,CUST13609,2025-10-08,South,Beauty,67214.42,7,UPI,Mobile App,Cancelled
TXN003574,CUST16981,2025-11-13,East,Electronics,13558.88,4,Cash,Partner Portal,Completed
TXN001095,CUST16926,2025-05-17,West,Grocery,85752.06,6,Debit Card,POS,Completed
TXN003341,,2026-05-08,Central,Clothing,5488.51,1,Debit Card,POS,Pending
TXN000027,CUST19017,2025-09-13,North,Electronics,13405.3,2,Cash,CRM,Completed
TXN002672,CUST10053,2025-03-06,Central,Clothing,14690.87,1,Debit Card,Partner Portal,Cancelled
TXN000777,CUST12669,2026-06-09,Central,Electronics,12694.67,1,Debit Card,POS,Refunded
TXN003472,CUST12929,2025-08-24,South,Clothing,33056.59,0,Net Banking,POS,Completed
TXN003442,CUST19214,2025-03-17,South,Sports,2366.04,3,UPI,E-Commerce,Pending
TXN004073,CUST10658,2026-05-06,West,Electronics,11641.14,6,Credit Card,Partner Portal,Pending
TXN003830,CUST12433,2026-06-12,East,Grocery,13709.4,6,Net Banking,Mobile App,Cancelled
TXN001631,CUST17974,2025-09-09,East,Sports,34389.12,3,Cash,Partner Portal,Completed
TXN004514,CUST12848,2025-01-05,South,Electronics,82900.58,7,Net Banking,E-Commerce,Cancelled
TXN003820,CUST18391,2026-06-17,West,Beauty,7963.17,1,Net Banking,Partner Portal,Pending
TXN004199,CUST19617,2025-02-09,East,Clothing,27412.85,5,UPI,Partner Portal,Refunded
TXN003918,CUST17629,2025-09-29,West,Sports,40982.48,4,Cash,E-Commerce,Cancelled
TXN001102,CUST17186,2026-07-04,West,Home & Kitchen,8597.8,5,Debit Card,POS,Refunded
TXN001925,CUST12028,2026-06-23,Central,Electronics,86773.2,8,Cash,E-Commerce,Pending
TXN000813,CUST19634,2025-10-01,North,Clothing,10469.78,1,Net Banking,Partner Portal,Refunded
TXN000255,CUST16869,2025-04-26,Central,Electronics,12161.22,1,Debit Card,E-Commerce,Completed
TXN003983,CUST13425,2025-01-30,North,Clothing,27192.16,8,Credit Card,POS,Completed
TXN003099,CUST17273,2025-07-08,Central,Beauty,45784.27,7,Cash,CRM,Pending
TXN005000,CUST19687,2026-03-23,West,Grocery,47871.6,4,Credit Card,POS,Cancelled
TXN004377,CUST19492,2026-07-12,South,Clothing,1907.45,1,,Mobile App,Completed
TXN002585,CUST14254,2026-06-03,South,Grocery,10372.72,2,Credit Card,Partner Portal,Refunded
TXN004069,CUST12476,2026-05-18,South,Sports,668.59,1,Credit Card,Partner Portal,Cancelled
TXN003324,CUST15363,2025-02-08,Central,Grocery,22806.3,2,Debit Card,E-Commerce,Cancelled
TXN002108,CUST18638,2025-09-22,West,Sports,50714.3,7,Cash,CRM,Refunded
TXN004685,,2026-05-02,North,Home & Kitchen,44303.15,5,Net Banking,E-Commerce,Cancelled
TXN004719,CUST11599,2026-05-09,North,Beauty,33876.66,3,Credit Card,POS,Completed
TXN000316,CUST13614,2025-03-26,East,Electronics,11958.63,1,UPI,E-Commerce,Cancelled
TXN003674,CUST18978,2025-08-20,Central,Clothing,25709.08,4,Net Banking,Partner Portal,Refunded
TXN002405,CUST15767,2025-11-11,Central,Sports,31185.28,8,UPI,Mobile App,Cancelled
TXN001671,,2025-08-28,East,Sports,57268.08,6,UPI,Partner Portal,Cancelled
TXN000587,CUST18616,2026-08-08,Central,Beauty,69321.21,7,Cash,POS,Completed
TXN002064,CUST14278,2025-10-16,South,Beauty,10403.24,2,Credit Card,E-Commerce,Cancelled
TXN004339,CUST17315,2026-06-01,West,Home & Kitchen,40156.26,3,Debit Card,Partner Portal,Completed
TXN000070,CUST12750,2027-01-19,Central,Sports,57633.9,5,Credit Card,E-Commerce,Cancelled
TXN001116,CUST11588,2026-01-08,North,Beauty,27809.46,6,Cash,E-Commerce,Cancelled
TXN001269,CUST17007,2026-05-31,West,Grocery,42473.1,6,Net Banking,Mobile App,Completed
TXN001729,CUST17402,2026-06-14,East,Home & Kitchen,21531.12,8,Credit Card,POS,Cancelled
TXN001610,CUST19341,2026-07-04,East,Electronics,21710.5,5,Credit Card,Mobile App,Pending
TXN001011,CUST15182,2025-06-27,North,Grocery,6091.88,1,Debit Card,Mobile App,Pending
TXN002452,,2025-12-03,East,Electronics,68734.85,5,UPI,E-Commerce,Refunded
TXN003775,CUST19018,2026-07-09,East,Beauty,30959.58,3,UPI,POS,Cancelled
TXN001039,CUST13483,2025-07-06,South,Home & Kitchen,13629.7,2,Credit Card,E-Commerce,Pending
TXN003752,CUST13878,2025-04-01,South,Clothing,36081.33,3,UPI,Mobile App,Completed
TXN004196,CUST17801,2026-07-22,West,Clothing,59339.92,8,Credit Card,E-Commerce,Refunded
TXN000388,CUST11208,2026-08-15,North,Clothing,10094.32,4,Credit Card,POS,Cancelled
TXN000539,CUST11748,2026-09-26,North,Electronics,14545.98,6,Net Banking,Partner Portal,Completed
TXN003432,CUST10348,2025-12-13,South,Beauty,4671.88,2,Debit Card,CRM,Completed
TXN002584,CUST11614,2026-04-05,South,Home & Kitchen,40078.32,8,Cash,POS,Refunded
TXN002178,CUST18364,2025-03-16,East,Electronics,43855.84,8,Net Banking,Mobile App,Refunded
TXN000765,CUST10902,2026-04-02,Central,Beauty,8867.82,6,Debit Card,Partner Portal,Pending
TXN003251,CUST15131,2025-09-08,North,Sports,47060.93,7,Cash,Partner Portal,Refunded
TXN000222,CUST15219,2026-09-13,South,Grocery,14960.07,3,Cash,POS,Cancelled
TXN002227,CUST12482,2026-06-07,North,Electronics,18601.7,5,Net Banking,Mobile App,Refunded
TXN001136,CUST10194,2026-06-24,Central,Electronics,32786.37,3,Net Banking,Mobile App,Completed
TXN004638,CUST19870,2025-03-28,West,Beauty,46645.4,5,UPI,Mobile App,Cancelled
TXN000678,CUST14776,2025-05-31,West,Sports,20547.96,3,Cash,Mobile App,Pending
TXN004389,CUST14170,2025-05-25,North,Electronics,40803.27,3,Cash,E-Commerce,Completed
TXN004096,CUST13472,2025-09-11,West,Clothing,14746.16,2,Net Banking,CRM,Cancelled
TXN004784,CUST11246,2026-05-05,East,Clothing,17789.1,7,Cash,Mobile App,Refunded
TXN002324,CUST19888,2026-09-19,Central,Home & Kitchen,11986.56,2,Cash,E-Commerce,Cancelled
TXN004040,CUST13975,2026-07-24,North,Beauty,93231.53,7,Net Banking,CRM,Cancelled
TXN000178,CUST16496,2025-12-24,Central,Clothing,6281.96,1,Debit Card,Mobile App,Completed
TXN003173,CUST16100,2026-03-28,East,Grocery,56421.36,4,Debit Card,Mobile App,Completed
TXN000804,CUST18857,2026-07-10,Invalid,Electronics,72967.68,6,Credit Card,Mobile App,Completed
TXN004698,CUST12442,2025-09-22,East,Sports,22905.69,3,Cash,E-Commerce,Refunded
TXN001965,CUST18550,2026-02-22,South,Sports,38871.57,3,Net Banking,Mobile App,Pending
TXN001753,CUST15528,2025-09-10,South,Beauty,36048.64,4,Net Banking,POS,Pending
TXN004970,CUST10561,2026-04-07,Central,Clothing,40821.69,3,Net Banking,Partner Portal,Completed
TXN002252,CUST11379,2025-08-28,Central,Sports,97684.58,7,Net Banking,POS,Cancelled
TXN004205,CUST10894,2026-03-07,West,Beauty,1805.2,8,Credit Card,POS,Pending
TXN001254,CUST10223,2026-05-14,East,Clothing,27639.55,5,UPI,Partner Portal,Refunded
TXN001262,CUST15011,2026-08-31,North,Grocery,1785.16,2,UPI,CRM,Completed
TXN000849,CUST18267,2025-12-29,Central,Grocery,179.88,1,UPI,Mobile App,Cancelled
TXN000894,CUST17761,2025-01-07,East,Clothing,50154.88,4,Cash,E-Commerce,Completed
TXN004398,CUST15538,2025-03-27,South,Beauty,82543.76,8,Credit Card,POS,Completed
TXN003634,CUST12265,2025-07-11,West,Clothing,5585.12,0,Debit Card,E-Commerce,Refunded
TXN000812,CUST15344,2025-12-12,North,Grocery,1181.13,3,Net Banking,Partner Portal,Refunded
TXN003717,CUST13609,2025-02-15,South,Sports,5122.84,4,Cash,Partner Portal,Refunded
TXN003379,CUST10758,2025-10-26,Central,Electronics,109026.16,8,Net Banking,Mobile App,Refunded
TXN003829,CUST10643,2026-04-18,West,Home & Kitchen,58279.2,5,UPI,CRM,Refunded
TXN002719,CUST17940,2026-01-17,South,Home & Kitchen,42737.6,5,Credit Card,POS,Pending
TXN000712,,2026-06-12,Invalid,Sports,57794.24,8,Debit Card,CRM,Refunded
TXN002168,CUST10755,2025-03-18,West,Grocery,2347.32,6,Net Banking,Mobile App,Cancelled
TXN000220,CUST15556,2025-04-10,Central,Clothing,39624.62,7,Debit Card,E-Commerce,Refunded
TXN002120,CUST12209,2025-02-20,Central,Beauty,3898.68,2,Debit Card,CRM,Refunded
TXN000799,CUST14564,2025-08-27,Central,Sports,76338.43,7,UPI,Mobile App,Cancelled
TXN002195,CUST14213,2026-02-27,East,Grocery,12356.58,6,Credit Card,Mobile App,Completed
TXN000044,CUST16746,2025-07-03,South,Clothing,70545.36,6,Debit Card,CRM,Refunded
TXN000211,CUST13343,2026-03-27,East,Sports,51207.38,7,Debit Card,POS,Cancelled
TXN004009,CUST19719,2025-01-31,North,Clothing,71991.28,8,UPI,CRM,Pending
TXN000355,CUST16719,2025-07-20,North,Home & Kitchen,9373.76,4,Cash,POS,Completed
TXN004481,CUST10828,2026-01-02,South,Grocery,3414.78,2,Cash,E-Commerce,Cancelled
TXN002961,CUST15953,2025-03-18,East,Grocery,2170.07,1,Credit Card,Mobile App,Cancelled
TXN003666,CUST16188,2026-02-15,East,Electronics,21281.82,2,Net Banking,CRM,Completed
TXN000857,CUST14470,2025-07-04,Central,Beauty,33822.18,3,Cash,E-Commerce,Completed
TXN000368,CUST19403,2026-04-18,West,Beauty,2603.04,1,Net Banking,Mobile App,Completed
TXN000706,,2025-07-08,West,Clothing,22445.35,5,Net Banking,POS,Cancelled
TXN003838,CUST11352,2026-07-01,South,Clothing,27851.5,5,Net Banking,Partner Portal,Completed
TXN001612,CUST13023,2025-08-23,North,Beauty,12513.11,1,Credit Card,E-Commerce,Refunded
TXN000136,CUST10711,2026-04-08,Central,Clothing,56746.76,4,Net Banking,CRM,Completed
TXN003352,,2025-06-21,West,Electronics,13118.92,4,UPI,CRM,Refunded
TXN000048,CUST15140,2026-09-03,West,Sports,36755.18,7,Cash,CRM,Refunded
TXN004580,CUST15526,2025-12-14,West,Sports,9640.42,2,Debit Card,Mobile App,Pending
TXN004996,CUST17131,2026-07-06,West,Grocery,37348.08,8,Net Banking,Mobile App,Completed
TXN003611,CUST15972,2025-12-03,Central,Home & Kitchen,49725.95,5,Credit Card,POS,Cancelled
TXN003618,CUST18124,2026-06-04,East,Grocery,819.12,4,Credit Card,CRM,Pending
TXN004667,CUST12752,2026-04-18,West,Electronics,14831.95,7,Debit Card,POS,Cancelled
TXN003407,CUST16776,2026-08-17,North,Electronics,60304.6,5,Credit Card,CRM,Refunded
TXN000788,CUST10169,2025-02-14,North,Electronics,9189.04,2,Cash,E-Commerce,Pending
TXN000062,CUST16884,2026-03-02,West,Sports,3181.83,1,Credit Card,Partner Portal,Refunded
TXN004700,CUST16370,2026-09-06,North,Sports,25447.6,2,Debit Card,CRM,Pending
TXN004735,CUST19220,2025-12-28,Central,Grocery,57551.35,5,Net Banking,Partner Portal,Completed
TXN000096,CUST17142,2025-10-12,West,Electronics,44863.47,3,Net Banking,POS,Refunded
TXN000479,CUST11858,2025-02-10,West,Clothing,34694.7,6,Cash,POS,Completed
TXN002971,CUST14652,2025-07-05,North,Sports,25156.17,3,UPI,Mobile App,Cancelled
TXN002643,CUST10937,2025-12-29,South,Clothing,10867.46,2,Net Banking,Partner Portal,Cancelled
TXN000890,CUST18445,2026-07-25,Central,Beauty,67275.65,5,Credit Card,CRM,Refunded
TXN000643,,2025-12-06,South,Home & Kitchen,1661.14,2,UPI,Partner Portal,Pending
TXN001666,CUST12619,2026-03-20,West,Beauty,99506.61,7,Credit Card,POS,Completed
TXN004051,CUST15013,2026-02-02,East,Grocery,79919.2,8,Cash,E-Commerce,Cancelled
TXN002237,CUST10729,2025-04-07,North,Clothing,58692.13,7,Debit Card,Mobile App,Pending
TXN003713,CUST14858,2025-12-29,North,Sports,34712.58,7,Credit Card,E-Commerce,Pending
TXN000323,CUST14544,2025-05-19,South,Beauty,-96527.55,7,Debit Card,E-Commerce,Pending
TXN001974,CUST13120,2026-05-23,South,Grocery,34212.72,6,Credit Card,Partner Portal,Cancelled
TXN004763,CUST13000,2025-11-30,West,Electronics,52933.35,5,Credit Card,E-Commerce,Pending
TXN002145,CUST16524,2025-03-28,South,Home & Kitchen,53055.92,8,UPI,E-Commerce,Refunded
TXN001814,CUST17575,2026-09-20,Central,Clothing,10826.9,5,Debit Card,Partner Portal,Completed
TXN003662,CUST17689,2026-04-09,West,Sports,83629.36,8,Cash,POS,Completed
TXN000997,CUST17080,2026-03-02,West,Grocery,11102.84,4,Debit Card,Partner Portal,Completed
TXN001422,CUST12688,2026-08-15,Central,Home & Kitchen,62557.81,7,UPI,Partner Portal,Pending
TXN002122,CUST11014,2025-03-22,South,Sports,71912.47,7,Cash,Partner Portal,Refunded
TXN000549,CUST12677,2025-09-14,North,Home & Kitchen,6036.19,1,UPI,Mobile App,Completed
TXN000292,CUST12220,2026-09-01,East,Electronics,27688.56,4,Net Banking,POS,Refunded
TXN003856,CUST13046,2026-04-18,South,Beauty,43301.04,4,Debit Card,POS,Refunded
TXN002606,CUST12880,2026-08-14,North,Grocery,2329.96,4,Cash,CRM,Pending
TXN000534,CUST15566,2026-07-31,West,Beauty,92580.08,8,Net Banking,Partner Portal,Completed
TXN004338,CUST19329,2025-09-18,North,Grocery,38340.64,4,Debit Card,Mobile App,Cancelled
TXN001542,CUST14845,2025-04-24,South,Clothing,16603.86,2,UPI,Mobile App,Refunded
TXN004857,CUST16709,2025-09-11,South,Grocery,9617.2,4,Net Banking,Mobile App,Refunded
TXN003289,CUST11611,2025-05-03,South,Grocery,27014.31,3,Cash,Partner Portal,Cancelled
TXN004588,CUST18834,2027-09-04,Central,Home & Kitchen,5299.6,5,UPI,Partner Portal,Pending
TXN001865,CUST14507,2026-02-25,West,Beauty,69487.95,7,Debit Card,E-Commerce,Pending
TXN002380,CUST16353,2025-09-08,West,Clothing,47157.84,6,Net Banking,POS,Completed
TXN003274,CUST18803,2025-08-20,West,Grocery,89294.82,6,UPI,Mobile App,Refunded
TXN000429,CUST16610,2026-09-22,West,Grocery,66772.72,7,Net Banking,CRM,Completed
TXN004254,CUST13756,2025-09-29,West,Home & Kitchen,54674.96,4,Debit Card,Mobile App,Pending
TXN004875,CUST18740,2026-03-05,South,Grocery,5035.8,6,Cash,CRM,Refunded
TXN004796,CUST13030,2026-08-09,East,Grocery,16924.04,4,Debit Card,Mobile App,Completed
TXN002834,CUST15941,2026-07-23,West,Sports,8658.95,5,UPI,Partner Portal,Completed
TXN002489,CUST16387,2026-08-25,East,Sports,18802.0,8,Net Banking,E-Commerce,Pending
TXN001539,CUST18944,2025-08-08,West,Electronics,74860.48,8,UPI,Partner Portal,Cancelled
TXN002556,CUST12638,2025-04-14,East,Clothing,2808.0,1,Debit Card,POS,Completed
TXN001554,CUST17984,2026-04-23,East,Home & Kitchen,61713.26,7,Cash,CRM,Completed
TXN003085,CUST13247,2026-02-15,South,Clothing,43886.12,4,Net Banking,E-Commerce,Refunded
TXN004078,CUST16858,2025-12-31,South,Clothing,46211.22,6,Net Banking,POS,Cancelled
TXN001150,CUST18827,2026-01-28,Central,Grocery,57996.05,7,Cash,Partner Portal,Pending
TXN004320,CUST18793,2026-08-30,East,Home & Kitchen,23842.72,4,Net Banking,Partner Portal,Cancelled
TXN004595,CUST19798,2026-01-06,East,Grocery,21909.52,8,Net Banking,E-Commerce,Refunded
TXN004995,CUST11633,2025-06-01,Central,Grocery,10569.42,6,Credit Card,Mobile App,Pending
TXN003762,CUST18294,2026-07-16,West,Clothing,18627.74,2,Credit Card,POS,Completed
TXN001222,CUST19202,2026-08-05,North,Grocery,80947.74,6,UPI,Partner Portal,Pending
TXN001715,CUST19429,2025-04-25,North,Clothing,7841.58,1,Cash,E-Commerce,Pending
TXN003250,CUST17013,2027-06-14,South,Beauty,41811.96,6,Net Banking,E-Commerce,Refunded
TXN001256,CUST17057,2026-05-25,East,Home & Kitchen,3741.08,1,Credit Card,E-Commerce,Refunded
TXN003572,CUST16791,2025-06-19,East,Clothing,14292.06,3,UPI,Partner Portal,Cancelled
TXN003406,CUST14744,2026-02-01,South,Grocery,12861.04,1,Credit Card,Mobile App,Cancelled
TXN004341,CUST15942,2026-09-06,East,Grocery,34214.6,4,Credit Card,POS,Pending
TXN003693,CUST18116,2025-09-29,South,Electronics,15773.58,3,UPI,POS,Cancelled
TXN004082,CUST11497,2025-07-02,West,Grocery,20995.16,2,Cash,E-Commerce,Pending
TXN001406,CUST11376,2026-05-29,South,Grocery,32884.38,3,Credit Card,POS,Pending
TXN001979,CUST13169,2026-05-19,East,Sports,4874.52,3,Net Banking,E-Commerce,Cancelled
TXN003721,CUST13711,2026-06-02,East,Grocery,54301.2,8,Credit Card,CRM,Refunded
TXN003037,CUST17296,2026-02-09,North,Grocery,48504.0,8,Debit Card,Mobile App,Pending
TXN001336,CUST14701,2026-02-22,East,Clothing,27367.89,3,Credit Card,CRM,Refunded
TXN004733,CUST15443,2025-06-27,North,Electronics,57190.12,4,Cash,POS,Refunded
TXN001002,,2025-04-28,West,Grocery,14921.82,3,Credit Card,CRM,Pending
TXN002226,CUST16911,2025-02-02,North,Clothing,9682.95,1,Debit Card,CRM,Refunded
TXN000071,CUST19434,2025-04-21,West,Grocery,13940.42,1,Debit Card,CRM,Pending
TXN004905,CUST14797,2025-06-16,Central,Clothing,9142.7,5,UPI,POS,Refunded
TXN003592,CUST11882,2026-01-08,Central,Clothing,1164.36,2,Cash,POS,Pending
TXN002551,CUST14208,2026-09-12,Central,Home & Kitchen,15228.24,6,Credit Card,Mobile App,Cancelled
TXN000932,CUST16229,2026-05-09,East,Beauty,45041.15,5,Debit Card,Partner Portal,Cancelled
TXN003347,CUST15518,2026-01-10,West,Clothing,115461.36,8,Credit Card,E-Commerce,Cancelled
TXN001428,CUST16957,2025-12-01,Central,Grocery,61574.45,5,Cash,CRM,Cancelled
TXN002035,CUST15959,2025-08-31,South,Sports,14832.09,3,Cash,E-Commerce,Cancelled
TXN000928,CUST10474,2026-04-21,West,Beauty,7527.31,7,Debit Card,CRM,Cancelled
TXN003814,CUST19181,2026-04-15,Central,Electronics,941.94,1,Debit Card,POS,Pending
TXN000722,CUST16587,2025-03-06,East,Electronics,25802.2,4,Cash,Partner Portal,Pending
TXN003510,CUST16187,2026-01-03,South,Home & Kitchen,15751.7,2,UPI,E-Commerce,Refunded
TXN002100,,2025-05-01,Central,Grocery,67901.75,5,Credit Card,POS,Refunded
TXN004932,CUST17995,2025-02-06,Central,Beauty,19213.46,7,Cash,CRM,Completed
TXN004099,CUST17684,2026-02-06,Central,Beauty,39159.87,3,UPI,Mobile App,Pending
TXN003642,CUST12449,2025-04-16,Central,Beauty,7848.03,3,Debit Card,CRM,Cancelled
TXN000692,CUST17753,2026-08-01,Central,Home & Kitchen,5075.6,5,Cash,CRM,Cancelled
TXN003872,CUST14764,2025-12-05,West,Grocery,31760.75,5,Credit Card,POS,Completed
TXN001362,CUST15204,2025-03-04,West,Grocery,23987.52,6,Net Banking,Mobile App,Refunded
TXN001033,CUST12415,2025-09-25,East,Home & Kitchen,113356.4,8,Cash,Partner Portal,Pending
TXN002821,CUST10831,2025-07-26,Central,Electronics,84555.66,7,Cash,E-Commerce,Refunded
TXN002651,CUST12868,2025-03-31,Central,Electronics,42945.0,5,Credit Card,Partner Portal,Refunded
TXN001873,CUST11756,2026-02-18,South,Clothing,1038.22,1,UPI,E-Commerce,Pending
TXN003783,CUST14947,2025-05-05,North,Sports,27197.1,5,Credit Card,CRM,Cancelled
TXN004479,CUST17474,2025-09-03,West,Clothing,36377.67,7,UPI,POS,Cancelled
TXN004472,CUST19812,2026-02-22,West,Sports,2254.64,2,Net Banking,E-Commerce,Refunded
TXN001989,CUST19802,2026-07-10,East,Sports,102393.48,7,UPI,E-Commerce,Cancelled
TXN002670,CUST18783,2025-06-19,East,Beauty,78748.68,6,Debit Card,Mobile App,Pending
TXN003072,CUST12987,2026-04-15,South,Electronics,57448.4,4,Cash,CRM,Cancelled
TXN002933,CUST10067,2025-03-02,North,Clothing,83183.12,8,Cash,Partner Portal,Refunded
TXN002857,CUST11783,2025-06-04,South,Electronics,35783.2,4,Cash,CRM,Cancelled
TXN001745,,2025-09-05,West,Sports,37536.45,5,Credit Card,Mobile App,Completed
TXN001035,CUST14144,2026-03-10,East,Sports,37389.81,3,Cash,Mobile App,Cancelled
TXN001030,CUST10637,2025-11-12,North,Grocery,12381.88,2,Cash,E-Commerce,Pending
TXN003063,CUST10131,2026-07-03,Unknown,Home & Kitchen,15707.36,8,Cash,E-Commerce,Refunded
TXN001863,CUST19414,2025-08-12,North,Beauty,71975.3,5,Debit Card,CRM,Completed
TXN001514,CUST16999,2025-01-20,South,Clothing,3455.93,1,Debit Card,Partner Portal,Cancelled
TXN003716,CUST18727,2025-06-29,East,Grocery,44711.04,3,Credit Card,POS,Pending
TXN004537,CUST12321,2026-02-14,South,Sports,62255.76,8,UPI,Partner Portal,Pending
TXN000234,CUST15412,2025-08-27,West,Electronics,1592.95,1,Debit Card,CRM,Pending
TXN001074,,2025-06-15,North,Electronics,16962.38,2,Cash,POS,Unknown
TXN004636,,2026-01-02,West,Electronics,36125.16,4,Cash,Partner Portal,Cancelled
TXN001718,CUST11184,2025-01-01,East,Home & Kitchen,14957.04,2,Net Banking,POS,Pending
TXN000634,CUST12931,2026-02-28,West,Sports,40909.2,6,Debit Card,Mobile App,Completed
TXN002278,CUST10765,2025-04-25,East,Home & Kitchen,68371.5,5,Net Banking,Partner Portal,Completed
TXN000416,CUST15714,2025-10-09,West,Clothing,94098.9,7,Debit Card,Mobile App,Cancelled
TXN001425,CUST13332,2025-03-24,West,Electronics,10857.42,3,Debit Card,E-Commerce,Cancelled
TXN001783,CUST17550,2026-01-22,Central,Grocery,325.62,3,Net Banking,Partner Portal,Refunded
TXN000725,CUST16163,2025-05-17,South,Electronics,23773.36,2,Net Banking,CRM,Completed
TXN001880,CUST13617,2026-07-16,South,Home & Kitchen,86436.96,8,UPI,CRM,Completed
TXN000734,CUST11805,2025-07-23,East,Home & Kitchen,21167.64,6,Credit Card,E-Commerce,Refunded
TXN001534,CUST11554,2025-05-27,West,Clothing,39688.92,4,Cash,CRM,Pending
TXN000018,CUST15039,2025-01-20,South,Electronics,27887.14,2,Debit Card,Partner Portal,Completed
TXN001271,CUST18901,2026-08-18,Central,Clothing,11978.4,6,Credit Card,Mobile App,Pending
TXN002851,CUST19048,2026-07-10,East,Grocery,7430.96,8,Net Banking,Partner Portal,Cancelled
TXN002111,CUST14074,2026-02-22,North,Clothing,5191.76,1,UPI,Partner Portal,Completed
TXN004357,CUST12096,2026-08-01,East,Electronics,8525.31,3,UPI,POS,Cancelled
TXN000597,CUST18377,2025-01-23,Central,Sports,68973.85,5,Cash,E-Commerce,Completed
TXN001363,CUST13588,2025-09-24,East,Beauty,4097.93,1,Credit Card,POS,Refunded
TXN002219,CUST18971,2025-01-20,North,Electronics,60275.46,7,Cash,Mobile App,Refunded
TXN001486,CUST19596,2025-03-04,Central,Grocery,13964.16,4,Net Banking,CRM,Completed
TXN004387,CUST15122,2025-04-27,East,Beauty,82235.22,6,Net Banking,POS,Refunded
TXN002119,CUST11480,2025-11-16,East,Clothing,59861.2,7,Cash,POS,Cancelled
TXN000970,CUST14007,2025-11-22,North,Sports,102599.14,7,Cash,E-Commerce,Cancelled
TXN000372,CUST17941,2026-01-03,East,Sports,65706.56,8,Cash,POS,Refunded
TXN001833,CUST15384,2025-08-29,South,Sports,-59186.75,7,Debit Card,CRM,Refunded
TXN001868,CUST14706,2025-07-28,South,Clothing,12216.47,7,UPI,E-Commerce,Refunded
TXN003938,CUST19383,2025-02-24,Central,Home & Kitchen,5467.47,3,Net Banking,Partner Portal,Cancelled
TXN000599,CUST16551,2025-09-20,Central,Home & Kitchen,7346.95,5,Credit Card,POS,Refunded
TXN000677,CUST11008,2026-09-03,North,Home & Kitchen,34848.66,7,Debit Card,Partner Portal,Completed
TXN000239,CUST15418,2025-10-07,South,Beauty,48605.32,4,Net Banking,POS,Pending
TXN004520,CUST16768,2026-08-20,South,Beauty,45798.48,6,Credit Card,Partner Portal,Cancelled
TXN004936,CUST17545,2026-03-16,North,Clothing,12853.62,2,Credit Card,E-Commerce,Cancelled
TXN003361,CUST19738,2026-01-12,West,Electronics,63468.84,6,Net Banking,CRM,Refunded
TXN001159,CUST10179,2026-09-11,West,Grocery,22797.3,3,Net Banking,Partner Portal,Cancelled
TXN000076,CUST19337,2026-04-07,Central,Beauty,45128.4,4,Net Banking,POS,Completed
TXN002979,CUST16718,2025-09-26,West,Clothing,35480.05,5,Debit Card,Partner Portal,Completed
TXN002623,CUST15430,2025-02-11,East,Electronics,36488.55,3,Credit Card,Partner Portal,Pending
TXN004421,CUST13203,2026-08-13,Central,Sports,70161.56,7,UPI,Mobile App,Cancelled
TXN003210,CUST14025,2025-03-04,South,Beauty,70967.89,7,Debit Card,Mobile App,Cancelled
TXN002838,CUST11475,2025-05-31,East,Sports,12041.32,1,Cash,E-Commerce,Cancelled
TXN003335,CUST19951,2025-07-06,East,Grocery,27799.38,7,Net Banking,Partner Portal,Cancelled
TXN004349,CUST14648,2026-05-03,West,Clothing,106257.28,8,Cash,Mobile App,Completed
TXN003909,CUST12579,2025-05-08,West,Beauty,-39246.97,7,Net Banking,POS,Completed
TXN003086,CUST11465,2026-09-05,North,Electronics,48784.68,4,Credit Card,Partner Portal,Completed
TXN004602,CUST16200,2026-07-01,South,Home & Kitchen,41162.1,6,Cash,POS,Completed
TXN004319,CUST16957,2026-03-19,Central,Clothing,12089.04,3,Net Banking,Mobile App,Pending
TXN000912,CUST16052,2025-02-03,North,Sports,42499.92,3,Net Banking,CRM,Completed
TXN003025,,2025-05-28,East,Clothing,22622.96,8,Debit Card,E-Commerce,Refunded
TXN000097,CUST12635,2027-08-28,East,Grocery,60509.94,6,Net Banking,POS,Refunded
TXN004662,CUST10329,2026-05-02,East,Electronics,69664.8,5,Debit Card,POS,Refunded
TXN001457,CUST12607,2026-08-08,West,Sports,13807.35,5,Net Banking,POS,Pending
TXN004778,CUST16294,2026-04-03,East,Grocery,40013.54,7,UPI,E-Commerce,Pending
TXN000622,CUST12379,2026-06-21,Central,Home & Kitchen,19523.88,3,UPI,CRM,Completed
TXN002368,CUST17412,2026-03-01,West,Grocery,16373.24,4,UPI,E-Commerce,Pending
TXN003751,CUST11002,2026-05-05,North,Clothing,52719.72,6,Net Banking,Partner Portal,Cancelled
TXN000567,CUST14745,2025-07-12,North,Beauty,5635.74,2,Net Banking,Partner Portal,Refunded
TXN004300,CUST14357,2026-05-10,North,Beauty,11028.68,2,Net Banking,Mobile App,Refunded
TXN004594,CUST18583,2026-01-31,Central,Home & Kitchen,10309.82,1,Debit Card,CRM,Pending
TXN002046,CUST19616,2025-06-02,East,Beauty,35131.17,3,Credit Card,CRM,Cancelled
TXN003378,CUST10188,2026-07-09,South,Electronics,54720.52,4,Cash,Mobile App,Refunded
TXN000052,CUST10007,2025-06-28,East,Clothing,30752.6,5,Debit Card,Mobile App,Cancelled
TXN004845,CUST18196,2025-10-18,South,Sports,61587.54,6,Net Banking,Partner Portal,Cancelled
TXN004741,,2025-06-10,Central,Grocery,21924.57,3,Net Banking,POS,Pending
TXN004935,CUST12245,2025-12-04,East,Electronics,51394.56,7,Debit Card,Partner Portal,Cancelled
TXN003878,CUST10425,2025-11-20,South,Sports,11519.66,1,UPI,Mobile App,Pending
TXN000535,CUST16270,2026-05-09,South,Beauty,7883.02,2,Debit Card,POS,Refunded
TXN004691,CUST14949,2025-09-10,Central,Beauty,92352.08,8,Credit Card,E-Commerce,Refunded
TXN003293,CUST18180,2027-12-21,East,Beauty,19058.02,2,Net Banking,E-Commerce,Refunded
TXN001481,CUST11960,2025-06-03,South,Clothing,45843.75,5,Net Banking,Mobile App,Completed
TXN000444,CUST10752,2025-04-29,North,Home & Kitchen,25567.12,2,Debit Card,POS,Cancelled
TXN004272,CUST12046,2025-12-14,East,Beauty,16297.26,2,Debit Card,CRM,Cancelled
TXN000196,CUST16002,2025-05-10,East,Grocery,7232.66,2,Cash,CRM,Pending
TXN002880,CUST10216,2025-03-07,South,Home & Kitchen,1150.16,8,Credit Card,Partner Portal,Completed
TXN001973,CUST16913,2026-01-24,South,Sports,6722.36,2,UPI,E-Commerce,Refunded
TXN003822,CUST17131,2026-09-01,West,Beauty,30355.68,3,UPI,Partner Portal,Refunded
TXN003979,CUST13720,2026-06-21,Central,Clothing,33535.81,7,UPI,CRM,Pending
TXN004158,CUST10645,2026-07-04,West,Grocery,46697.49,7,Net Banking,CRM,Cancelled
TXN003255,CUST17865,2025-06-03,West,Grocery,14378.63,1,UPI,CRM,Cancelled
TXN003066,CUST10788,2026-03-30,South,Beauty,4563.52,2,UPI,E-Commerce,Pending
TXN003319,CUST11426,2025-10-09,North,Beauty,115871.84,8,UPI,Partner Portal,Refunded
TXN003079,,2026-04-29,South,Beauty,24582.42,2,Cash,Mobile App,Refunded
TXN002519,CUST10056,2025-09-03,Central,Sports,18443.16,2,Cash,Partner Portal,Completed
TXN000645,CUST12205,2026-03-14,North,Beauty,8926.42,2,UPI,POS,Refunded
TXN004242,CUST11707,2026-02-11,West,Clothing,16417.44,3,Debit Card,CRM,Refunded
TXN004464,CUST12870,2025-06-11,Central,Clothing,71007.44,8,Cash,Mobile App,Cancelled
TXN001601,,2026-07-02,West,Home & Kitchen,803.39,1,UPI,Partner Portal,Completed
TXN004480,CUST18262,2025-12-05,North,Sports,3199.61,1,UPI,POS,Pending
TXN000121,CUST11477,2025-02-04,East,Clothing,66072.96,6,Net Banking,E-Commerce,Pending
TXN001245,CUST11820,2025-04-22,South,Electronics,9730.54,1,Credit Card,CRM,Cancelled
TXN003812,CUST14972,2026-08-14,South,Beauty,44098.32,8,UPI,Mobile App,Pending
TXN002587,,2025-10-14,South,Electronics,81341.05,7,UPI,CRM,Refunded
TXN004963,CUST14013,2025-12-12,West,Home & Kitchen,1923.48,4,Credit Card,E-Commerce,Cancelled
TXN002523,CUST10666,2026-05-07,North,Electronics,29443.85,5,Cash,Partner Portal,Cancelled
TXN002312,CUST16196,2025-01-25,East,Clothing,44074.32,6,Cash,Mobile App,Cancelled
TXN000135,CUST17803,2026-06-23,West,Clothing,22420.82,2,Cash,Partner Portal,Completed
TXN002535,CUST11904,2026-07-19,West,Electronics,10182.12,6,Debit Card,POS,Cancelled
TXN003629,CUST13574,2026-01-23,East,Beauty,63528.72,8,Credit Card,Mobile App,Pending
TXN004292,CUST19173,2025-11-13,West,Electronics,15174.65,5,Net Banking,E-Commerce,Refunded
TXN003517,CUST14618,2026-09-19,East,Clothing,74724.0,6,Debit Card,CRM,Pending
TXN000185,CUST17703,2025-03-11,North,Beauty,5917.76,1,Net Banking,POS,Cancelled
TXN001392,CUST13547,2025-06-22,North,Sports,11772.14,1,Debit Card,E-Commerce,Pending
TXN001740,CUST17837,2025-08-07,West,Home & Kitchen,39976.56,4,Credit Card,E-Commerce,Refunded
TXN000512,CUST16731,2026-05-09,Invalid,Home & Kitchen,10105.56,3,Cash,E-Commerce,Cancelled
TXN002571,,2026-04-22,East,Home & Kitchen,319.48,1,Debit Card,E-Commerce,Refunded
TXN000063,CUST14893,2026-05-04,West,Grocery,14146.85,1,Cash,Partner Portal,Pending
TXN003245,CUST16162,2026-05-17,West,Electronics,42553.12,8,Debit Card,Mobile App,Cancelled
TXN002754,CUST16841,2025-07-28,South,Home & Kitchen,20815.72,4,Credit Card,E-Commerce,Refunded
TXN003836,CUST19570,2026-04-28,East,Home & Kitchen,202.89,1,Debit Card,POS,Completed
TXN002858,CUST19291,2025-04-01,Central,Sports,4809.66,2,Net Banking,CRM,Pending
TXN003901,CUST18952,2026-09-01,East,Sports,41181.72,4,Credit Card,Mobile App,Cancelled
TXN000252,CUST18836,2026-01-20,South,Beauty,20545.36,2,UPI,CRM,Pending
TXN000626,CUST16127,2026-05-30,South,Grocery,85672.72,8,Net Banking,Mobile App,Pending
TXN003735,CUST10774,2025-03-29,South,Home & Kitchen,42499.23,3,Cash,Partner Portal,Completed
TXN004182,CUST18160,2025-11-21,South,Electronics,26166.77,7,Credit Card,POS,Pending
TXN002687,CUST15160,2026-02-14,East,Electronics,11154.18,1,UPI,Partner Portal,Pending
TXN001594,CUST15528,2025-07-17,West,Beauty,44881.17,3,Cash,Mobile App,Refunded
TXN000123,CUST12307,2025-04-28,South,Beauty,115576.88,8,Net Banking,Partner Portal,Cancelled
TXN001809,CUST11358,2025-06-13,North,Electronics,53654.1,6,Credit Card,CRM,Pending
TXN001003,CUST14574,2026-03-25,South,Home & Kitchen,21344.22,3,Credit Card,Partner Portal,Completed
TXN001984,CUST15723,2025-03-28,East,Beauty,8366.07,3,Debit Card,CRM,Refunded
TXN002760,CUST15138,2026-04-11,South,Sports,6859.29,3,Net Banking,CRM,Refunded
TXN003211,CUST18918,2025-11-12,North,Beauty,1502.75,1,UPI,POS,Cancelled
TXN000568,CUST10318,2025-10-06,South,Electronics,23184.48,8,Cash,CRM,Pending
TXN002909,CUST12263,2025-12-10,South,Clothing,10161.67,1,Credit Card,CRM,Cancelled
TXN004111,CUST14623,2025-09-26,West,Grocery,113309.6,8,Cash,E-Commerce,Cancelled
TXN000694,CUST14210,2026-09-23,North,Beauty,21003.7,5,Credit Card,Partner Portal,Pending
TXN003626,CUST10508,2025-12-30,East,Home & Kitchen,20743.2,2,UPI,Partner Portal,Pending
TXN002498,CUST18857,2025-06-14,West,Sports,3452.88,2,Credit Card,Partner Portal,Refunded
TXN003795,CUST10316,2026-02-26,South,Clothing,64281.85,5,Cash,POS,Cancelled
TXN004002,CUST10947,2025-05-13,Central,Electronics,22816.56,8,Debit Card,CRM,Refunded
TXN003170,CUST16382,2025-05-26,North,Sports,36591.45,7,Debit Card,Mobile App,Refunded
TXN001097,CUST19320,2025-08-07,West,Home & Kitchen,11096.58,1,UPI,Partner Portal,Completed
TXN000927,,2025-09-03,West,Electronics,29781.56,4,UPI,CRM,Cancelled
TXN000721,CUST11048,2026-04-13,North,Electronics,37640.25,3,Net Banking,Partner Portal,Pending
TXN003958,CUST19100,2026-08-22,North,Sports,20273.28,6,Cash,POS,Pending
TXN002102,CUST17541,2025-12-08,Central,Beauty,37626.61,7,Net Banking,E-Commerce,Cancelled
TXN001488,CUST14915,2026-07-10,Central,Electronics,36058.32,4,Cash,Mobile App,Completed
TXN001371,CUST19924,2025-04-08,East,Clothing,20963.81,7,Net Banking,Partner Portal,Completed
TXN003304,CUST13894,2026-01-26,North,Home & Kitchen,38645.76,6,Net Banking,CRM,Refunded
TXN000603,CUST13618,2026-07-07,South,Electronics,14909.37,3,Net Banking,Mobile App,Completed
TXN003276,CUST13205,2025-05-25,East,Grocery,46562.04,6,UPI,Partner Portal,Completed
TXN004249,CUST11678,2026-02-08,West,Grocery,21568.14,3,UPI,CRM,Cancelled
TXN001130,CUST10171,2025-11-29,East,Home & Kitchen,9426.73,1,UPI,E-Commerce,Cancelled
TXN003571,CUST19872,2025-04-15,South,Grocery,17309.88,3,Cash,POS,Cancelled
TXN000319,CUST10529,2025-09-11,West,Clothing,65673.35,5,,CRM,Refunded
TXN001655,CUST14677,2026-09-08,South,Grocery,53544.05,7,UPI,POS,Pending
TXN001527,CUST16869,2026-01-16,South,Home & Kitchen,86565.08,7,Cash,E-Commerce,Pending
TXN000275,CUST18592,2025-07-03,South,Home & Kitchen,27557.86,0,Debit Card,Partner Portal,Cancelled
TXN001958,CUST17896,2025-03-16,West,Electronics,1290.0,4,Debit Card,E-Commerce,Cancelled
TXN000550,CUST15904,2026-04-06,Central,Sports,23823.36,6,UPI,POS,Completed
TXN004811,CUST10394,2025-02-04,East,Electronics,89098.56,8,Debit Card,CRM,Refunded
TXN000908,CUST16962,2026-02-26,South,Grocery,2949.0,2,Debit Card,Mobile App,Completed
TXN004967,,2025-11-02,East,Grocery,13645.38,3,Debit Card,E-Commerce,Cancelled
TXN004420,CUST10261,2025-12-14,South,Beauty,107096.48,8,UPI,CRM,Pending
TXN000606,CUST17994,2025-05-19,West,Beauty,67468.08,8,Cash,E-Commerce,Pending
TXN004231,CUST19719,2025-07-19,South,Clothing,50231.34,6,Cash,CRM,Pending
TXN000528,CUST18365,2025-07-19,Central,Beauty,11781.0,1,Debit Card,Partner Portal,Pending
TXN001042,CUST10119,2025-01-10,Central,Electronics,4064.6,1,Credit Card,E-Commerce,Completed
TXN002418,CUST10573,2025-06-15,North,Electronics,92294.86,7,Debit Card,Mobile App,Cancelled
TXN002527,CUST13919,2026-01-07,East,Grocery,19706.92,4,Net Banking,CRM,Refunded
TXN000830,CUST16140,2026-08-27,North,Clothing,7406.34,1,Cash,Mobile App,Refunded
TXN003895,CUST15887,2026-07-15,North,Clothing,14506.61,1,Debit Card,CRM,Completed
TXN004900,CUST12747,2027-08-17,South,Clothing,13479.93,3,Net Banking,Mobile App,Refunded
TXN002888,CUST16937,2025-03-16,Central,Home & Kitchen,43621.8,4,Net Banking,Mobile App,Cancelled
TXN002881,CUST14697,2026-02-19,North,Home & Kitchen,19436.8,2,UPI,POS,Refunded
TXN000299,CUST15891,2026-07-11,Central,Sports,11881.74,1,Credit Card,CRM,Pending
TXN000069,CUST12497,2025-09-11,South,Home & Kitchen,50418.04,4,Net Banking,CRM,Pending
TXN002615,CUST19382,2026-07-08,North,Grocery,4969.94,2,Debit Card,POS,Completed
TXN001663,CUST12831,2025-01-15,South,Sports,83240.43,7,Debit Card,E-Commerce,Completed
TXN002230,CUST13784,2025-11-16,South,Grocery,17967.3,3,Debit Card,CRM,Pending
TXN003847,CUST10604,2026-03-21,West,Beauty,67232.62,7,Net Banking,E-Commerce,Cancelled
TXN000185,CUST17703,2025-03-11,North,Beauty,5917.76,1,Net Banking,POS,Cancelled
TXN002243,CUST13406,2025-01-14,North,Clothing,1914.36,3,Debit Card,E-Commerce,Pending
TXN001748,CUST11491,2026-01-31,West,Clothing,21278.97,3,Cash,Partner Portal,Completed
TXN000151,CUST15054,2025-10-18,North,Home & Kitchen,63610.56,8,Net Banking,Partner Portal,Completed
TXN000757,CUST15022,2026-04-14,South,Clothing,42760.25,5,Debit Card,Mobile App,Cancelled
TXN004184,,2026-03-19,East,Beauty,70463.4,6,Credit Card,CRM,Pending
TXN002548,CUST16764,2025-08-01,North,Sports,1945.02,6,UPI,Partner Portal,Refunded
TXN004166,CUST16988,2025-06-20,Central,Electronics,66274.24,8,Net Banking,CRM,Cancelled
TXN003723,CUST12115,2025-12-17,West,Grocery,18794.44,7,Credit Card,CRM,Cancelled
TXN002125,CUST19509,2025-05-20,East,Home & Kitchen,40011.3,5,Credit Card,POS,Refunded
TXN001243,CUST10806,2026-03-28,West,Beauty,28048.65,5,Net Banking,E-Commerce,Cancelled
TXN001943,CUST14981,2025-10-25,Central,Electronics,1825.85,1,Cash,Mobile App,Pending
TXN000377,CUST18065,2026-07-31,Central,Clothing,50267.12,4,Debit Card,Mobile App,Completed
TXN004447,CUST11011,2026-06-02,North,Clothing,12712.55,0,Credit Card,POS,Cancelled
TXN002706,CUST10036,2025-04-01,West,Sports,12684.66,2,Credit Card,Partner Portal,Refunded
TXN000860,CUST14413,2026-04-17,Central,Beauty,54923.44,8,Credit Card,POS,Completed
TXN004795,CUST15970,2025-08-24,East,Electronics,34293.42,7,UPI,Partner Portal,Completed
TXN004576,CUST18923,2026-02-28,South,Sports,14561.27,1,Debit Card,CRM,Pending
TXN000379,CUST15583,2026-09-21,South,Clothing,48464.16,4,Credit Card,CRM,Pending
TXN003371,CUST15218,2025-12-08,West,Clothing,29876.45,5,UPI,Mobile App,Cancelled
TXN004942,CUST12985,2026-05-22,West,Home & Kitchen,23964.72,4,Net Banking,Partner Portal,Cancelled
TXN001169,CUST17588,2025-10-25,North,Beauty,7073.73,3,Credit Card,E-Commerce,Pending
TXN002679,CUST12736,2025-03-03,Central,Electronics,20540.67,3,Credit Card,Partner Portal,Cancelled
TXN001946,CUST19249,2026-09-13,Central,Beauty,7660.25,1,Credit Card,POS,Cancelled
TXN003610,CUST15071,2025-05-01,South,Home & Kitchen,7730.52,7,Cash,E-Commerce,Cancelled
TXN004240,CUST19881,2025-09-17,West,Electronics,65963.82,6,Credit Card,Mobile App,Completed
TXN001908,,2026-02-19,West,Home & Kitchen,59421.04,7,UPI,Partner Portal,Pending
TXN001384,CUST12719,2026-09-22,South,Clothing,51004.62,6,Cash,E-Commerce,Cancelled
TXN002229,CUST19267,2026-07-31,South,Electronics,39334.72,8,Debit Card,Partner Portal,Refunded
TXN002342,CUST19161,2025-02-18,Central,Clothing,7540.83,3,Net Banking,Mobile App,Cancelled
TXN001420,CUST14139,2026-02-13,East,Sports,100224.32,8,UPI,Mobile App,Refunded
TXN000795,,2026-01-30,West,Home & Kitchen,34542.45,5,Cash,Mobile App,Cancelled
TXN002581,CUST19011,2025-08-25,North,Electronics,21400.92,6,Credit Card,POS,Completed
TXN000842,CUST12765,2026-04-19,North,Grocery,16002.28,4,Cash,Mobile App,Cancelled
TXN001724,CUST18034,2026-08-25,North,Grocery,85451.52,6,Credit Card,Mobile App,Completed
TXN000978,CUST16265,2026-01-12,North,Home & Kitchen,38588.8,8,Net Banking,E-Commerce,Cancelled
TXN000176,CUST19086,2025-02-23,North,Beauty,104994.72,8,Cash,CRM,Cancelled
TXN004444,CUST10864,2025-02-15,South,Grocery,13655.63,1,Debit Card,Partner Portal,Refunded
TXN002826,CUST10942,2026-06-28,East,Electronics,13315.32,3,Net Banking,Mobile App,Cancelled
TXN002023,CUST18443,2025-06-03,South,Clothing,2033.07,1,UPI,E-Commerce,Completed
TXN000046,CUST11138,2025-07-17,East,Clothing,34937.7,7,Cash,Mobile App,Cancelled
TXN003011,CUST11711,2025-12-28,North,Beauty,40789.68,4,Net Banking,Mobile App,Refunded
TXN004672,CUST17722,2025-09-01,South,Electronics,2698.6,5,Debit Card,E-Commerce,Completed
TXN002155,CUST19812,2026-08-24,North,Clothing,39850.53,3,UPI,Mobile App,Pending
TXN003292,CUST12024,2025-06-13,West,Sports,10482.8,5,Debit Card,Mobile App,Pending
TXN000897,CUST18477,2026-03-30,North,Electronics,34725.78,3,UPI,POS,Refunded
TXN001591,CUST11589,2026-07-03,South,Sports,-58556.16,4,UPI,Partner Portal,Pending
TXN001722,CUST17839,2025-11-08,Central,Sports,65288.58,7,Credit Card,Mobile App,Completed
TXN002496,CUST11570,2026-09-12,West,Home & Kitchen,3284.22,6,Debit Card,POS,Completed
TXN001838,CUST17885,2026-05-28,Central,Clothing,61684.96,8,Credit Card,POS,Completed
TXN004217,CUST19399,2026-03-29,South,Clothing,11972.13,3,Net Banking,CRM,Cancelled
TXN004090,CUST10868,2025-07-18,North,Sports,84306.4,8,Cash,POS,Completed
TXN003205,CUST10527,2025-05-19,Central,Beauty,68642.65,5,Cash,Partner Portal,Pending
TXN004940,CUST14711,2026-01-14,South,Clothing,8608.24,8,Credit Card,POS,Pending
TXN002499,CUST13042,2025-03-19,North,Electronics,52392.55,7,UPI,POS,Cancelled
TXN000284,CUST17382,2025-12-01,West,Home & Kitchen,9548.43,1,UPI,Partner Portal,Refunded
TXN001621,CUST14097,2026-04-06,East,Beauty,41099.72,4,Net Banking,Mobile App,Pending
TXN003768,CUST13372,2026-08-11,North,Grocery,90368.11,7,Net Banking,Mobile App,Completed
TXN004428,CUST13558,2026-06-25,South,Clothing,19677.14,7,Net Banking,CRM,Cancelled
TXN001414,,2025-02-07,South,Beauty,16939.93,7,Net Banking,POS,Cancelled
TXN004938,CUST12948,2025-08-27,North,Beauty,103659.84,8,UPI,E-Commerce,Completed
TXN003064,CUST11900,2026-05-02,North,Sports,55140.96,8,UPI,E-Commerce,Cancelled
TXN001058,CUST12390,2026-04-12,North,Sports,27185.49,3,UPI,POS,Completed
TXN001145,,2026-09-07,East,Sports,30670.68,3,UPI,POS,Completed
TXN004990,CUST14455,2025-09-05,East,Grocery,76219.68,8,Cash,E-Commerce,Refunded
TXN004253,CUST14472,2026-03-29,South,Home & Kitchen,51845.43,7,Cash,E-Commerce,Cancelled
TXN002765,CUST18760,2025-05-22,East,Electronics,8384.04,7,Debit Card,POS,Refunded
TXN003481,CUST18437,2026-03-19,South,Clothing,10751.2,4,Net Banking,E-Commerce,Completed
TXN001770,CUST17696,2025-08-25,North,Beauty,63325.43,7,Cash,E-Commerce,Completed
TXN004903,CUST17612,2026-02-08,Central,Sports,9614.08,2,Cash,Partner Portal,Completed
TXN003366,CUST17476,2025-07-20,South,Clothing,9996.48,1,Net Banking,POS,Pending
TXN003703,CUST19527,2025-12-07,South,Clothing,29638.56,2,Net Banking,E-Commerce,Completed
TXN003120,CUST17549,2025-09-04,West,Clothing,1609.65,3,Cash,Mobile App,Completed
TXN004968,CUST15382,2025-11-25,South,Sports,11539.79,1,Cash,CRM,Cancelled
TXN004629,,2026-07-26,West,Sports,16388.3,2,Cash,E-Commerce,Pending
TXN003682,CUST13461,2025-04-26,West,Clothing,70203.3,6,Credit Card,POS,Completed
TXN003826,CUST15470,2025-01-04,South,Home & Kitchen,2988.08,1,Credit Card,E-Commerce,Refunded
TXN001785,CUST18188,2026-06-21,South,Electronics,18107.18,7,Debit Card,CRM,Cancelled
TXN000100,CUST12147,2025-02-22,East,Grocery,16316.56,4,Net Banking,CRM,Completed
TXN002641,CUST17916,2025-01-08,West,Electronics,57988.75,5,Net Banking,Mobile App,Refunded
TXN003400,CUST19153,2025-08-02,East,Electronics,27113.8,4,Cash,Mobile App,Refunded
TXN001434,CUST18307,2025-06-14,West,Beauty,12109.32,6,Net Banking,CRM,Refunded
TXN003951,CUST14283,2025-12-26,South,Electronics,4789.8,2,Credit Card,Mobile App,Pending
TXN000352,CUST10863,2026-08-09,South,Home & Kitchen,11274.42,6,Cash,CRM,Refunded
TXN002819,CUST15318,2026-04-24,Central,Grocery,29660.4,5,Net Banking,Partner Portal,Cancelled
TXN004435,CUST10035,2026-01-19,North,Grocery,10931.98,2,UPI,CRM,Cancelled
TXN003102,CUST17869,2025-11-28,West,Home & Kitchen,56250.3,6,Net Banking,POS,Refunded
TXN004322,CUST18102,2025-04-03,Invalid,Sports,2053.63,1,Credit Card,Partner Portal,Cancelled
TXN000719,CUST13818,2026-07-04,North,Electronics,33425.01,3,Debit Card,Mobile App,Completed
TXN004621,CUST16742,2025-09-18,South,Home & Kitchen,8766.98,2,Cash,CRM,Cancelled
TXN002808,CUST13565,2026-08-24,Central,Beauty,6627.44,4,Cash,Mobile App,Cancelled
TXN003363,CUST11220,2025-04-20,East,Home & Kitchen,36880.68,4,Credit Card,Partner Portal,Refunded
TXN001816,CUST16572,2026-01-03,West,Home & Kitchen,22377.15,5,UPI,POS,Pending
TXN000309,CUST13229,2026-07-04,West,Electronics,16650.96,3,UPI,Mobile App,Cancelled
TXN002727,CUST14745,2025-01-31,East,Electronics,13462.39,1,Net Banking,Mobile App,Pending
TXN000834,CUST13858,2025-11-05,East,Home & Kitchen,28102.4,2,Debit Card,Mobile App,Cancelled
TXN000367,CUST17266,2025-03-08,South,Electronics,54188.76,4,UPI,CRM,Completed
TXN001744,CUST12087,2026-09-13,West,Sports,45017.08,4,Cash,Mobile App,Pending
TXN004084,CUST15238,2025-10-07,North,Grocery,55188.65,5,UPI,Mobile App,Completed
TXN004151,CUST14871,2026-03-23,Central,Electronics,42758.52,7,Cash,E-Commerce,Refunded
TXN004992,CUST18920,2025-01-06,East,Grocery,29144.45,5,Debit Card,Partner Portal,Pending
TXN003600,,2026-07-14,Central,Electronics,22116.15,5,Credit Card,POS,Completed
TXN000950,CUST18515,2025-12-15,South,Electronics,12342.34,1,Cash,Partner Portal,Refunded
TXN001176,CUST12114,2025-10-21,West,Clothing,43362.2,7,Cash,Partner Portal,Cancelled
TXN000020,CUST18836,2025-09-29,South,Beauty,101283.07,7,UPI,Mobile App,Cancelled
TXN001398,CUST12933,2025-08-07,North,Home & Kitchen,23194.48,4,Net Banking,POS,Pending
TXN002218,CUST11158,2025-05-31,North,Electronics,5484.06,1,Net Banking,Mobile App,Completed
TXN004061,CUST16787,2025-09-19,South,Home & Kitchen,16505.25,5,Net Banking,CRM,Cancelled
TXN000219,CUST14583,2026-01-31,Central,Beauty,91916.96,8,Cash,CRM,Pending
TXN004056,CUST13405,2025-07-10,South,Grocery,3475.69,1,Cash,POS,Completed
TXN000439,CUST18155,2027-05-25,South,Sports,23585.84,2,Debit Card,POS,Pending
TXN004859,CUST17501,2026-01-30,East,Sports,77107.68,8,Debit Card,Partner Portal,Cancelled
TXN001188,CUST19478,2026-07-29,Central,Home & Kitchen,5037.4,4,UPI,POS,Completed
TXN001823,CUST16813,2025-01-08,North,Grocery,42956.73,3,UPI,E-Commerce,Completed
TXN004885,CUST19809,2026-03-15,Central,Home & Kitchen,24227.08,4,Net Banking,POS,Cancelled
TXN003546,CUST10908,2026-01-04,East,Sports,54449.56,4,Cash,Partner Portal,Pending
TXN004035,CUST15509,2025-12-28,East,Grocery,56250.36,6,Debit Card,CRM,Refunded
TXN004769,CUST10424,2026-07-14,West,Home & Kitchen,50339.64,6,Credit Card,E-Commerce,Pending
TXN004052,CUST15412,2025-09-13,West,Grocery,24349.14,2,UPI,E-Commerce,Pending
TXN002852,CUST17294,2025-09-23,West,Grocery,18888.18,2,UPI,POS,Pending
TXN000803,CUST13309,2025-03-20,East,Beauty,95293.6,8,Net Banking,Mobile App,Cancelled
TXN004981,CUST15182,2025-10-16,West,Grocery,45027.36,7,Credit Card,CRM,Pending
TXN004927,CUST11354,2026-08-01,North,Sports,28636.6,4,UPI,Partner Portal,Refunded
TXN003845,CUST12704,2025-03-24,North,Sports,2643.42,6,Cash,POS,Refunded
TXN004044,CUST10040,2026-08-25,South,Sports,2855.62,1,Cash,Mobile App,Pending
TXN000583,CUST18290,2026-04-10,West,Beauty,11661.18,1,Debit Card,CRM,Cancelled
TXN000204,CUST15195,2026-02-24,North,Grocery,3934.74,2,Net Banking,Partner Portal,Cancelled
TXN004686,CUST10326,2025-09-15,North,Sports,47978.46,6,Net Banking,Mobile App,Pending
TXN003529,CUST15795,2025-01-23,West,Clothing,6632.16,4,UPI,Mobile App,Pending
TXN000945,CUST15293,2026-03-14,West,Grocery,12822.51,1,UPI,CRM,Refunded
TXN002319,CUST16078,2025-11-25,Central,Grocery,3352.92,4,Credit Card,E-Commerce,Cancelled
TXN002334,CUST19053,2025-03-12,East,Home & Kitchen,53083.3,5,UPI,POS,Refunded
TXN003520,CUST11801,2025-08-20,Central,Electronics,25160.42,2,Debit Card,Mobile App,Refunded
TXN001676,CUST17907,2025-08-17,Central,Home & Kitchen,4975.49,1,UPI,POS,Refunded
TXN000965,CUST17216,2026-07-23,South,Beauty,4443.58,2,Cash,POS,Completed
TXN002477,CUST18792,2026-08-07,East,Sports,8039.04,3,Cash,Mobile App,Cancelled
TXN002464,CUST12292,2025-07-30,West,Electronics,79709.98,7,Debit Card,POS,Refunded
TXN002482,CUST17781,2025-08-28,West,Electronics,24520.28,4,UPI,CRM,Pending
TXN001506,CUST12302,2026-07-25,North,Beauty,51872.95,5,UPI,POS,Refunded
TXN002032,CUST13560,2025-07-23,Central,Beauty,94635.6,8,Cash,E-Commerce,Completed
TXN000518,CUST13810,2026-03-12,North,Clothing,11676.96,3,Cash,Partner Portal,Refunded
TXN003896,CUST16918,2025-05-25,North,Sports,12653.97,1,Credit Card,Mobile App,Cancelled
TXN001407,CUST10053,2026-06-02,East,Clothing,18740.61,7,Cash,POS,Completed
TXN001938,CUST10295,2025-04-30,North,Home & Kitchen,19365.27,3,Credit Card,Partner Portal,Pending
TXN000669,CUST17626,2026-04-12,West,Home & Kitchen,51493.6,5,Debit Card,E-Commerce,Cancelled
TXN001903,CUST18258,2026-01-24,East,Clothing,23881.74,2,UPI,E-Commerce,Completed
TXN001484,CUST14016,2025-09-20,South,Beauty,31129.56,3,Net Banking,E-Commerce,Completed
TXN004986,CUST13748,2025-04-14,South,Beauty,10392.64,1,Debit Card,CRM,Refunded
TXN001540,CUST17985,2025-12-12,Central,Grocery,11711.22,3,Credit Card,POS,Cancelled
TXN002936,CUST14555,2026-02-11,South,Beauty,14752.17,3,Cash,E-Commerce,Refunded
TXN001778,CUST11664,2026-09-10,East,Home & Kitchen,2207.98,2,Cash,CRM,Refunded
TXN002427,CUST13029,2025-01-04,North,Electronics,23905.44,4,Net Banking,E-Commerce,Pending
TXN002331,CUST13661,2026-01-26,Central,Electronics,4621.78,2,Credit Card,E-Commerce,Cancelled
TXN003474,CUST16550,2025-02-15,North,Home & Kitchen,82477.38,6,Debit Card,E-Commerce,Cancelled
TXN003505,CUST17508,2026-08-05,South,Sports,48654.24,8,Cash,Mobile App,Pending
TXN001339,CUST18673,2025-06-20,West,Grocery,4144.86,2,UPI,E-Commerce,Refunded
TXN000760,CUST16057,2026-08-12,South,Home & Kitchen,20007.72,3,Cash,CRM,Cancelled
TXN002414,,2025-06-02,North,Electronics,94765.68,8,Debit Card,CRM,Cancelled
TXN002493,CUST16544,2026-05-02,West,Beauty,2324.71,1,Debit Card,CRM,Pending
TXN002755,CUST18244,2025-11-04,Central,Electronics,63825.3,5,Net Banking,Mobile App,Completed
TXN001193,CUST18888,2026-02-25,West,Sports,32087.7,6,UPI,CRM,Pending
TXN001026,CUST11364,2025-01-21,East,Sports,45277.54,7,Cash,E-Commerce,Pending
TXN000215,CUST15056,2026-05-26,West,Electronics,60252.16,8,Credit Card,Mobile App,Refunded
TXN002806,CUST14016,2025-06-13,West,Home & Kitchen,12657.27,1,Cash,POS,Refunded
TXN004623,CUST13464,2025-11-19,West,Grocery,16801.4,2,Debit Card,CRM,Completed
TXN001057,CUST17547,2025-04-20,East,Home & Kitchen,1658.37,7,,E-Commerce,Refunded
TXN001322,CUST19496,2026-05-07,North,Clothing,24753.2,4,Cash,Partner Portal,Cancelled
TXN000197,CUST11260,2026-04-06,Central,Home & Kitchen,33858.0,6,Cash,POS,Refunded
TXN001282,CUST14961,2026-08-01,North,Beauty,1849.33,7,Cash,Mobile App,Completed
TXN001633,CUST15040,2025-07-27,North,Clothing,43120.65,3,Cash,POS,Refunded
TXN004049,CUST17248,2026-05-22,Central,Beauty,43094.31,7,UPI,Partner Portal,Completed
TXN000888,CUST18249,2025-06-12,North,Electronics,37309.32,3,UPI,Mobile App,Completed
TXN001421,CUST13839,2025-11-04,Central,Electronics,14564.41,1,Net Banking,Mobile App,Cancelled
TXN002663,CUST13222,2025-10-10,West,Home & Kitchen,9164.65,5,Net Banking,Mobile App,Refunded
TXN000569,CUST17184,2025-04-15,North,Home & Kitchen,20555.05,5,Credit Card,E-Commerce,Completed
TXN002518,CUST18504,2025-03-04,West,Home & Kitchen,370.79,1,UPI,Mobile App,Refunded
TXN002789,CUST10098,2025-04-01,North,Sports,18704.85,5,Debit Card,E-Commerce,Completed
TXN000140,CUST16780,2026-03-17,East,Grocery,106660.48,8,Net Banking,Mobile App,Completed
TXN003660,CUST19304,2026-05-18,West,Beauty,2070.6,7,Credit Card,Mobile App,Cancelled
TXN003728,CUST19141,2025-04-17,Central,Electronics,50417.29,7,UPI,Partner Portal,Refunded
TXN001919,CUST13064,2026-01-13,East,Home & Kitchen,49186.14,6,Credit Card,CRM,Refunded
TXN000464,CUST19872,2026-04-09,Central,Clothing,6476.64,3,Cash,POS,Pending
TXN004146,CUST19583,2026-08-30,North,Beauty,7907.22,3,Credit Card,POS,Pending
TXN000595,CUST17413,2026-01-20,West,Grocery,27320.65,5,Credit Card,CRM,Cancelled
TXN002648,CUST15741,2026-07-23,North,Electronics,8015.82,3,Cash,E-Commerce,Cancelled
TXN000451,CUST17689,2025-01-12,West,Home & Kitchen,22898.88,3,Credit Card,Mobile App,Cancelled
TXN003483,CUST10013,2025-09-01,West,Grocery,12349.26,6,Credit Card,POS,Completed
TXN004993,CUST17809,2025-10-24,South,Grocery,67569.84,8,Net Banking,Mobile App,Refunded
TXN003129,CUST17603,2025-08-21,Central,Clothing,4350.22,2,Debit Card,E-Commerce,Refunded
TXN001096,CUST11932,2025-12-13,East,Clothing,49970.88,4,Net Banking,POS,Cancelled
TXN003248,CUST12467,2026-07-05,South,Home & Kitchen,20293.1,2,UPI,Mobile App,Refunded
TXN001129,CUST19000,2026-09-12,East,Beauty,-29615.82,6,Debit Card,Mobile App,Cancelled
TXN003047,CUST18339,2025-12-23,East,Electronics,40851.58,7,Debit Card,POS,Pending
TXN004076,CUST14079,2026-09-17,North,Home & Kitchen,20123.1,3,Net Banking,Mobile App,Refunded
TXN003048,CUST13560,2026-06-19,West,Clothing,8378.32,2,Net Banking,POS,Cancelled
TXN003337,CUST11060,2026-07-31,West,Grocery,18293.06,2,UPI,POS,Completed
TXN002081,CUST14304,2025-02-08,Central,Home & Kitchen,11260.44,1,Cash,Partner Portal,Completed
TXN004753,CUST14875,2026-06-20,West,Grocery,39286.52,4,UPI,Mobile App,Completed
TXN001000,CUST13398,2026-02-24,Central,Electronics,20448.8,8,Net Banking,CRM,Completed
TXN002628,CUST16436,2026-03-31,East,Sports,67771.32,6,Cash,Partner Portal,Pending
TXN004382,CUST17947,2025-01-05,North,Home & Kitchen,3855.87,3,Debit Card,CRM,Refunded
TXN000193,CUST14844,2025-11-25,East,Grocery,2586.06,2,Cash,Mobile App,Pending
TXN003865,CUST11440,2026-02-03,Central,Home & Kitchen,36659.56,7,Net Banking,Partner Portal,Cancelled
TXN004245,CUST18182,2025-09-06,Central,Clothing,10171.0,7,Cash,Mobile App,Cancelled
TXN002611,CUST14582,2026-02-28,West,Sports,22677.92,8,Debit Card,CRM,Refunded
TXN004296,CUST19902,2025-03-07,Central,Sports,8607.6,5,Net Banking,E-Commerce,Refunded
TXN004605,CUST15497,2025-04-17,South,Sports,32012.16,8,Cash,CRM,Refunded
TXN002087,CUST17159,2025-08-27,South,Home & Kitchen,34370.13,3,Cash,Partner Portal,Cancelled
TXN003920,CUST19271,2025-08-11,Central,Electronics,75026.88,8,Cash,CRM,Completed
TXN003214,CUST15511,2025-05-01,West,Clothing,69263.67,7,Credit Card,Partner Portal,Cancelled
TXN003759,CUST19669,2026-08-10,North,Sports,20347.8,2,Debit Card,CRM,Pending
TXN003935,CUST17658,2025-06-18,North,Electronics,88520.6,7,Credit Card,CRM,Pending
TXN004258,,2026-01-05,North,Clothing,43190.4,6,Debit Card,CRM,Pending
TXN004791,CUST18317,2025-06-11,East,Sports,4419.78,2,Net Banking,Mobile App,Cancelled
TXN004693,CUST18321,2025-11-28,North,Sports,5012.54,1,Credit Card,POS,Completed
TXN004045,CUST14643,2025-03-06,West,Sports,31881.52,4,Credit Card,Mobile App,Refunded
TXN004353,CUST13343,2025-05-04,East,Electronics,38062.96,8,Cash,POS,Completed
TXN001935,CUST15492,2025-03-17,East,Grocery,27297.0,4,Credit Card,CRM,Cancelled
TXN002590,CUST13740,2026-05-14,Central,Electronics,28036.44,6,Debit Card,Mobile App,Cancelled
TXN004991,CUST14361,2025-11-29,East,Sports,21584.04,2,Cash,POS,Completed
TXN000192,CUST16956,2026-06-16,North,Grocery,60185.55,5,Cash,E-Commerce,Cancelled
TXN002698,CUST11235,2025-09-09,West,Beauty,10490.88,1,Cash,CRM,Refunded
TXN003907,,2025-05-04,West,Grocery,41058.5,7,Credit Card,E-Commerce,Cancelled
TXN000758,CUST14660,2025-10-23,West,Home & Kitchen,2310.24,1,Cash,E-Commerce,Cancelled
TXN004730,CUST14749,2026-03-06,West,Beauty,71372.64,8,Net Banking,Mobile App,Completed
TXN001895,CUST18742,2025-05-10,North,Sports,3523.09,1,Net Banking,Mobile App,Pending
TXN002884,CUST15700,2025-01-30,North,Sports,19286.43,3,Cash,Mobile App,Pending
TXN001860,CUST14178,2025-09-13,Central,Grocery,21265.74,2,Credit Card,CRM,Refunded
TXN003616,CUST13301,2025-07-05,West,Beauty,23342.32,2,Cash,Partner Portal,Refunded
TXN003766,CUST13424,2025-03-19,North,Grocery,79540.65,7,Credit Card,E-Commerce,Refunded
TXN002866,CUST14591,2026-09-25,East,Electronics,31188.08,4,UPI,POS,Pending
TXN004901,CUST19503,2025-10-22,North,Clothing,19995.92,2,Net Banking,CRM,Refunded
TXN000313,CUST12839,2025-07-10,Central,Home & Kitchen,76551.76,8,Net Banking,POS,Pending
TXN001737,CUST13040,2026-07-25,Central,Grocery,36102.05,5,Credit Card,Partner Portal,Completed
TXN000167,CUST19875,2025-04-07,South,Clothing,30336.53,7,Credit Card,Partner Portal,Pending
TXN002175,CUST11271,2025-07-04,Central,Grocery,41145.96,6,Net Banking,CRM,Pending
TXN003350,CUST19795,2026-08-20,East,Grocery,44047.02,6,UPI,Partner Portal,Completed
TXN001025,CUST16926,2026-01-22,Central,Sports,21340.89,3,Net Banking,E-Commerce,Refunded
TXN001393,CUST10856,2026-05-02,South,Sports,4917.73,1,Net Banking,Mobile App,Refunded
TXN003965,CUST19377,2026-06-28,West,Grocery,5783.16,1,Debit Card,Mobile App,Refunded
TXN003937,CUST18695,2026-07-19,Central,Sports,66085.53,7,Credit Card,Mobile App,Refunded
TXN001913,CUST14238,2026-07-24,South,Sports,3997.96,1,Net Banking,Mobile App,Pending
TXN002232,CUST17290,2027-06-15,North,Electronics,349.05,3,UPI,E-Commerce,Pending
TXN003854,CUST10878,2026-06-10,South,Beauty,26690.32,8,Credit Card,CRM,Pending
TXN001742,CUST16775,2026-08-03,East,Home & Kitchen,11343.93,3,UPI,Mobile App,ERROR
TXN004946,CUST11698,2026-06-22,South,Home & Kitchen,53504.2,5,Debit Card,E-Commerce,Pending
TXN000153,CUST12879,2025-01-08,South,Grocery,89844.08,8,Cash,E-Commerce,Cancelled
TXN004362,CUST13117,2025-06-02,Central,Home & Kitchen,66990.65,5,Debit Card,Partner Portal,Cancelled
TXN004760,CUST12674,2026-01-09,Central,Clothing,21878.07,3,Cash,Partner Portal,Refunded
TXN003972,CUST18582,2025-03-06,Unknown,Beauty,13925.67,1,Cash,Mobile App,Pending
TXN001700,CUST10005,2025-09-12,North,Sports,18567.84,2,Credit Card,CRM,Cancelled
TXN001232,CUST11230,2025-04-24,East,Clothing,14212.46,1,Cash,Mobile App,Cancelled
TXN003190,CUST17553,2025-07-24,East,Clothing,5211.26,2,Net Banking,E-Commerce,Refunded
TXN003254,CUST16880,2025-09-03,Central,Grocery,47203.76,8,UPI,CRM,Cancelled
TXN002562,CUST16357,2025-02-16,South,Clothing,26561.86,2,Cash,CRM,Cancelled
TXN004896,CUST10191,2026-07-22,North,Clothing,18020.9,2,Net Banking,Mobile App,Pending
TXN002116,CUST12384,2026-02-15,North,Clothing,100132.72,8,Credit Card,Mobile App,Cancelled
TXN003334,CUST15244,2025-01-21,Central,Home & Kitchen,54915.44,8,Credit Card,E-Commerce,Refunded
TXN000032,CUST13854,2025-07-10,West,Electronics,17932.04,2,Cash,E-Commerce,Completed
TXN000938,CUST16167,2026-04-01,Central,Clothing,10719.24,2,Net Banking,E-Commerce,Completed
TXN001438,CUST17615,2025-07-22,East,Electronics,52638.64,8,Credit Card,Mobile App,Refunded
TXN000753,CUST11261,2026-02-05,North,Home & Kitchen,13190.25,3,UPI,CRM,Pending
TXN003041,CUST11406,2026-07-08,South,Grocery,52721.2,7,Credit Card,POS,Cancelled
TXN000310,CUST19618,2026-09-04,North,Clothing,64459.5,7,UPI,Mobile App,Pending
TXN002529,CUST10880,2026-02-19,North,Electronics,46760.63,7,Cash,E-Commerce,Cancelled
TXN001533,CUST19360,2026-09-21,South,Home & Kitchen,14438.14,2,Debit Card,Partner Portal,Pending
TXN003221,CUST10267,2025-03-08,Central,Home & Kitchen,36686.24,4,UPI,E-Commerce,Cancelled
TXN002697,CUST19950,2025-07-14,Central,Home & Kitchen,5581.18,1,UPI,E-Commerce,Cancelled
TXN000496,CUST15005,2026-05-07,West,Sports,53886.64,8,Credit Card,E-Commerce,Completed
TXN000206,CUST13695,2025-11-08,East,Sports,7539.93,3,UPI,CRM,Cancelled
TXN002758,CUST14517,2025-04-13,Central,Clothing,10191.52,2,Cash,CRM,Cancelled
TXN003793,CUST17389,2025-02-26,North,Sports,75493.26,6,Debit Card,POS,Completed
TXN004014,CUST17954,2025-08-11,Central,Grocery,40245.78,6,Debit Card,Partner Portal,Pending
TXN000306,CUST15423,2025-09-07,Central,Grocery,24970.38,3,Net Banking,E-Commerce,Refunded
TXN003916,CUST11396,2025-05-10,South,Sports,397.54,2,UPI,POS,Pending
TXN001889,CUST10125,2025-03-06,South,Clothing,21475.74,3,Credit Card,Partner Portal,Pending
TXN001062,CUST14638,2026-02-05,East,Beauty,15929.76,2,Debit Card,Partner Portal,Refunded
TXN000844,CUST13329,2026-04-10,South,Clothing,14926.64,8,UPI,Mobile App,Refunded
TXN003264,CUST15021,2026-02-16,West,Grocery,8679.02,7,Net Banking,CRM,Refunded
TXN004976,CUST14219,2025-01-25,North,Clothing,6877.48,2,Credit Card,POS,Completed
TXN000212,CUST16071,2025-12-20,Central,Sports,14338.94,7,Credit Card,POS,Pending
TXN001109,CUST14318,2027-02-13,South,Beauty,57621.2,5,Net Banking,E-Commerce,Refunded
TXN003837,CUST13237,2025-07-29,South,Home & Kitchen,2127.92,8,Debit Card,CRM,Pending
TXN000680,CUST14820,2026-09-19,North,Clothing,89108.53,7,Cash,CRM,Completed
TXN000566,CUST14455,2026-03-09,East,Beauty,31189.96,4,Cash,POS,Refunded
TXN004259,CUST19312,2025-03-09,East,Electronics,27260.16,8,Net Banking,Partner Portal,Pending
TXN003698,CUST10777,2025-07-07,East,Clothing,40845.12,8,Debit Card,Partner Portal,Pending
TXN000681,CUST14624,2026-07-28,North,Home & Kitchen,10407.0,6,Net Banking,Partner Portal,Refunded
TXN000181,CUST18992,2025-09-20,Central,Sports,50163.8,4,Net Banking,CRM,Cancelled
TXN002744,CUST19132,2026-04-28,East,Electronics,14664.11,1,Net Banking,E-Commerce,Pending
TXN004109,CUST15848,2025-12-27,North,Grocery,825.75,1,Net Banking,POS,Refunded
TXN004569,CUST18682,2025-01-14,West,Electronics,46373.6,7,Cash,E-Commerce,Cancelled
TXN004340,CUST11834,2025-05-15,Central,Electronics,3393.6,1,Debit Card,Mobile App,Cancelled
TXN000279,CUST10698,2026-08-03,South,Home & Kitchen,26864.78,2,Cash,Mobile App,Cancelled
TXN001236,CUST10988,2025-03-21,South,Electronics,29158.6,2,Debit Card,Mobile App,Refunded
TXN003076,CUST19369,2025-05-18,South,Beauty,37064.09,7,UPI,Mobile App,Cancelled
TXN000433,CUST18032,2026-03-21,East,Home & Kitchen,15620.16,3,Debit Card,Mobile App,Completed
TXN000290,CUST14934,2026-01-25,East,Grocery,6506.16,3,Debit Card,CRM,Pending
TXN001028,CUST17689,2025-03-15,South,Home & Kitchen,12817.08,6,Debit Card,CRM,Completed
TXN000536,CUST14315,2025-12-28,South,Clothing,10542.2,1,Credit Card,Mobile App,Cancelled
TXN003543,CUST14813,2025-06-24,North,Clothing,8187.88,2,UPI,Partner Portal,Refunded
TXN000189,CUST18445,2025-02-12,West,Sports,84043.38,6,Net Banking,POS,Completed
TXN002241,CUST11453,2025-05-19,East,Clothing,2944.44,3,Net Banking,POS,Pending
TXN004413,CUST11167,2026-04-21,Central,Clothing,50398.24,8,Debit Card,POS,Refunded
TXN002095,CUST10189,2026-06-04,Central,Home & Kitchen,39727.5,6,Credit Card,CRM,Cancelled
TXN000271,CUST18883,2026-07-14,North,Sports,22738.48,8,Credit Card,CRM,Completed
TXN002275,CUST18161,2026-06-02,North,Electronics,31763.6,8,Net Banking,E-Commerce,Pending
TXN004148,CUST16501,2026-06-10,Central,Sports,62587.02,6,Debit Card,Partner Portal,Completed
TXN002224,CUST18803,2025-07-08,East,Home & Kitchen,8379.7,5,Cash,CRM,Pending
TXN003817,CUST15908,2025-01-20,South,Sports,24489.06,3,Debit Card,Partner Portal,Cancelled
TXN000112,CUST14907,2025-04-13,North,Electronics,20630.72,8,UPI,CRM,Cancelled
TXN001171,CUST15904,2026-04-04,Central,Grocery,15454.23,3,Credit Card,Mobile App,Pending
TXN003403,CUST12901,2025-08-31,East,Sports,3491.93,1,Net Banking,Mobile App,Cancelled
TXN000221,CUST12246,2026-05-28,East,Grocery,775.02,1,Cash,Mobile App,Pending
TXN001993,CUST11278,2025-01-27,Central,Electronics,33568.08,8,Net Banking,Mobile App,Refunded
TXN000628,CUST17198,2025-07-29,Central,Grocery,5476.94,2,UPI,Mobile App,Pending
TXN004072,CUST18255,2025-04-26,South,Electronics,16559.85,5,UPI,CRM,Refunded
TXN003468,CUST13681,2026-01-08,Central,Home & Kitchen,70983.65,5,UPI,E-Commerce,Refunded
TXN004677,CUST17268,2025-04-29,Central,Beauty,22938.56,4,Cash,Mobile App,Cancelled
TXN000791,CUST18801,2025-07-16,North,Beauty,13297.1,5,Credit Card,E-Commerce,Refunded
TXN002073,CUST10784,2026-04-19,East,Clothing,20195.52,4,Cash,POS,Refunded
TXN000462,CUST12104,2026-08-16,North,Grocery,32953.11,3,Cash,Partner Portal,Cancelled
TXN004504,CUST16674,2026-03-07,North,Clothing,23525.36,4,Cash,POS,Cancelled
TXN000552,CUST18364,2025-10-19,West,Beauty,29663.1,6,Net Banking,CRM,Refunded
TXN001706,CUST17631,2025-02-08,West,Home & Kitchen,52352.48,8,Credit Card,Partner Portal,Completed
TXN001225,CUST17419,2025-10-09,South,Sports,13138.72,7,UPI,Partner Portal,Refunded
TXN000199,CUST14265,2026-07-30,West,Home & Kitchen,8000.94,2,Cash,POS,Refunded
TXN004824,CUST16210,2026-08-17,North,Sports,7369.8,4,,Mobile App,Completed
TXN004344,CUST12628,2025-10-01,Central,Grocery,19198.0,5,Cash,CRM,Cancelled
TXN000403,CUST19284,2025-04-26,Central,Sports,16307.69,7,Credit Card,CRM,Completed
TXN003160,CUST13991,2026-07-09,Central,Beauty,1530.68,2,Debit Card,Mobile App,Pending
TXN002202,CUST14882,2025-08-22,West,Home & Kitchen,96774.65,7,Cash,CRM,Cancelled
TXN004837,CUST11780,2025-08-24,South,Sports,28789.7,5,Credit Card,POS,Completed
TXN002603,CUST12413,2025-06-30,West,Electronics,42483.06,3,Credit Card,CRM,Refunded
TXN002827,CUST12870,2025-09-19,East,Clothing,10122.12,6,UPI,CRM,Refunded
TXN004532,CUST17217,2025-03-28,West,Clothing,90097.42,7,Debit Card,Partner Portal,Pending
TXN000651,CUST19012,2025-03-11,East,Electronics,22871.15,5,Credit Card,POS,Cancelled
TXN000709,CUST17066,2025-04-22,South,Sports,24466.26,3,Credit Card,Mobile App,Cancelled
TXN001565,CUST15011,2026-09-24,North,Beauty,19265.44,4,Credit Card,Mobile App,Cancelled
TXN004482,CUST10808,2026-01-16,Central,Sports,14408.36,4,Debit Card,E-Commerce,Pending
TXN002221,CUST16144,2025-07-18,South,Electronics,23353.4,5,Credit Card,Mobile App,Refunded
TXN002618,CUST10010,2026-08-24,Central,Sports,2691.48,6,Net Banking,POS,Completed
TXN001874,CUST10321,2026-05-24,East,Beauty,2321.53,1,Cash,Mobile App,Cancelled
TXN000315,CUST18057,2026-01-29,West,Beauty,49568.8,8,Net Banking,Mobile App,Pending
TXN002835,CUST17603,2025-11-02,South,Clothing,82344.96,6,Net Banking,Mobile App,Cancelled
TXN004544,CUST15341,2025-04-14,West,Clothing,5277.85,1,Debit Card,Partner Portal,Refunded
TXN000114,CUST16268,2025-06-29,Central,Beauty,18362.86,2,Debit Card,Mobile App,Pending
TXN000961,CUST17658,2025-07-13,Central,Beauty,83618.0,8,UPI,Partner Portal,Cancelled
TXN003007,CUST19826,2026-06-11,East,Electronics,32238.42,6,Net Banking,Partner Portal,Pending
TXN004611,CUST15568,2026-04-01,South,Home & Kitchen,7726.92,2,Debit Card,CRM,Refunded
TXN001719,CUST13130,2026-07-09,North,Electronics,28556.2,2,Credit Card,POS,Completed
TXN004136,CUST14096,2026-02-03,Central,Clothing,6740.64,3,Credit Card,Mobile App,Completed
TXN000588,CUST11162,2026-01-11,North,Home & Kitchen,36514.84,4,Net Banking,CRM,Refunded
TXN001667,CUST19959,2025-03-10,East,Home & Kitchen,63718.56,6,Debit Card,Partner Portal,Refunded
TXN004937,CUST18103,2025-06-28,South,Home & Kitchen,78603.04,8,Debit Card,POS,Refunded
TXN002733,CUST14277,2026-09-16,Central,Sports,18747.08,2,Net Banking,E-Commerce,Completed
TXN004663,CUST13293,2025-03-02,North,Grocery,4473.41,1,Net Banking,Mobile App,Refunded
TXN004598,CUST18448,2026-02-19,East,Beauty,45845.55,5,Net Banking,POS,Completed
TXN004051,CUST15013,2026-02-02,East,Grocery,79919.2,8,Cash,E-Commerce,Cancelled
TXN004669,CUST12067,2026-03-08,East,Grocery,66491.35,5,Credit Card,POS,Refunded
TXN001346,CUST14667,2026-08-12,South,Electronics,9492.3,6,UPI,POS,Refunded
TXN000327,CUST18106,2025-08-12,East,Clothing,86731.61,7,UPI,POS,ERROR
TXN000605,CUST14302,2026-08-09,North,Grocery,8267.47,1,Cash,Mobile App,Pending
TXN004255,CUST19478,2026-09-15,South,Electronics,80983.56,7,UPI,CRM,Completed
TXN004238,CUST19216,2026-08-31,East,Beauty,47195.36,4,UPI,Mobile App,Completed
TXN004346,CUST17567,2026-02-12,Central,Electronics,19420.76,4,Cash,Mobile App,Cancelled
TXN001922,CUST11009,2025-05-18,East,Electronics,73523.36,8,UPI,CRM,Cancelled
TXN003135,CUST14988,2025-03-22,East,Clothing,80135.04,8,UPI,E-Commerce,Refunded
TXN002955,CUST19955,2026-05-12,South,Grocery,23223.7,2,Net Banking,Partner Portal,Cancelled
TXN001719,CUST13130,2026-07-09,North,Electronics,28556.2,2,Credit Card,POS,Completed
TXN003436,CUST16525,2025-02-22,North,Grocery,52116.2,4,Cash,POS,Cancelled
TXN001504,CUST11213,2025-10-19,East,Beauty,14260.86,2,Net Banking,E-Commerce,Pending
TXN001850,CUST18601,2025-07-09,Central,Sports,26111.24,2,Credit Card,POS,Completed
TXN004952,CUST19807,2026-07-11,Central,Sports,20611.8,5,Debit Card,Partner Portal,Completed
TXN000790,CUST11120,2026-05-28,North,Sports,30492.6,4,Credit Card,Partner Portal,Pending
TXN004430,CUST15563,2025-03-28,East,Sports,3336.54,2,UPI,POS,Cancelled
TXN001331,CUST19412,2025-03-21,Central,Beauty,34098.0,4,Net Banking,Partner Portal,Completed
TXN002352,CUST18114,2025-04-15,East,Clothing,77349.44,8,Net Banking,CRM,Pending
TXN000872,CUST17455,2026-03-03,West,Sports,23889.0,5,UPI,POS,Pending
TXN003231,CUST16586,2025-08-06,West,Sports,73953.65,5,Net Banking,Mobile App,Refunded
TXN002656,CUST17597,2025-05-18,North,Electronics,13615.17,3,Cash,E-Commerce,Refunded
TXN003425,CUST17318,2026-07-25,Central,Grocery,58132.62,7,Credit Card,E-Commerce,Completed
TXN000074,CUST17136,2026-01-06,South,Beauty,85111.2,8,Cash,POS,Refunded
TXN002749,CUST15108,2025-01-13,North,Sports,24260.5,5,UPI,CRM,Pending
TXN001841,CUST16378,2025-12-26,West,Electronics,5168.69,1,Cash,Mobile App,Pending
TXN001418,CUST15484,2025-01-09,East,Beauty,19136.94,3,Credit Card,E-Commerce,Cancelled
TXN003654,CUST13676,2025-04-26,North,Grocery,12766.5,1,Credit Card,E-Commerce,Pending
TXN000093,CUST17680,2025-11-11,East,Beauty,33216.95,5,Net Banking,POS,Refunded
TXN004645,CUST16953,2026-04-10,Central,Sports,20387.42,2,Credit Card,Mobile App,Cancelled
TXN003932,CUST15825,2025-03-25,South,Sports,69187.15,5,Cash,Mobile App,Cancelled
TXN002314,CUST17132,2025-11-10,West,Grocery,41084.3,5,UPI,Partner Portal,Refunded
TXN002981,CUST19163,2025-12-19,North,Beauty,117775.6,8,Debit Card,Mobile App,Completed
TXN003002,CUST13779,2025-02-03,Central,Home & Kitchen,7618.16,4,Cash,CRM,Cancelled
TXN000495,CUST13630,2025-06-22,West,Clothing,4766.9,1,UPI,E-Commerce,Cancelled
TXN003846,CUST10490,2025-12-20,South,Clothing,70276.32,6,Credit Card,Mobile App,Refunded
TXN004126,CUST16114,2025-07-12,West,Beauty,62395.97,7,UPI,Mobile App,Pending
TXN003296,CUST13298,2025-05-16,South,Home & Kitchen,6659.44,8,Credit Card,CRM,Refunded
TXN001165,CUST10531,2026-07-19,South,Clothing,38448.0,4,Credit Card,Partner Portal,Completed
TXN001296,,2025-02-22,East,Grocery,2615.28,6,UPI,CRM,Pending
TXN001832,CUST19506,2026-09-07,South,Sports,7499.87,1,Cash,POS,Unknown
TXN001579,CUST17348,2025-03-08,Central,Beauty,1288.56,3,Credit Card,POS,Refunded
TXN002246,CUST19747,2025-02-28,South,Grocery,64543.14,6,Net Banking,Mobile App,Cancelled
TXN004633,CUST16560,2025-08-11,West,Sports,12935.14,2,Credit Card,Mobile App,Cancelled
TXN000619,CUST15600,2026-07-23,West,Beauty,17305.9,5,Debit Card,CRM,Refunded
TXN003253,CUST15803,2026-05-30,South,Grocery,12967.38,6,Net Banking,POS,Completed
TXN001787,CUST10263,2025-11-19,South,Grocery,24485.36,8,Debit Card,Mobile App,Pending
TXN004478,CUST17955,2026-08-18,West,Grocery,55816.08,4,Net Banking,Mobile App,Refunded
TXN001293,CUST18654,2026-02-22,West,Home & Kitchen,10353.2,2,Debit Card,Partner Portal,Refunded
TXN002139,,2025-02-24,West,Clothing,31914.2,4,Debit Card,Mobile App,Cancelled
TXN004548,CUST12636,2026-07-01,East,Home & Kitchen,1932.38,2,Credit Card,E-Commerce,Pending
TXN000870,CUST17613,2026-06-07,Central,Clothing,43777.93,7,UPI,POS,Completed
TXN002804,CUST12168,2026-04-30,West,Clothing,54730.4,5,Credit Card,Mobile App,Refunded
TXN001043,CUST17754,2026-01-20,East,Sports,69943.55,5,Net Banking,POS,Cancelled
TXN001437,CUST11311,2026-06-29,South,Electronics,91473.76,7,UPI,Partner Portal,Cancelled
TXN000357,CUST12333,2026-03-06,East,Electronics,115373.28,8,Credit Card,E-Commerce,Refunded
TXN001163,CUST11275,2025-07-19,East,Sports,8575.85,5,UPI,CRM,Pending
TXN004214,CUST15347,2025-01-15,West,Electronics,14834.36,4,UPI,POS,Pending
TXN001746,CUST12385,2026-07-30,North,Clothing,21193.34,2,UPI,Mobile App,Cancelled
TXN004369,CUST17811,2025-12-09,South,Grocery,17926.93,7,Net Banking,Partner Portal,Pending
TXN003075,CUST12481,2025-02-14,West,Electronics,12029.56,2,Credit Card,Partner Portal,Completed
TXN002856,CUST12549,2026-02-25,North,Beauty,31697.36,4,Net Banking,Mobile App,Completed
TXN001426,CUST11637,2025-01-06,West,Sports,19792.08,8,Net Banking,E-Commerce,Refunded
TXN003663,CUST19929,2026-03-29,East,Grocery,12175.91,1,UPI,Mobile App,Refunded
TXN003761,CUST14922,2026-03-18,North,Grocery,51708.58,7,Credit Card,CRM,Pending
TXN004554,CUST16193,2025-04-20,West,Electronics,85200.6,6,Cash,E-Commerce,Pending
TXN003786,CUST18461,2025-07-23,Central,Home & Kitchen,8640.17,7,Net Banking,CRM,Cancelled
TXN000333,CUST16277,2025-05-16,North,Beauty,9242.72,8,Credit Card,CRM,Cancelled
TXN001372,CUST11634,2025-11-06,East,Beauty,34688.45,5,Cash,Mobile App,Refunded
TXN004886,CUST15509,2026-01-10,Central,Home & Kitchen,4274.13,1,Cash,Mobile App,Cancelled
TXN001695,CUST17300,2025-05-03,Central,Beauty,34147.9,5,Cash,Mobile App,Pending
TXN001259,CUST17456,2026-09-20,Central,Clothing,13117.1,2,UPI,CRM,Completed
TXN003789,CUST14468,2025-01-28,East,Clothing,17688.04,4,UPI,Partner Portal,Cancelled
TXN001727,CUST12104,2025-08-10,Central,Beauty,10603.67,7,Credit Card,Partner Portal,Refunded
TXN001117,CUST19649,2026-01-05,Central,Sports,67018.14,6,UPI,E-Commerce,Cancelled
TXN004871,CUST15520,2026-05-22,North,Beauty,6763.95,3,Cash,E-Commerce,Refunded
TXN003671,CUST19116,2026-08-14,East,Sports,29317.7,2,Credit Card,Partner Portal,Refunded
TXN002595,CUST12267,2026-07-16,East,Sports,50335.11,7,Debit Card,E-Commerce,Refunded
TXN004327,CUST13942,2025-05-15,Central,Electronics,14074.06,7,UPI,CRM,Pending
TXN004441,CUST12410,2025-11-13,North,Sports,26452.36,2,Net Banking,Partner Portal,Completed
TXN001887,CUST14834,2025-07-20,West,Electronics,12179.64,4,Net Banking,E-Commerce,Pending
TXN000446,CUST16320,2026-02-14,West,Grocery,33202.48,8,Debit Card,CRM,Pending
TXN002315,CUST11459,2026-08-31,West,Home & Kitchen,110864.16,8,Net Banking,POS,Refunded
TXN000453,CUST19389,2025-08-29,West,Electronics,13881.02,2,Net Banking,Mobile App,Cancelled
TXN002355,CUST18746,2026-08-22,East,Beauty,35043.78,6,UPI,Partner Portal,Pending
TXN004503,CUST16793,2026-03-03,Central,Sports,25816.2,2,UPI,CRM,Pending
TXN004088,CUST13627,2025-11-20,South,Clothing,1687.12,2,Net Banking,POS,Pending
TXN000015,CUST15574,2026-07-04,North,Clothing,57760.6,5,Net Banking,E-Commerce,Refunded
TXN002707,CUST16655,2025-04-23,West,Home & Kitchen,36051.48,3,Credit Card,Partner Portal,Completed
TXN000946,CUST10713,2026-05-23,South,Electronics,46842.78,6,UPI,Mobile App,Refunded
TXN000248,CUST18362,2025-07-30,West,Electronics,11640.24,8,Net Banking,E-Commerce,Refunded
TXN003327,CUST13343,2026-06-03,South,Clothing,4191.46,1,Cash,CRM,Completed
TXN000361,CUST17636,2025-06-09,East,Grocery,5098.38,2,Credit Card,Partner Portal,Cancelled
TXN004728,CUST17780,2026-01-13,North,Grocery,33807.0,5,Cash,E-Commerce,Pending
TXN001630,CUST19422,2025-10-07,South,Home & Kitchen,28963.35,3,Net Banking,POS,Refunded
TXN004270,CUST11589,2026-08-25,East,Clothing,52008.6,6,,POS,Refunded
TXN002374,CUST13355,2026-07-19,North,Home & Kitchen,9280.38,6,Cash,CRM,Completed
TXN001361,CUST10475,2026-05-16,East,Clothing,72377.27,7,Cash,E-Commerce,Refunded
TXN003277,CUST18639,2025-12-24,Central,Clothing,57071.64,4,Debit Card,CRM,Refunded
TXN002373,CUST16177,2025-10-31,North,Clothing,2210.73,3,UPI,Partner Portal,Completed
TXN003606,CUST13252,2026-02-19,Central,Clothing,42247.35,3,Credit Card,CRM,Completed
TXN002610,CUST10540,2025-02-10,East,Sports,61861.44,6,Debit Card,E-Commerce,Pending
TXN004959,CUST13592,2025-12-15,West,Electronics,88569.44,8,UPI,Mobile App,Cancelled
TXN002946,CUST14636,2025-04-17,Central,Beauty,1787.03,7,Cash,CRM,Completed
TXN000491,CUST19295,2025-07-18,N/A,Sports,5604.46,2,Net Banking,Partner Portal,Completed
TXN000863,CUST13412,2025-09-03,South,Grocery,10002.37,7,Net Banking,POS,Pending
TXN001936,CUST18784,2025-02-07,West,Beauty,10188.9,5,Credit Card,POS,Completed
TXN002485,CUST10571,2025-06-24,East,Grocery,53708.56,4,Net Banking,E-Commerce,Completed
TXN003098,CUST16497,2026-03-19,South,Grocery,2796.96,6,Net Banking,E-Commerce,Pending
TXN002521,CUST13303,2025-08-29,West,Beauty,30942.33,3,Cash,Partner Portal,Refunded
TXN003526,CUST13793,2025-12-17,South,Clothing,20982.74,2,Credit Card,Mobile App,Completed
TXN003459,CUST15379,2025-03-09,West,Sports,37105.0,5,Credit Card,CRM,Completed
TXN000507,CUST14601,2025-06-19,South,Home & Kitchen,4994.44,4,Debit Card,E-Commerce,Cancelled
TXN004160,CUST18180,2025-11-06,West,Home & Kitchen,14572.98,1,Credit Card,CRM,Refunded
TXN000026,CUST17351,2025-09-12,South,Grocery,-11736.44,4,Debit Card,POS,Refunded
TXN002054,CUST14940,2025-07-03,Central,Electronics,78354.72,8,Debit Card,POS,Pending
TXN001223,CUST14556,2026-06-24,Central,Beauty,6534.04,4,Credit Card,Partner Portal,Refunded
TXN001114,CUST10780,2026-03-05,South,Electronics,19462.52,4,Credit Card,CRM,Cancelled
TXN002019,CUST11897,2025-03-16,East,Clothing,8215.24,4,Credit Card,E-Commerce,Completed
TXN003536,CUST11551,2025-12-07,South,Clothing,30821.8,5,Debit Card,Mobile App,Completed
TXN002524,CUST11586,2025-08-13,South,Grocery,26299.88,4,Credit Card,CRM,Completed
TXN004744,CUST17332,2026-03-19,West,Grocery,45278.08,0,Net Banking,E-Commerce,Cancelled
TXN000434,CUST12150,2025-08-22,South,Beauty,43739.28,4,Credit Card,Partner Portal,Pending
TXN002132,CUST13060,2025-01-10,North,Home & Kitchen,17415.58,7,Debit Card,POS,Pending
TXN003263,CUST11668,2025-11-18,East,Sports,2785.56,2,Debit Card,Mobile App,Cancelled
TXN002928,CUST14696,2025-10-05,West,Sports,56435.08,4,UPI,Partner Portal,Refunded
TXN002158,CUST13858,2026-08-30,South,Sports,20197.92,8,Credit Card,E-Commerce,Completed
TXN003981,CUST18744,2026-06-29,East,Grocery,12243.8,4,Cash,E-Commerce,Pending
TXN003271,CUST13992,2026-05-12,South,Sports,34104.5,5,Cash,CRM,Cancelled
TXN002198,CUST14863,2025-07-07,South,Beauty,14154.5,2,UPI,Mobile App,Cancelled
TXN004962,CUST11132,2025-04-03,West,Beauty,17277.5,2,Credit Card,CRM,Cancelled
TXN003013,CUST12624,2025-05-09,Central,Electronics,11777.93,1,UPI,Mobile App,Completed
TXN001103,CUST13252,2025-01-06,North,Home & Kitchen,79591.74,6,UPI,CRM,Pending
TXN004627,CUST16634,2025-10-28,West,Electronics,45116.25,5,Net Banking,E-Commerce,Pending
TXN001920,CUST14585,2026-01-22,East,Sports,31133.8,5,Cash,Partner Portal,Completed
TXN003485,CUST11268,2026-03-07,East,Home & Kitchen,55701.04,8,Debit Card,Mobile App,Completed
TXN003966,CUST16462,2025-07-05,North,Electronics,8802.1,1,Debit Card,E-Commerce,Refunded
TXN000157,CUST16485,2026-08-27,East,Beauty,55349.28,7,UPI,E-Commerce,Cancelled
TXN003122,CUST15525,2025-09-07,Central,Electronics,104667.99,7,UPI,CRM,Cancelled
TXN001878,CUST17059,2026-06-30,Central,Electronics,44687.64,6,Credit Card,CRM,Pending
TXN000616,CUST18203,2027-08-19,West,Sports,5755.24,2,Credit Card,CRM,Pending
TXN000644,CUST11526,2026-04-12,East,Clothing,-83874.3,6,UPI,Mobile App,Completed
TXN004823,CUST14691,2025-10-23,North,Clothing,689.2,2,Credit Card,Mobile App,Cancelled
TXN001733,CUST17045,2026-03-25,North,Beauty,44507.76,8,Cash,POS,Completed
TXN001069,CUST11967,2025-10-09,North,Electronics,44584.88,8,Credit Card,Mobile App,Pending
TXN003394,CUST13567,2025-12-13,N/A,Electronics,28614.95,5,Credit Card,E-Commerce,Completed
TXN002728,CUST14997,2026-09-24,South,Electronics,28706.2,2,UPI,Partner Portal,Completed
TXN004305,CUST15960,2025-11-25,North,Clothing,3456.24,3,Cash,Partner Portal,Refunded
TXN001439,CUST16051,2026-01-11,East,Grocery,13348.57,1,UPI,POS,Completed
TXN000331,CUST11495,2025-11-09,North,Electronics,25982.16,4,Debit Card,Mobile App,Completed
TXN004904,CUST11735,2026-02-15,East,Electronics,6278.56,4,Credit Card,CRM,Cancelled
TXN002729,CUST13345,2025-08-11,Central,Sports,9306.55,5,Net Banking,POS,Pending
TXN002650,CUST10209,2026-08-27,North,Home & Kitchen,66120.5,5,Debit Card,E-Commerce,Cancelled
TXN000623,CUST12385,2025-07-08,North,Clothing,75653.34,6,Net Banking,Mobile App,Cancelled
TXN003188,CUST16841,2026-07-14,East,Sports,83152.02,7,Credit Card,Partner Portal,Completed
TXN002396,CUST11557,2026-02-20,North,Grocery,59566.56,8,UPI,Partner Portal,Pending
TXN004183,CUST18767,2025-09-02,Central,Grocery,26950.44,2,Debit Card,E-Commerce,Completed
TXN002998,CUST16428,2025-01-21,South,Beauty,27348.0,3,Cash,Partner Portal,Completed
TXN004138,CUST10830,2025-09-23,West,Electronics,82473.52,8,Debit Card,Partner Portal,Completed
TXN001836,CUST18990,2025-10-23,North,Electronics,74842.45,5,Debit Card,CRM,Completed
TXN002795,CUST13735,2025-03-08,South,Sports,65037.21,7,UPI,POS,Pending
TXN000756,CUST15617,2026-06-17,East,Grocery,37405.26,6,Cash,Partner Portal,Refunded
TXN000519,CUST10117,2025-09-21,Central,Sports,725.96,4,Credit Card,Partner Portal,Unknown
TXN004984,CUST15051,2026-01-12,South,Electronics,54388.62,6,UPI,CRM,Refunded
TXN000033,CUST19261,2025-03-25,Central,Clothing,69264.02,7,UPI,E-Commerce,Cancelled
TXN003035,CUST18679,2025-07-28,South,Electronics,39123.92,4,UPI,Mobile App,Pending
TXN001158,CUST10217,2025-12-12,East,Electronics,93942.48,8,Debit Card,CRM,Completed
TXN000745,CUST17599,2026-08-08,South,Beauty,14648.67,1,Net Banking,E-Commerce,Cancelled
TXN004678,CUST12186,2026-01-01,West,Electronics,74995.02,6,UPI,CRM,Completed
TXN003627,CUST19302,2026-09-18,North,Grocery,85959.54,6,Cash,Partner Portal,Refunded
TXN002410,CUST17516,2025-02-02,North,Grocery,18111.69,3,Net Banking,POS,Completed
TXN002673,CUST14390,2025-11-17,South,Electronics,89236.72,8,Net Banking,POS,Pending
TXN000784,CUST19792,2026-01-07,Central,Clothing,36821.64,3,Debit Card,POS,Completed
TXN001877,CUST15321,2026-04-29,North,Clothing,53459.32,4,UPI,Mobile App,Pending
TXN003581,CUST11106,2026-05-16,Central,Beauty,68869.5,6,Debit Card,POS,Refunded
TXN000230,CUST14481,2025-11-21,East,Electronics,42377.36,8,Cash,Partner Portal,Refunded
TXN000858,CUST11259,2026-06-23,South,Grocery,18913.92,3,Credit Card,POS,Completed
TXN003348,CUST16448,2025-10-04,Central,Clothing,37635.28,8,UPI,Mobile App,Pending
TXN002433,CUST15843,2025-08-24,South,Clothing,57693.42,6,Net Banking,Partner Portal,Cancelled
TXN000409,CUST18443,2026-06-13,South,Electronics,73998.96,6,UPI,Partner Portal,Refunded
TXN000171,CUST11658,2025-06-08,Central,Sports,9014.6,2,Cash,CRM,Cancelled
TXN000541,CUST18375,2026-05-18,East,Grocery,44302.44,3,Debit Card,Partner Portal,Pending
TXN002639,CUST12079,2025-05-24,East,Beauty,35227.25,5,UPI,E-Commerce,Pending
TXN002375,CUST12573,2025-10-07,North,Beauty,42380.6,4,Credit Card,E-Commerce,Pending
TXN002647,CUST15225,2026-01-07,East,Electronics,69336.35,5,Cash,Mobile App,Pending
TXN000614,CUST10137,2025-07-25,North,Grocery,4454.85,5,UPI,POS,Completed
TXN001927,CUST10570,2025-08-20,North,Electronics,13247.5,1,Cash,Partner Portal,Refunded
TXN004550,CUST11485,2026-06-13,East,Grocery,4657.24,1,Credit Card,POS,Refunded
TXN003552,CUST10547,2026-09-16,West,Electronics,46625.18,7,UPI,POS,Completed
TXN001162,CUST16638,2026-04-25,West,Home & Kitchen,38132.24,8,Credit Card,POS,Refunded
TXN002408,CUST18745,2026-01-25,North,Clothing,58342.25,5,UPI,POS,Completed
TXN004813,CUST10461,2026-07-15,South,Grocery,33346.32,4,Cash,POS,Pending
TXN002099,CUST10820,2026-02-06,East,Electronics,80018.32,8,Cash,POS,Pending
TXN001704,CUST13848,2025-06-28,West,Sports,1777.54,1,Cash,POS,Cancelled
TXN003258,CUST15851,2025-02-04,Central,Home & Kitchen,39562.25,7,Debit Card,POS,Cancelled
TXN004913,CUST17172,2025-05-13,Central,Home & Kitchen,76087.9,7,UPI,CRM,Completed
TXN000565,CUST12676,2026-02-26,West,Grocery,41872.67,7,Debit Card,POS,Completed
TXN003689,CUST11910,2026-08-29,North,Beauty,3095.7,2,Credit Card,Partner Portal,Cancelled
TXN004314,CUST13160,2025-04-17,West,Sports,7288.86,6,Net Banking,POS,Cancelled
TXN002281,CUST19399,2025-01-28,North,Home & Kitchen,17389.85,5,Net Banking,Partner Portal,Completed
TXN001555,CUST18103,2026-09-10,West,Grocery,22171.56,6,Credit Card,CRM,Cancelled
TXN004408,CUST15158,2025-07-03,North,Electronics,3588.6,5,Net Banking,POS,Refunded
TXN004758,CUST17297,2025-03-21,Central,Grocery,27711.25,7,Credit Card,POS,Completed
TXN002725,CUST14121,2026-06-22,Central,Home & Kitchen,2483.85,3,Credit Card,POS,Pending
TXN003834,CUST18514,2026-02-14,South,Grocery,34867.89,3,Debit Card,E-Commerce,Refunded
TXN004570,CUST12867,2026-09-04,West,Clothing,79756.88,8,UPI,Mobile App,Completed
TXN002465,,2026-08-05,Central,Electronics,12855.56,4,Credit Card,POS,Cancelled
TXN002560,CUST10532,2025-03-24,North,Home & Kitchen,24266.12,2,UPI,Mobile App,Completed
TXN001892,CUST19737,2026-04-09,Central,Beauty,37346.28,3,Cash,E-Commerce,Refunded
TXN001173,CUST17452,2026-07-15,East,Home & Kitchen,15067.58,2,UPI,E-Commerce,Completed
TXN001505,CUST19206,2026-08-27,North,Grocery,43269.55,5,Debit Card,POS,Cancelled
TXN000326,CUST11527,2026-05-15,West,Beauty,52626.84,6,UPI,CRM,Refunded
TXN001052,CUST12017,2025-09-21,South,Sports,114219.28,8,Net Banking,CRM,Cancelled
TXN003044,CUST10015,2026-08-01,North,Electronics,22702.36,4,UPI,POS,Refunded
TXN003404,CUST15576,2026-05-27,North,Electronics,74593.6,5,UPI,Partner Portal,Cancelled
TXN004077,CUST12876,2025-12-26,South,Home & Kitchen,89969.74,7,Net Banking,CRM,Refunded
TXN003226,CUST15629,2026-01-28,North,Grocery,25085.49,3,UPI,E-Commerce,Cancelled
TXN001584,CUST12939,2025-07-19,South,Electronics,58795.0,4,Net Banking,CRM,Cancelled
TXN001197,CUST17449,2025-10-24,Central,Grocery,22798.16,7,Credit Card,E-Commerce,Refunded
TXN000621,CUST12271,2026-04-05,Central,Sports,9542.04,3,Debit Card,E-Commerce,Cancelled
TXN002134,CUST11699,2026-09-20,North,Home & Kitchen,11826.28,2,UPI,CRM,Completed
TXN002975,CUST12699,2025-11-23,Central,Sports,111375.36,8,Debit Card,CRM,Refunded
TXN001190,CUST19477,2026-04-07,North,Electronics,28652.91,3,Debit Card,E-Commerce,Refunded
TXN000329,CUST17010,2025-06-11,South,Beauty,55216.96,8,Debit Card,POS,Pending
TXN000649,CUST17617,2025-07-18,North,Beauty,1861.29,1,Debit Card,Partner Portal,Refunded
TXN000898,CUST10608,2025-06-18,South,Sports,7111.16,7,Credit Card,Partner Portal,Cancelled
TXN002660,,2025-08-22,West,Electronics,21476.96,8,Net Banking,Mobile App,Pending
TXN001124,CUST18345,2026-06-30,West,Sports,5132.44,2,Net Banking,Mobile App,Cancelled
TXN002768,CUST17028,2025-05-13,East,Electronics,19479.98,2,Cash,Partner Portal,Completed
TXN004715,CUST15946,2026-03-07,North,Home & Kitchen,25512.06,3,Net Banking,Partner Portal,Cancelled
TXN002320,CUST12640,2025-12-25,West,Grocery,5013.06,2,Debit Card,Mobile App,Cancelled
TXN004113,CUST12908,2026-09-11,East,Home & Kitchen,90405.76,8,Credit Card,CRM,Pending
TXN002032,CUST13560,2025-07-23,Central,Beauty,94635.6,8,Cash,E-Commerce,Completed
TXN003113,CUST16939,2025-09-25,South,Clothing,40740.03,3,Cash,Mobile App,Cancelled
TXN004330,CUST19835,2025-10-14,South,Beauty,1894.74,6,Debit Card,E-Commerce,Completed
TXN002214,CUST14717,2025-02-19,Central,Home & Kitchen,14740.25,1,UPI,CRM,Pending
TXN001635,CUST16713,2025-06-17,South,Sports,13053.32,7,Cash,Mobile App,Cancelled
TXN001596,CUST17872,2025-02-12,Central,Electronics,5841.0,6,Cash,CRM,Cancelled
TXN001024,CUST13300,2025-10-20,East,Grocery,116152.88,8,Credit Card,POS,Refunded
TXN004499,CUST12090,2025-01-13,North,Grocery,70818.72,0,UPI,POS,Refunded
TXN002463,CUST13385,2025-11-03,West,Electronics,42992.16,4,UPI,Partner Portal,Refunded
TXN003444,CUST19723,2026-08-23,North,Clothing,45793.56,0,Cash,POS,Invalid
TXN002716,CUST19339,2025-10-06,West,Grocery,5612.88,3,Debit Card,Partner Portal,Cancelled
TXN004748,CUST16440,2026-05-08,West,Sports,74735.45,5,Net Banking,POS,Refunded
TXN000810,CUST15655,2025-12-16,East,Grocery,10853.64,7,UPI,CRM,Pending
TXN002944,CUST19230,2025-10-08,Central,Beauty,8587.12,2,UPI,CRM,Completed
TXN000979,CUST14826,2025-03-19,Central,Sports,81191.94,6,Cash,CRM,Cancelled
TXN003943,CUST13624,2027-05-12,West,Grocery,6939.73,1,Net Banking,POS,Refunded
TXN002868,CUST18778,2025-11-27,West,Electronics,3056.94,1,UPI,Mobile App,Completed
TXN002269,CUST19643,2025-05-20,North,Clothing,22329.4,4,Debit Card,Mobile App,Completed
TXN002701,CUST17353,2025-12-03,North,Electronics,3075.73,1,,CRM,Pending
TXN001483,CUST10918,2025-10-05,West,Sports,29119.02,2,Cash,E-Commerce,Pending
TXN004385,CUST19533,2025-01-08,North,Grocery,10384.9,1,Net Banking,POS,Pending
TXN004329,CUST18671,2025-03-04,East,Home & Kitchen,39821.31,3,UPI,CRM,Refunded
TXN001910,CUST10869,2026-07-20,West,Home & Kitchen,9412.75,1,Debit Card,Mobile App,Refunded
TXN001872,CUST16076,2026-07-19,Central,Clothing,5209.14,3,Credit Card,POS,Cancelled
TXN000175,CUST16860,2025-10-16,South,Home & Kitchen,53153.17,7,Cash,E-Commerce,Cancelled
TXN004000,CUST13216,2026-03-28,North,Home & Kitchen,38665.65,5,UPI,Partner Portal,Cancelled
TXN004221,CUST17542,2025-09-09,East,Home & Kitchen,18531.45,5,Debit Card,POS,Refunded
TXN001567,CUST12762,2026-03-25,East,Electronics,68076.54,6,Credit Card,E-Commerce,Cancelled
TXN004531,CUST16778,2025-10-11,East,Sports,53452.72,8,Credit Card,E-Commerce,Refunded
TXN000218,CUST19205,2025-02-16,South,Clothing,6035.75,7,Cash,POS,Completed
TXN004042,CUST12838,2025-04-21,North,Home & Kitchen,75804.96,6,Net Banking,POS,Completed
TXN003842,CUST12384,2025-10-24,West,Home & Kitchen,4915.81,1,Cash,Mobile App,Cancelled
TXN001445,CUST14209,2026-03-09,North,Grocery,3034.57,7,Credit Card,E-Commerce,Cancelled
TXN000691,CUST14828,2026-08-11,East,Home & Kitchen,38238.84,6,Credit Card,Partner Portal,Cancelled
TXN002659,CUST18614,2026-02-05,East,Electronics,16769.95,5,Credit Card,Partner Portal,Cancelled
TXN002303,CUST18138,2026-08-29,East,Home & Kitchen,40906.8,6,Credit Card,Mobile App,Completed
TXN002308,CUST10464,2025-05-16,West,Clothing,78522.48,8,Cash,Partner Portal,Refunded
TXN001107,CUST15606,2025-08-31,West,Sports,10206.82,1,Credit Card,Mobile App,Refunded
TXN001616,,2025-08-19,West,Electronics,28336.44,3,Net Banking,CRM,Pending
TXN002681,CUST10599,2026-02-26,South,Beauty,4169.69,7,Debit Card,Mobile App,Cancelled
TXN001618,CUST12784,2026-02-24,East,Clothing,9316.93,1,Credit Card,E-Commerce,Completed
TXN000612,CUST18574,2025-08-03,East,Sports,12546.56,4,Net Banking,Partner Portal,Pending
TXN003290,CUST15027,2025-12-16,North,Sports,2761.92,3,Credit Card,CRM,Refunded
TXN003351,CUST18699,2026-02-23,East,Beauty,5321.68,7,Credit Card,E-Commerce,Refunded
TXN003833,CUST13778,2025-07-18,South,Clothing,22317.75,3,Debit Card,E-Commerce,Cancelled
TXN000577,CUST12540,2026-08-19,East,Electronics,82858.08,8,,E-Commerce,Refunded
TXN004426,CUST11912,2025-09-09,East,Beauty,58576.05,5,Debit Card,CRM,Cancelled
TXN004505,CUST11176,2025-05-03,South,Home & Kitchen,12857.95,7,Cash,POS,Refunded
TXN001181,CUST19902,2025-03-08,N/A,Home & Kitchen,31212.66,6,Net Banking,CRM,Cancelled
TXN000889,CUST13672,2026-09-25,West,Clothing,7593.0,4,UPI,POS,Completed
TXN003236,CUST12961,2025-10-27,South,Clothing,42441.65,5,Debit Card,POS,Refunded
TXN001834,CUST17863,2025-03-23,North,Electronics,58427.76,6,Debit Card,POS,Pending
TXN004054,CUST18510,2025-10-02,North,Electronics,41426.35,7,Cash,E-Commerce,Pending
TXN000818,CUST14914,2025-03-20,West,Beauty,38095.65,5,Cash,POS,Pending
TXN003387,CUST12022,2025-04-28,Central,Electronics,82175.12,8,UPI,Partner Portal,Completed
TXN004234,CUST17756,2026-01-02,West,Grocery,12838.29,3,Net Banking,POS,Cancelled
TXN000209,CUST19374,2025-02-16,West,Sports,49009.2,5,Credit Card,Mobile App,Cancelled
TXN000294,CUST16525,2026-05-06,East,Clothing,16480.8,6,Net Banking,Partner Portal,Pending
TXN001120,CUST13310,2025-11-05,Central,Beauty,118765.6,8,Debit Card,CRM,Pending
TXN002283,CUST16403,2025-12-26,South,Beauty,23458.95,3,Credit Card,Partner Portal,Pending
TXN001703,CUST14305,2025-02-05,West,Home & Kitchen,9201.1,2,Credit Card,CRM,Refunded
TXN001265,CUST14076,2025-02-02,West,Grocery,112005.84,8,Net Banking,CRM,Cancelled
TXN000991,CUST16040,2025-10-26,Central,Electronics,13748.98,2,Debit Card,POS,Refunded
TXN003899,CUST15774,2025-09-27,North,Grocery,42669.9,5,Credit Card,Partner Portal,Cancelled
TXN004429,CUST11921,2025-10-10,East,Home & Kitchen,27603.55,5,UPI,POS,Pending
TXN002400,CUST16542,2025-06-04,Central,Grocery,40007.59,7,Debit Card,Partner Portal,Cancelled
TXN000354,CUST14980,2026-01-13,Central,Home & Kitchen,17779.08,4,Net Banking,POS,Refunded
TXN001963,,2026-09-19,North,Electronics,74226.3,6,Net Banking,Partner Portal,Completed
TXN001617,CUST12349,2026-09-09,Central,Clothing,41985.55,5,Credit Card,CRM,Completed
TXN004630,CUST19595,2025-12-31,East,Electronics,35636.1,3,UPI,E-Commerce,Pending
TXN001490,CUST17919,2026-05-20,Central,Clothing,14990.19,3,UPI,POS,Pending
TXN002635,CUST19718,2025-08-23,South,Beauty,167.19,1,Cash,POS,Cancelled
TXN004079,CUST12275,2025-12-13,North,Beauty,19118.1,3,Debit Card,Mobile App,Refunded
TXN003862,CUST18042,2025-01-15,South,Beauty,26580.2,5,UPI,Mobile App,Refunded
TXN001229,CUST17448,2026-02-07,West,Beauty,52386.05,5,Credit Card,POS,Completed
TXN000260,CUST16689,2026-06-22,South,Clothing,62850.0,6,Net Banking,E-Commerce,Refunded
TXN001607,CUST13105,2026-03-02,West,Clothing,40034.82,7,Cash,CRM,Refunded
TXN002577,CUST11844,2025-10-16,Central,Sports,42287.84,4,Debit Card,Partner Portal,Pending
TXN004813,CUST10461,2026-07-15,South,Grocery,33346.32,4,Cash,POS,Pending
TXN001875,CUST11778,2025-01-02,East,Beauty,23855.6,8,Net Banking,POS,Cancelled
TXN002621,CUST19379,2025-02-03,North,Sports,19799.1,5,Debit Card,E-Commerce,Pending
TXN000053,CUST13502,2026-04-22,Central,Grocery,53505.44,8,Debit Card,CRM,Cancelled
TXN003672,CUST18429,2025-01-03,West,Grocery,14244.18,2,Credit Card,POS,Pending
TXN003373,CUST16260,2026-06-30,West,Home & Kitchen,8228.34,6,Cash,CRM,Cancelled
TXN002277,CUST15308,2026-08-15,West,Home & Kitchen,42451.78,7,Debit Card,Mobile App,Completed
TXN002481,CUST17699,2026-06-04,West,Beauty,25301.12,8,UPI,Partner Portal,Pending
TXN002878,CUST16370,2026-01-29,South,Beauty,85315.04,8,Credit Card,POS,Cancelled
TXN002415,CUST19773,2026-02-04,East,Beauty,11320.12,7,Debit Card,CRM,Cancelled
TXN001480,CUST11061,2026-01-24,East,Home & Kitchen,10064.3,1,UPI,E-Commerce,Pending
TXN001508,CUST16731,2025-09-19,West,Grocery,2190.02,1,Net Banking,CRM,Completed
TXN001034,CUST16298,2025-01-13,West,Beauty,23174.98,2,Cash,CRM,Pending
TXN001098,CUST10097,2026-04-20,Central,Grocery,7653.6,8,UPI,POS,Cancelled
TXN001470,CUST12033,2026-06-08,North,Home & Kitchen,51887.76,8,UPI,Partner Portal,Completed
TXN000544,CUST14255,2026-01-24,South,Sports,9898.0,2,UPI,E-Commerce,Cancelled
TXN001047,CUST15334,2025-01-18,West,Home & Kitchen,78685.02,6,Cash,Mobile App,Refunded
TXN003497,CUST19195,2026-04-06,East,Grocery,6712.98,6,Credit Card,CRM,Refunded
TXN003971,CUST16657,2026-08-24,Central,Sports,53681.95,7,Cash,Partner Portal,Refunded
TXN000031,CUST18239,2025-02-28,Central,Home & Kitchen,8804.25,1,Credit Card,Partner Portal,Completed
TXN000726,CUST19728,2025-01-08,East,Grocery,41698.32,3,Net Banking,E-Commerce,Pending
TXN002908,CUST13199,2026-02-18,North,Home & Kitchen,886.63,1,Cash,Mobile App,Cancelled
TXN003617,CUST13208,2025-03-04,East,Grocery,13739.66,1,Net Banking,CRM,Pending
TXN004031,CUST14318,2025-06-22,Central,Beauty,52166.32,8,Credit Card,Mobile App,Cancelled
TXN001427,CUST11570,2027-11-15,West,Home & Kitchen,84981.92,8,UPI,E-Commerce,Refunded
TXN002520,CUST10044,2025-05-05,North,Sports,9373.75,5,Credit Card,Mobile App,Pending
TXN002573,CUST14253,2026-07-19,West,Beauty,76314.3,6,Net Banking,CRM,Refunded
TXN000437,CUST17773,2026-01-25,South,Home & Kitchen,16509.02,2,Credit Card,POS,Refunded
TXN002883,CUST12055,2025-01-27,Central,Grocery,26739.66,3,UPI,E-Commerce,Pending
TXN000913,CUST12512,2026-01-14,North,Clothing,3501.0,5,UPI,POS,Cancelled
TXN004287,CUST19925,2026-07-05,North,Beauty,24672.96,4,Debit Card,CRM,Pending
TXN004256,CUST18024,2025-01-13,West,Home & Kitchen,17257.2,3,Credit Card,POS,Pending
TXN004582,CUST16385,2026-01-22,South,Beauty,20019.76,2,Cash,Mobile App,Refunded
TXN004533,CUST19298,2025-05-18,East,Beauty,12018.72,7,UPI,Partner Portal,Completed
TXN002358,CUST19058,2025-08-30,West,Beauty,88437.3,6,Cash,CRM,Completed
TXN003900,CUST12158,2026-05-29,West,Clothing,6268.17,1,UPI,Mobile App,Refunded
TXN001239,CUST13080,2026-06-10,North,Clothing,46889.24,4,Net Banking,E-Commerce,Cancelled
TXN000904,CUST16111,2026-06-02,N/A,Beauty,22013.18,2,Cash,POS,Completed
TXN001879,CUST13359,2025-08-25,West,Grocery,91081.34,7,Cash,CRM,Completed
TXN004676,CUST18509,2026-01-10,North,Clothing,7344.86,2,Net Banking,E-Commerce,Pending
TXN001593,CUST12956,2025-11-16,Central,Sports,8529.25,5,Debit Card,CRM,Refunded
TXN000508,CUST16794,2026-09-09,East,Beauty,19901.06,2,Credit Card,Mobile App,Refunded
TXN004513,CUST10279,2025-09-07,Central,Clothing,119546.48,8,UPI,E-Commerce,Refunded
TXN000184,CUST13942,2026-03-16,Central,Grocery,9260.66,1,Debit Card,CRM,Cancelled
TXN003725,CUST12074,2026-04-19,South,Sports,44829.64,4,UPI,Mobile App,Completed
TXN001498,CUST19229,2025-11-19,West,Grocery,37515.6,8,Credit Card,Mobile App,Completed
TXN002060,CUST12136,2026-02-01,South,Electronics,57311.6,5,UPI,CRM,Pending
TXN000322,CUST14795,2026-09-04,East,Sports,14767.32,3,UPI,Partner Portal,Completed
TXN001882,CUST11947,2025-04-06,North,Clothing,83166.9,6,Cash,Partner Portal,Pending
TXN002690,CUST12669,2025-03-04,Central,Beauty,12186.14,2,Credit Card,Mobile App,Pending
TXN003101,CUST13963,2026-04-20,East,Sports,43768.1,5,Cash,CRM,Pending
TXN002451,CUST13073,2025-05-21,Central,Grocery,39896.8,5,Credit Card,Mobile App,Completed
TXN004394,CUST16329,2025-06-19,West,Beauty,10380.92,4,Credit Card,CRM,Completed
TXN002616,CUST17053,2025-11-02,West,Grocery,6905.85,7,Net Banking,POS,Pending
TXN003519,CUST13846,2025-03-14,West,Electronics,52151.04,4,UPI,POS,Completed
TXN001552,CUST19805,2026-06-21,West,Home & Kitchen,23195.4,2,Net Banking,POS,Completed
TXN004507,CUST12108,2026-09-14,North,Home & Kitchen,7727.3,7,Net Banking,Partner Portal,Refunded
TXN001147,CUST17839,2025-06-01,North,Electronics,47290.32,7,Cash,Mobile App,Cancelled
TXN004092,CUST11824,2025-01-11,South,Clothing,33342.3,5,Cash,E-Commerce,Pending
TXN000045,CUST17542,2025-02-09,East,Clothing,27314.08,8,Debit Card,E-Commerce,Completed
TXN003354,CUST14024,2026-08-28,East,Electronics,86667.44,8,Cash,POS,Cancelled
TXN002608,CUST14402,2025-09-30,West,Electronics,30633.78,3,Credit Card,Mobile App,Completed
TXN001933,CUST14789,2025-05-07,South,Home & Kitchen,8609.8,5,Net Banking,Partner Portal,Refunded
TXN001379,CUST19215,2025-01-06,West,Sports,51934.6,5,Net Banking,POS,Pending
TXN001870,CUST14516,2025-08-18,West,Grocery,24750.16,8,UPI,E-Commerce,Refunded
TXN003115,CUST19791,2025-10-11,East,Grocery,29631.6,5,Net Banking,POS,Completed
TXN000414,CUST13689,2026-08-09,South,Clothing,51483.84,4,Net Banking,Partner Portal,Completed
TXN002225,CUST13627,2026-08-10,East,Clothing,10081.92,3,Credit Card,CRM,Completed
TXN001408,CUST11411,2025-12-16,Central,Grocery,68526.24,8,Credit Card,CRM,Completed
TXN001757,CUST17008,2025-07-23,West,Sports,4299.0,5,Credit Card,Mobile App,Refunded
TXN000802,CUST15357,2025-01-28,South,Clothing,17403.69,3,Cash,Partner Portal,Completed
TXN001289,CUST11195,2025-03-05,West,Clothing,9028.3,5,Cash,CRM,Pending
TXN001559,CUST11616,2025-02-13,Central,Electronics,17792.22,2,Credit Card,E-Commerce,Cancelled
TXN003905,CUST16568,2025-10-20,North,Grocery,17366.88,8,UPI,Mobile App,Cancelled
TXN002631,CUST15602,2025-04-06,Central,Electronics,54140.56,4,Cash,E-Commerce,Pending
TXN003893,CUST12469,2026-08-18,South,Electronics,2962.68,3,UPI,POS,Refunded
TXN002389,CUST19063,2026-07-18,South,Grocery,14036.23,1,Cash,E-Commerce,Completed
TXN000257,CUST10925,2025-08-28,South,Sports,45361.4,4,UPI,E-Commerce,Cancelled
TXN003314,CUST16120,2026-06-24,South,Electronics,9594.04,4,Net Banking,Partner Portal,Cancelled
TXN001789,CUST13354,2026-04-23,N/A,Home & Kitchen,45090.8,8,Net Banking,CRM,Pending
TXN001152,CUST10282,2026-01-06,East,Sports,3128.87,1,Net Banking,E-Commerce,Completed
TXN003743,CUST14690,2025-04-28,North,Sports,38789.0,5,Debit Card,Partner Portal,Cancelled
TXN000648,CUST18155,2025-05-13,West,Home & Kitchen,62748.96,8,Cash,E-Commerce,Cancelled
TXN003874,CUST12907,2025-03-25,North,Clothing,9154.95,7,Credit Card,E-Commerce,Refunded
TXN002371,CUST16726,2025-04-30,South,Electronics,9812.9,2,,Partner Portal,Cancelled
TXN004867,,2025-07-18,South,Sports,3488.38,2,Net Banking,Partner Portal,Completed
TXN003107,CUST19888,2026-01-05,South,Clothing,165.01,1,UPI,Partner Portal,Pending
TXN003690,CUST16952,2025-03-14,Central,Sports,31071.7,5,Cash,POS,Pending
TXN000999,CUST19058,2025-08-11,North,Clothing,49824.32,8,Credit Card,CRM,Cancelled
TXN001316,CUST19974,2026-07-09,East,Clothing,84387.84,6,Cash,E-Commerce,Completed
TXN001089,CUST17679,2025-07-07,Central,Clothing,118360.56,8,UPI,Mobile App,Pending
TXN002068,CUST11812,2025-09-15,North,Sports,52554.8,8,Credit Card,CRM,Completed
TXN003451,CUST16167,2026-06-16,East,Grocery,20443.04,8,Credit Card,POS,Refunded
TXN004432,CUST16015,2026-01-23,North,Home & Kitchen,30537.76,4,Cash,CRM,Completed
TXN001351,CUST12242,2026-05-21,East,Beauty,6971.35,5,Credit Card,POS,Completed
TXN002576,CUST15964,2026-05-07,North,Beauty,3342.03,1,Cash,POS,Pending
TXN000113,CUST14001,2026-01-03,Central,Grocery,39103.38,6,Cash,E-Commerce,Pending
TXN003241,CUST16167,2026-05-18,East,Sports,78358.49,7,Credit Card,Mobile App,Pending
TXN000264,CUST15456,2026-08-25,East,Electronics,28971.88,4,Debit Card,E-Commerce,Completed
TXN001394,CUST11922,2025-12-01,South,Sports,37777.95,5,Net Banking,Mobile App,Refunded
TXN004142,CUST11408,2026-03-23,Central,Beauty,50002.1,5,UPI,POS,Completed
TXN001187,CUST12633,2026-03-06,West,Clothing,57479.52,8,Cash,Mobile App,Completed
TXN002423,CUST14832,2025-12-06,West,Electronics,13241.12,4,UPI,Mobile App,Cancelled
TXN000057,CUST11989,2025-02-21,West,Home & Kitchen,55081.2,4,Net Banking,Partner Portal,Cancelled
TXN001310,CUST18871,2025-09-08,Central,Electronics,24255.0,5,Credit Card,POS,Refunded
TXN000696,CUST11383,2026-06-25,South,Sports,5208.44,1,Debit Card,Mobile App,Refunded
TXN004268,CUST10394,2025-10-14,North,Grocery,28415.14,2,Cash,Partner Portal,Refunded
TXN004115,CUST19590,2025-04-25,Central,Home & Kitchen,17144.2,2,Debit Card,POS,Pending
TXN002589,CUST13767,2025-09-27,West,Beauty,64161.76,8,Credit Card,E-Commerce,Completed
TXN001893,CUST17293,2026-03-12,East,Clothing,27609.42,3,UPI,Partner Portal,Pending
TXN001840,CUST12628,2025-03-06,Central,Beauty,6817.83,3,Cash,E-Commerce,Refunded
TXN000320,CUST19633,2025-05-01,East,Beauty,12908.72,4,Cash,Mobile App,Pending
TXN004093,CUST18833,2025-08-06,East,Grocery,11830.16,8,Cash,CRM,Refunded
TXN001590,CUST12825,2025-01-29,South,Beauty,77426.64,6,Cash,Mobile App,Pending
TXN000683,CUST15903,2025-07-12,West,Home & Kitchen,88659.06,7,UPI,E-Commerce,Pending
TXN002678,CUST14865,2026-07-21,North,Sports,11158.74,2,,Partner Portal,Completed
TXN003323,CUST18263,2025-02-21,South,Electronics,21317.36,4,Credit Card,Mobile App,Pending
TXN000480,CUST18336,2026-06-14,West,Grocery,46579.26,6,Credit Card,POS,Pending
TXN003623,CUST14870,2026-05-24,East,Clothing,46353.0,5,Net Banking,POS,Cancelled
TXN003430,CUST10137,2025-11-14,South,Home & Kitchen,9056.7,5,Debit Card,Partner Portal,Completed
TXN000287,CUST14420,2025-01-06,North,Home & Kitchen,33632.8,5,Credit Card,E-Commerce,Refunded
TXN003492,CUST14758,2025-01-02,West,Home & Kitchen,20262.24,2,Debit Card,Mobile App,Pending
TXN003239,CUST18800,2025-03-15,Central,Home & Kitchen,99907.52,8,UPI,Mobile App,Completed
TXN002487,CUST16083,2026-08-02,South,Sports,9909.84,4,Credit Card,CRM,Refunded
TXN002216,,2026-06-03,East,Beauty,5298.5,5,Cash,CRM,Pending
TXN004774,CUST10808,2026-07-18,Central,Sports,65502.12,6,Credit Card,Partner Portal,Refunded
TXN003615,CUST19347,2025-01-01,West,Electronics,87137.4,6,Credit Card,POS,Pending
TXN001599,CUST15012,2025-11-26,West,Clothing,73471.84,8,Credit Card,Partner Portal,Completed
TXN001698,CUST12965,2025-11-14,East,Home & Kitchen,3324.71,1,Net Banking,Mobile App,Cancelled
TXN003426,CUST14082,2025-08-23,North,Grocery,7844.64,3,Credit Card,CRM,Cancelled
TXN000737,CUST13314,2025-07-18,East,Home & Kitchen,87814.68,6,Credit Card,Partner Portal,Completed
TXN004366,CUST15091,2025-02-21,East,Grocery,61088.96,8,Net Banking,Mobile App,Refunded
TXN000337,CUST11381,2025-11-19,South,Sports,11376.06,3,Cash,Partner Portal,Cancelled
TXN004754,CUST19985,2025-07-07,Central,Home & Kitchen,9895.9,7,Net Banking,E-Commerce,Completed
TXN002860,CUST13596,2025-02-18,West,Home & Kitchen,70667.44,8,Cash,Partner Portal,Pending
TXN003934,CUST15938,2025-04-10,South,Home & Kitchen,20569.04,2,Debit Card,POS,Refunded
TXN004471,CUST12306,2025-10-05,North,Grocery,7715.72,1,Debit Card,E-Commerce,Cancelled
TXN001072,CUST19581,2026-07-24,Central,Beauty,8420.64,8,Credit Card,E-Commerce,Completed
TXN004013,CUST10917,2026-08-04,East,Clothing,54638.84,4,Cash,POS,Refunded
TXN001771,CUST15656,2026-04-09,East,Grocery,5894.16,1,Credit Card,Mobile App,Refunded
TXN002362,CUST10352,2026-07-25,East,Clothing,22469.12,8,Debit Card,E-Commerce,Completed
TXN002300,CUST14120,2026-05-03,Central,Electronics,5486.83,1,Debit Card,CRM,Cancelled
TXN004177,CUST19919,2025-08-23,North,Clothing,79583.14,7,Credit Card,POS,Completed
TXN004053,CUST12501,2026-09-22,West,Sports,1262.65,5,Credit Card,Partner Portal,Refunded
TXN003479,CUST15723,2025-09-13,South,Beauty,81365.64,6,UPI,Partner Portal,Cancelled
TXN001489,CUST17476,2026-03-30,North,Clothing,35500.68,4,Net Banking,Partner Portal,Cancelled
TXN000499,CUST12436,2026-07-11,East,Grocery,78745.84,8,Debit Card,Partner Portal,Cancelled
TXN004411,CUST11315,2025-11-12,South,Sports,40955.35,5,Cash,CRM,Completed
TXN002025,CUST10117,2025-05-10,East,Sports,36552.12,4,Credit Card,CRM,Refunded
TXN002986,CUST16888,2025-03-10,West,Home & Kitchen,5888.76,1,Debit Card,Mobile App,Cancelled
TXN003577,CUST10260,2026-08-14,East,Grocery,20705.24,2,Debit Card,Mobile App,Pending
TXN003018,CUST14687,2025-08-14,South,Sports,10787.52,8,UPI,E-Commerce,Completed
TXN004557,CUST19461,2025-01-15,East,Electronics,12870.9,5,Debit Card,POS,Refunded
TXN002196,CUST13313,2026-06-12,East,Sports,43989.96,3,Credit Card,E-Commerce,Completed
TXN001611,CUST18491,2025-03-30,North,Grocery,24733.92,8,Net Banking,CRM,Completed
TXN002223,CUST13482,2025-12-23,West,Clothing,1185.89,1,UPI,E-Commerce,Refunded
TXN002349,CUST13552,2026-05-15,East,Beauty,10803.96,3,Debit Card,CRM,Pending
TXN004236,CUST16333,2025-02-24,Central,Sports,6577.94,1,Cash,E-Commerce,Refunded
TXN001023,CUST14013,2025-11-15,West,Home & Kitchen,32558.82,3,Cash,E-Commerce,Cancelled
TXN003177,CUST14842,2025-06-28,Central,Home & Kitchen,11362.88,2,Credit Card,Partner Portal,Refunded
TXN004961,CUST18085,2026-01-26,North,Beauty,44098.46,7,Net Banking,E-Commerce,Pending
TXN002079,CUST16973,2025-02-28,North,Clothing,30522.35,5,UPI,Partner Portal,Completed
TXN003169,CUST14980,2025-04-23,East,Clothing,18742.04,2,UPI,Mobile App,Refunded
TXN002096,CUST15247,2026-07-08,West,Beauty,6339.93,1,Credit Card,E-Commerce,Pending
TXN000666,CUST10827,2025-05-14,North,Grocery,7113.96,1,Credit Card,CRM,Refunded
TXN004060,CUST12159,2025-02-25,West,Beauty,30756.78,6,Net Banking,Mobile App,Cancelled
TXN003376,CUST11221,2025-05-18,East,Beauty,1547.19,3,Cash,E-Commerce,Pending
TXN003887,CUST11197,2025-08-07,West,Grocery,104835.6,8,UPI,Partner Portal,Cancelled
TXN004332,CUST11577,2025-01-25,Central,Home & Kitchen,7074.05,1,Debit Card,POS,Pending
TXN002233,CUST17069,2026-07-18,South,Electronics,2795.89,0,Cash,E-Commerce,Completed
TXN001018,CUST15386,2025-09-01,South,Clothing,88919.28,8,UPI,CRM,Refunded
TXN000558,CUST11382,2025-04-17,West,Clothing,46548.6,5,Debit Card,E-Commerce,Cancelled
TXN002471,CUST16754,2025-09-19,North,Electronics,5617.25,5,Credit Card,Partner Portal,Refunded
TXN001208,CUST14628,2026-04-16,East,Home & Kitchen,3390.88,2,Credit Card,CRM,Refunded
TXN002089,CUST10836,2025-05-23,Central,Grocery,3293.7,1,Cash,E-Commerce,Completed
TXN003149,CUST11757,2026-05-11,East,Electronics,20410.46,2,Net Banking,E-Commerce,Completed
TXN004836,CUST16657,2025-01-15,Central,Sports,26648.68,2,Credit Card,E-Commerce,Completed
TXN001511,CUST17676,2026-06-10,Central,Beauty,17302.98,2,Debit Card,CRM,Refunded
TXN004452,CUST17685,2026-02-04,East,Beauty,52598.16,8,Credit Card,CRM,Cancelled
TXN001685,CUST11676,2025-03-07,Central,Home & Kitchen,4369.36,2,,CRM,Cancelled
TXN000246,CUST18654,2025-09-11,East,Electronics,15860.1,2,Cash,CRM,Completed
TXN001164,CUST11071,2025-10-16,South,Sports,24508.08,3,Credit Card,POS,Pending
TXN002814,CUST12677,2025-07-06,South,Home & Kitchen,52882.96,8,Cash,Partner Portal,Cancelled
TXN004265,CUST18456,2025-08-03,West,Clothing,24423.22,2,Credit Card,Mobile App,Cancelled
TXN000267,CUST17693,2026-04-23,East,Home & Kitchen,24123.94,2,UPI,POS,Refunded
TXN002437,CUST18539,2025-07-25,Central,Home & Kitchen,49599.68,4,Net Banking,CRM,Refunded
TXN001115,CUST19938,2025-08-06,North,Grocery,35668.35,5,Debit Card,POS,Refunded
TXN000064,CUST17957,2026-05-15,North,Grocery,16666.96,4,UPI,Mobile App,Pending
TXN002182,CUST14331,2026-04-06,East,Clothing,12186.33,1,Debit Card,CRM,Cancelled
TXN002674,CUST10533,2025-11-25,Central,Home & Kitchen,12544.91,1,Net Banking,Partner Portal,Completed
TXN003810,CUST16825,2026-08-14,North,Electronics,3656.6,2,UPI,Mobile App,Cancelled
TXN002846,CUST12979,2025-07-17,Central,Home & Kitchen,5820.84,1,Credit Card,POS,Completed
TXN003114,CUST14724,2025-09-02,North,Beauty,113466.72,8,UPI,Mobile App,Completed
TXN003183,CUST14330,2025-10-14,North,Grocery,1501.7,2,Debit Card,Partner Portal,Completed
TXN002978,CUST11265,2025-10-22,Central,Clothing,22287.06,6,Debit Card,Partner Portal,Completed
TXN002907,CUST11182,2026-08-16,East,Clothing,14965.72,4,Debit Card,E-Commerce,Completed
TXN002329,CUST16764,2025-07-17,East,Clothing,47457.15,5,Net Banking,Partner Portal,Pending
TXN002276,CUST12419,2025-01-26,South,Grocery,83788.81,7,Net Banking,Mobile App,Pending
TXN001780,CUST10340,2025-06-25,Central,Sports,38736.8,5,Credit Card,Mobile App,Pending
TXN002313,CUST10020,2026-05-07,South,Grocery,10693.4,1,Cash,Mobile App,Refunded
TXN001238,CUST11732,2026-04-10,South,Home & Kitchen,38196.96,3,UPI,Mobile App,Refunded
TXN000104,CUST14527,2026-09-06,West,Clothing,38922.0,3,Cash,POS,Completed
TXN003104,CUST14767,2025-01-31,North,Grocery,27569.98,2,Credit Card,Mobile App,Cancelled
TXN000273,CUST17917,2026-06-02,West,Electronics,45285.52,8,Credit Card,Partner Portal,Refunded
TXN000509,CUST16733,2026-05-06,North,Home & Kitchen,35611.12,4,Credit Card,E-Commerce,Pending
TXN002296,CUST18058,2025-10-06,East,Electronics,72007.25,7,Debit Card,CRM,Refunded
TXN003614,CUST14098,2026-02-26,East,Beauty,20064.18,3,Credit Card,CRM,Refunded
TXN001752,CUST17581,2026-07-10,Central,Sports,18879.12,6,Debit Card,CRM,Cancelled
TXN000866,CUST13054,2025-04-03,West,Beauty,85286.74,7,Net Banking,CRM,Completed
TXN002506,CUST19875,2026-02-23,East,Beauty,19616.06,2,Cash,CRM,Pending
TXN000909,CUST18503,2026-01-14,West,Clothing,62053.39,7,Cash,Mobile App,Refunded
TXN002474,CUST13417,2025-09-28,West,Home & Kitchen,22051.32,3,Cash,CRM,Cancelled
TXN004752,CUST17776,2025-07-31,Central,Electronics,65799.0,6,Credit Card,Mobile App,Pending
TXN004024,CUST18320,2026-06-05,South,Beauty,25792.32,2,Debit Card,Mobile App,Refunded
TXN001628,CUST16753,2026-07-10,North,Home & Kitchen,36598.16,8,Debit Card,POS,Pending
TXN002969,CUST12306,2025-04-13,North,Grocery,16960.64,8,Net Banking,E-Commerce,Pending
TXN001523,CUST16882,2025-01-17,West,Electronics,5762.43,1,UPI,POS,Cancelled
TXN000836,CUST18296,2025-04-13,North,Clothing,31522.14,3,Net Banking,Partner Portal,Cancelled
TXN000359,CUST12142,2025-03-18,South,Clothing,6581.24,1,UPI,POS,Refunded
TXN000139,CUST19920,2026-01-26,West,Electronics,34301.8,5,Credit Card,Partner Portal,Pending
TXN000300,CUST10726,2025-12-30,Central,Beauty,29220.9,3,Net Banking,POS,Refunded
TXN001557,CUST17956,2025-01-14,South,Sports,21450.24,2,Net Banking,E-Commerce,Refunded
TXN001004,CUST16404,2025-07-01,South,Electronics,9749.3,5,Credit Card,POS,Pending
TXN000383,CUST19386,2025-07-01,West,Sports,14236.94,1,Credit Card,E-Commerce,Cancelled
TXN000942,CUST13175,2025-10-12,Central,Beauty,21120.88,8,Cash,Partner Portal,Pending
TXN004989,CUST18885,2025-09-15,South,Home & Kitchen,6757.8,5,Cash,CRM,Completed
TXN003870,CUST12897,2025-09-15,North,Home & Kitchen,62744.36,7,Credit Card,POS,Refunded
TXN000762,CUST17505,2026-02-19,East,Home & Kitchen,92407.36,8,Credit Card,Partner Portal,Cancelled
TXN004830,CUST17983,2026-07-30,South,Home & Kitchen,24445.6,4,UPI,POS,Cancelled
TXN002776,CUST14644,2025-12-23,East,Clothing,47927.7,6,Net Banking,Mobile App,Pending
TXN002630,CUST11075,2025-11-13,North,Grocery,25440.24,6,Debit Card,Partner Portal,Cancelled
TXN004237,CUST17496,2025-11-01,East,Clothing,13832.0,7,Debit Card,Mobile App,Refunded
TXN002265,CUST14594,2025-03-07,South,Electronics,22459.22,7,Debit Card,POS,Cancelled
TXN000899,CUST19071,2026-03-06,East,Beauty,93087.12,7,UPI,POS,Completed
TXN004110,CUST11977,2026-04-30,Central,Home & Kitchen,22041.12,4,Credit Card,Mobile App,Refunded
TXN003538,CUST16203,2026-09-06,Central,Sports,65822.65,5,Cash,POS,Cancelled
TXN001403,CUST11957,2025-03-26,North,Grocery,87692.92,7,Credit Card,POS,Completed
TXN003921,CUST15092,2025-02-13,South,Grocery,16408.0,7,UPI,Mobile App,Refunded
TXN003908,CUST16554,2026-09-04,Central,Sports,12372.06,3,Net Banking,Mobile App,Completed
TXN004679,CUST15699,2026-03-28,East,Grocery,14894.26,1,Credit Card,POS,Pending
TXN003056,CUST12457,2026-03-09,Central,Clothing,39912.0,6,Debit Card,POS,Pending
TXN001513,CUST16578,2026-04-10,Central,Clothing,93464.14,7,Credit Card,Partner Portal,Refunded
TXN001189,CUST18183,2025-06-04,East,Electronics,112111.28,8,Net Banking,POS,Completed
TXN003091,CUST17031,2025-05-24,Central,Electronics,30444.75,3,UPI,Partner Portal,Cancelled
TXN003656,CUST10888,2026-04-01,East,Clothing,14046.4,5,Cash,Partner Portal,Cancelled
TXN004003,CUST16390,2026-07-22,East,Home & Kitchen,47594.88,4,Credit Card,Mobile App,Refunded
TXN003551,CUST13956,2025-04-05,East,Sports,52746.5,0,Debit Card,CRM,Refunded
TXN002537,CUST16692,2025-08-13,North,Electronics,4041.08,1,Credit Card,E-Commerce,Pending
TXN000109,CUST12362,2025-04-13,West,Beauty,2629.44,8,Debit Card,CRM,Refunded
TXN003516,CUST16821,2026-08-21,North,Clothing,84104.23,7,Debit Card,Mobile App,Refunded
TXN002379,CUST12911,2025-01-01,Central,Sports,11939.73,1,Net Banking,Mobile App,Refunded
TXN002136,CUST16490,2025-04-21,West,Beauty,70986.16,8,Net Banking,Partner Portal,Pending
TXN000059,CUST18541,2025-09-11,West,Beauty,57553.1,5,Debit Card,POS,Refunded
TXN000077,CUST13476,2026-05-22,East,Clothing,16856.46,6,UPI,POS,Cancelled
TXN000797,CUST11393,2026-02-10,North,Home & Kitchen,63101.36,8,,Mobile App,Completed
TXN000369,CUST13518,2026-01-27,South,Clothing,18723.81,7,UPI,Mobile App,Pending
TXN004980,CUST15920,2025-10-30,West,Electronics,42640.0,8,UPI,Partner Portal,Pending
TXN000786,CUST11831,2025-03-22,North,Electronics,72752.33,7,Net Banking,Mobile App,Completed
TXN002270,CUST14339,2025-10-20,Central,Sports,14965.67,1,Debit Card,E-Commerce,Pending
TXN002154,CUST18397,2026-07-04,East,Sports,115273.12,0,Net Banking,Partner Portal,Refunded
TXN004311,CUST13917,2026-07-12,South,Electronics,59989.56,4,Credit Card,CRM,Completed
TXN003892,CUST12984,2026-09-22,East,Clothing,12061.76,4,Cash,Partner Portal,Refunded
TXN002174,CUST11191,2026-04-29,East,Electronics,93965.44,8,UPI,Partner Portal,Refunded
TXN003649,CUST15525,2026-08-01,North,Grocery,45443.36,8,Credit Card,Mobile App,Completed
TXN002016,CUST16914,2025-10-14,East,Clothing,66120.18,6,,POS,Pending
TXN001804,CUST13588,2025-06-01,South,Grocery,50731.48,4,Debit Card,CRM,Cancelled
TXN000122,CUST14466,2025-05-16,South,Clothing,48058.2,6,Net Banking,POS,Cancelled
TXN001955,CUST11931,2025-01-04,South,Beauty,86425.86,6,Cash,Partner Portal,Refunded
TXN002440,CUST15010,2025-07-05,West,Clothing,13466.08,2,Debit Card,POS,Pending
TXN004920,CUST15302,2025-01-10,East,Electronics,4218.34,7,Credit Card,E-Commerce,Refunded
TXN000911,CUST18409,2026-04-14,Central,Electronics,43571.01,3,Debit Card,Mobile App,Refunded
TXN000125,CUST17725,2026-01-16,North,Sports,20310.12,2,Cash,POS,Pending
TXN002058,CUST19560,2025-08-08,West,Electronics,12061.38,6,Credit Card,E-Commerce,Refunded
TXN001587,CUST13287,2025-04-03,South,Clothing,11944.59,3,Credit Card,POS,Refunded
TXN001258,CUST14527,2025-12-06,East,Home & Kitchen,62148.1,7,Credit Card,Partner Portal,Cancelled
TXN003555,CUST19709,2026-02-07,Central,Beauty,30348.0,5,Cash,Mobile App,Completed
TXN003596,CUST19180,2026-03-22,North,Sports,38269.11,3,Credit Card,Mobile App,Refunded
TXN004750,CUST10827,2026-05-28,South,Home & Kitchen,47045.0,4,UPI,E-Commerce,Refunded
TXN001179,CUST17574,2025-03-16,North,Clothing,23538.08,4,Net Banking,Mobile App,Refunded
TXN002805,CUST16886,2026-01-11,South,Clothing,19432.83,3,Cash,CRM,Refunded
TXN002459,CUST11992,2026-02-09,North,Sports,11217.32,1,Debit Card,Partner Portal,Completed
TXN004516,CUST10031,2025-06-20,East,Electronics,60128.9,5,Credit Card,E-Commerce,Pending
TXN002406,CUST18259,2025-03-19,East,Electronics,48242.56,4,Net Banking,Mobile App,Pending
TXN002169,CUST16439,2025-04-05,East,Clothing,588.64,2,Credit Card,CRM,Pending
TXN000443,CUST12863,2025-09-28,North,Clothing,6769.52,8,UPI,POS,Refunded
TXN002017,CUST11945,2026-05-30,North,Beauty,13913.01,3,Net Banking,POS,Completed
TXN003204,CUST10756,2026-06-18,Central,Grocery,69900.18,6,UPI,POS,Refunded
TXN000926,CUST15312,2025-04-12,East,Grocery,13335.96,6,Credit Card,CRM,Pending
TXN002403,CUST17786,2025-05-20,South,Sports,6731.27,1,Net Banking,Mobile App,Cancelled
TXN002211,CUST19638,2025-07-07,East,Grocery,87015.12,6,Cash,POS,Completed
TXN004389,CUST14170,2025-05-25,North,Electronics,40803.27,3,Cash,E-Commerce,Completed
TXN001412,CUST13265,2025-08-20,South,Clothing,16658.84,4,UPI,Mobile App,Cancelled
TXN004916,CUST11024,2025-05-10,West,Clothing,-57158.96,4,Debit Card,CRM,Completed
TXN004919,CUST13086,2025-10-21,South,Electronics,27517.7,7,Net Banking,POS,Cancelled
TXN001510,CUST11238,2025-10-17,Central,Electronics,57313.02,6,Cash,CRM,Pending
TXN001228,CUST16560,2025-10-09,North,Sports,67980.06,6,UPI,Mobile App,Completed
TXN004212,CUST12066,2025-10-07,East,Clothing,43208.82,3,Net Banking,CRM,Cancelled
TXN002953,CUST17602,2025-01-17,North,Home & Kitchen,13864.44,3,Cash,Partner Portal,Completed
TXN004528,CUST17452,2025-02-25,Central,Electronics,36611.04,6,Net Banking,CRM,Pending
TXN004553,CUST10532,2026-02-16,Central,Sports,49288.76,4,UPI,CRM,Pending
TXN004123,CUST13340,2026-07-31,North,Home & Kitchen,13868.66,2,UPI,E-Commerce,Cancelled
TXN000325,CUST11526,2026-01-20,West,Sports,9801.52,8,UPI,POS,Refunded
TXN003186,CUST17817,2026-04-04,East,Sports,62531.0,5,Cash,Mobile App,Completed
TXN002165,CUST19017,2025-10-10,South,Home & Kitchen,82370.89,7,UPI,POS,Refunded
TXN002037,CUST10321,2025-06-15,Central,Clothing,30930.62,7,UPI,POS,Refunded
TXN003017,CUST18468,2025-03-15,East,Beauty,17221.23,3,Cash,POS,Refunded
TXN003408,CUST17366,2026-08-13,East,Clothing,47550.8,8,UPI,Mobile App,Cancelled
TXN003140,CUST17070,2026-03-11,South,Electronics,5396.64,4,Debit Card,Partner Portal,Cancelled
TXN001499,CUST12293,2026-02-23,West,Clothing,58333.86,6,Credit Card,E-Commerce,Pending
TXN001503,CUST10920,2026-09-14,East,Clothing,6886.74,7,Cash,POS,Refunded
TXN001007,CUST10263,2026-01-19,West,Electronics,12319.16,4,Credit Card,POS,Pending
TXN002260,CUST12196,2025-07-25,East,Grocery,72566.82,6,Debit Card,POS,Completed
TXN002802,,2025-01-29,East,Electronics,1211.12,8,Debit Card,Mobile App,Completed
TXN003632,CUST13234,2026-08-21,Central,Clothing,6942.96,3,UPI,CRM,Pending
TXN001468,CUST18804,2026-03-04,North,Beauty,66310.1,5,Cash,Partner Portal,Completed
TXN001226,CUST19434,2025-08-31,North,Grocery,4347.05,1,UPI,E-Commerce,Refunded
TXN002996,CUST15537,2025-08-07,Central,Clothing,39566.68,4,UPI,E-Commerce,Pending
TXN002234,CUST18010,2025-12-28,North,Beauty,15763.16,2,UPI,Partner Portal,Completed
TXN004220,CUST16017,2026-06-07,Central,Electronics,5148.32,2,Net Banking,CRM,Completed
TXN002536,CUST16514,2026-08-02,North,Electronics,4374.28,1,Credit Card,Mobile App,Pending
TXN001217,CUST14452,2026-04-02,East,Sports,62897.17,7,Credit Card,Partner Portal,Refunded
TXN004100,CUST12624,2025-07-06,West,Electronics,13990.64,8,Debit Card,Mobile App,Completed
TXN003614,CUST14098,2026-02-26,East,Beauty,20064.18,3,Credit Card,CRM,Refunded
TXN000421,CUST17795,2025-12-18,East,Sports,41304.56,4,UPI,E-Commerce,Pending
TXN003535,CUST10594,2025-09-05,North,Electronics,20626.26,2,Cash,Partner Portal,Refunded
TXN000007,CUST11655,2025-10-24,West,Clothing,25688.46,2,Net Banking,POS,Pending
TXN000933,CUST19226,2025-02-16,North,Clothing,33341.49,3,Credit Card,Mobile App,Completed
TXN001692,CUST19529,2025-01-08,East,Sports,63343.08,6,Debit Card,Mobile App,Pending
TXN000440,CUST10646,2026-01-02,Central,Grocery,31505.11,7,Debit Card,Mobile App,Cancelled
TXN001314,CUST16291,2025-03-03,West,Electronics,64165.8,5,Net Banking,Mobile App,Refunded
TXN000679,CUST14990,2025-07-30,West,Beauty,-27396.36,6,UPI,CRM,Completed
TXN002941,,2025-02-03,South,Clothing,28686.8,2,Cash,CRM,Completed
TXN004681,CUST19613,2025-07-15,Central,Beauty,83597.76,6,Cash,Partner Portal,Refunded
TXN003691,CUST19452,2025-06-19,West,Electronics,7434.34,0,Cash,E-Commerce,Completed
TXN004443,CUST15218,2025-04-15,North,Home & Kitchen,27031.68,2,Debit Card,CRM,Refunded
TXN002338,CUST19494,2025-11-05,West,Sports,39931.84,4,Net Banking,Partner Portal,Completed
TXN004705,CUST13705,2025-07-14,North,Grocery,34668.18,3,Debit Card,POS,Refunded
TXN002188,CUST12233,2025-09-26,West,Electronics,29452.16,8,Net Banking,Partner Portal,Cancelled
TXN004392,CUST17388,2025-05-23,West,Home & Kitchen,17309.04,6,UPI,E-Commerce,Completed
TXN004884,CUST10854,2026-09-07,North,Grocery,34361.85,5,Cash,E-Commerce,Cancelled
TXN001087,CUST18415,2026-05-04,South,Beauty,11880.03,3,Debit Card,E-Commerce,Refunded
TXN002006,CUST11855,2026-06-09,West,Sports,27804.3,2,Net Banking,E-Commerce,Completed
TXN004310,CUST11438,2026-08-22,East,Home & Kitchen,3761.73,1,Credit Card,E-Commerce,Completed
TXN003945,CUST18828,2025-05-04,South,Electronics,35498.73,3,Cash,E-Commerce,Refunded
TXN002723,CUST17823,2025-08-09,West,Sports,67783.74,6,Cash,Mobile App,Refunded
TXN000195,CUST12622,2026-02-20,Invalid,Home & Kitchen,46469.88,6,Cash,Mobile App,Completed
TXN001475,CUST15025,2026-08-01,South,Sports,64414.02,6,UPI,Mobile App,Refunded
TXN003482,CUST12198,2026-03-17,North,Beauty,22400.42,2,Cash,POS,Refunded
TXN002448,CUST17177,2026-09-22,South,Sports,70274.4,8,UPI,Mobile App,Cancelled
TXN001212,CUST13160,2025-06-12,Central,Electronics,69530.45,5,Cash,CRM,Pending
TXN002510,CUST18417,2025-09-19,West,Home & Kitchen,67075.52,8,Debit Card,Mobile App,Refunded
TXN001658,CUST15923,2025-04-01,Central,Beauty,53179.62,6,Credit Card,Partner Portal,Cancelled
TXN002785,CUST15232,2025-11-24,West,Electronics,70356.16,8,Cash,CRM,Refunded
TXN004856,CUST14068,2026-05-16,South,Grocery,22052.44,2,Net Banking,E-Commerce,Refunded
TXN002790,CUST13964,2026-09-10,South,Home & Kitchen,39264.3,6,Debit Card,Partner Portal,Refunded
TXN002289,CUST10232,2025-07-24,West,Electronics,4723.32,7,Debit Card,Mobile App,Completed
TXN002385,CUST18417,2026-08-13,South,Electronics,19620.3,2,Cash,CRM,Completed
TXN001962,CUST16344,2025-02-26,Central,Home & Kitchen,25044.56,2,Credit Card,CRM,Pending
TXN001131,CUST16259,2025-01-17,East,Beauty,21733.54,2,Cash,Partner Portal,Pending
TXN001462,CUST16698,2025-05-22,North,Clothing,18067.14,2,Cash,E-Commerce,Pending
TXN000277,CUST11321,2025-08-20,North,Electronics,51461.1,5,Net Banking,Mobile App,Refunded
TXN004977,CUST11183,2026-02-01,East,Clothing,3077.28,8,Net Banking,POS,Cancelled
TXN002292,CUST13551,2025-09-26,South,Home & Kitchen,6788.13,3,Debit Card,Partner Portal,Completed
TXN004050,CUST14954,2026-07-17,East,Sports,53680.32,8,Cash,E-Commerce,Cancelled
TXN002367,CUST12977,2025-07-14,West,Grocery,60022.72,8,Debit Card,E-Commerce,Cancelled
TXN001303,CUST16216,2025-01-27,North,Sports,32237.48,4,Net Banking,CRM,Refunded
TXN002593,CUST17352,2026-07-23,West,Grocery,74778.85,5,UPI,E-Commerce,Completed
TXN000223,CUST14912,2026-06-04,West,Electronics,85281.76,8,UPI,POS,Completed
TXN004712,CUST12852,2026-03-01,West,Clothing,5341.28,4,Debit Card,POS,Completed
TXN004280,CUST17186,2025-09-22,Central,Electronics,59199.36,4,UPI,Mobile App,Completed
TXN000574,CUST10692,2025-11-16,Central,Sports,14779.86,6,Credit Card,POS,Refunded
TXN001237,CUST13419,2025-07-12,Central,Sports,13260.56,8,Cash,POS,Cancelled
TXN003661,CUST14212,2026-03-27,East,Home & Kitchen,31356.42,3,UPI,Mobile App,Pending
TXN003131,CUST13026,2025-10-09,West,Clothing,18229.38,3,Debit Card,Partner Portal,Refunded
TXN004732,CUST11060,2025-12-02,North,Beauty,31780.56,3,Cash,POS,Refunded
TXN001335,CUST17356,2026-01-06,West,Home & Kitchen,72942.08,8,Cash,E-Commerce,Pending
TXN004815,CUST16982,2025-04-16,South,Sports,29566.96,8,Credit Card,Partner Portal,Cancelled
TXN002532,CUST11148,2026-06-28,West,Clothing,45371.28,6,UPI,E-Commerce,Refunded
TXN000419,CUST13938,2025-11-02,North,Sports,9335.8,4,Net Banking,POS,Pending
TXN000268,CUST10266,2025-02-16,East,Sports,44578.64,4,Cash,Partner Portal,Refunded
TXN001105,CUST18120,2025-05-02,South,Clothing,51709.77,7,Net Banking,Partner Portal,Refunded
TXN000258,CUST12348,2026-08-15,Central,Home & Kitchen,21779.22,6,Net Banking,POS,Cancelled
TXN000296,CUST17564,2026-07-18,South,Grocery,14299.77,1,UPI,CRM,Refunded
TXN003130,CUST11648,2025-12-05,North,Home & Kitchen,5088.68,4,Debit Card,POS,Completed
TXN000387,CUST16205,2025-06-20,East,Sports,52128.44,7,Net Banking,CRM,Refunded
TXN004167,CUST17482,2025-07-04,South,Electronics,21396.0,4,Cash,Partner Portal,Cancelled
TXN003197,CUST13841,2025-12-16,Central,Sports,94966.9,7,Cash,CRM,Pending
TXN004955,CUST17203,2026-01-11,West,Electronics,28187.64,6,Credit Card,POS,Pending
TXN002317,CUST19648,2025-08-14,West,Clothing,24542.24,0,Cash,Mobile App,Pending
TXN004402,CUST10812,2026-03-23,North,Sports,73508.64,8,Debit Card,CRM,Refunded
TXN003631,CUST10043,2025-11-20,West,Sports,9664.59,1,Cash,E-Commerce,Refunded
TXN003366,CUST17476,2025-07-20,South,Clothing,9996.48,1,Net Banking,POS,Pending
TXN004451,CUST15151,2026-08-31,West,Grocery,2111.4,4,Cash,Mobile App,Pending
TXN001564,CUST15711,2026-07-26,South,Grocery,66819.0,6,Credit Card,POS,Cancelled
TXN002005,CUST13674,2026-05-15,North,Home & Kitchen,61952.2,5,UPI,Partner Portal,Completed
TXN001401,CUST17714,2026-08-09,Central,Beauty,12961.46,1,Net Banking,Mobile App,Pending
TXN000713,CUST15881,2026-05-09,East,Beauty,17103.86,2,UPI,Mobile App,Completed
TXN003823,CUST15696,2026-02-24,North,Grocery,-27821.37,3,UPI,POS,Cancelled
TXN003429,CUST12846,2025-11-14,Central,Electronics,71869.98,6,Net Banking,Partner Portal,Refunded
TXN000210,CUST16654,2025-11-06,East,Grocery,29989.44,8,Credit Card,CRM,Pending
TXN004701,CUST14256,2025-08-18,West,Clothing,21775.02,2,Net Banking,POS,Refunded
TXN001290,CUST16188,2025-11-25,South,Beauty,21022.02,2,Cash,Partner Portal,Pending
TXN002811,CUST13645,2025-08-10,Central,Clothing,6190.92,3,Net Banking,CRM,Pending
TXN001843,CUST16044,2026-07-25,South,Electronics,46963.28,8,Credit Card,Mobile App,Pending
TXN000450,CUST14073,2025-12-13,West,Clothing,13098.86,2,Net Banking,E-Commerce,Completed
TXN004156,CUST14126,2025-01-13,West,Home & Kitchen,6895.56,3,Net Banking,Mobile App,Completed
TXN002649,CUST14914,2026-02-20,West,Home & Kitchen,34134.9,3,Cash,Mobile App,Pending
TXN001821,CUST14132,2025-02-20,West,Home & Kitchen,12632.71,1,Net Banking,Mobile App,Refunded
TXN000959,CUST18482,2025-10-26,Central,Beauty,87342.24,6,Debit Card,CRM,Pending
TXN001794,CUST15351,2026-09-20,East,Clothing,42153.52,8,Credit Card,Partner Portal,Completed
TXN002115,CUST19742,2026-06-13,Central,Sports,31598.7,3,Cash,CRM,Completed
TXN000655,CUST14596,2025-12-29,North,Clothing,29094.48,2,Net Banking,Partner Portal,Pending
TXN002479,CUST13221,2025-05-07,North,Beauty,32493.12,8,Net Banking,Partner Portal,Completed
TXN003978,CUST18113,2025-01-25,South,Sports,22175.58,6,Credit Card,Partner Portal,Cancelled
TXN000332,CUST17292,2025-05-16,North,Electronics,31358.88,4,UPI,CRM,Refunded
TXN001761,CUST19891,2025-09-04,Central,Clothing,13538.08,4,Cash,POS,Pending
TXN004208,CUST12219,2026-04-25,North,Electronics,29102.19,3,Credit Card,Mobile App,Pending
TXN002830,CUST14888,2025-09-09,East,Home & Kitchen,20932.73,7,Debit Card,Partner Portal,Refunded
TXN002586,CUST10310,2025-06-14,South,Clothing,44167.36,4,UPI,Mobile App,Cancelled
TXN000412,CUST12910,2026-01-17,Unknown,Sports,71610.0,8,Cash,POS,Cancelled
TXN001775,CUST14181,2025-09-14,West,Home & Kitchen,15852.56,2,UPI,E-Commerce,Refunded
TXN004168,CUST11322,2026-08-16,West,Beauty,4618.28,4,Cash,Partner Portal,Pending
TXN002253,CUST14174,2025-03-03,East,Beauty,43800.4,5,Credit Card,Mobile App,Refunded
TXN004252,CUST14784,2025-05-15,East,Sports,1992.39,3,UPI,E-Commerce,Pending
TXN003502,CUST11766,2025-04-21,East,Clothing,37832.31,3,Cash,Mobile App,Pending
TXN004378,CUST18091,2025-05-19,Central,Home & Kitchen,29840.0,4,Cash,Partner Portal,Completed
TXN004848,CUST15330,2026-03-31,South,Clothing,35816.08,4,Debit Card,Mobile App,Refunded
TXN004929,CUST15737,2025-12-02,West,Sports,3506.34,6,Debit Card,Partner Portal,Completed
TXN002310,CUST16263,2026-09-10,East,Clothing,18972.96,2,Debit Card,CRM,Cancelled
TXN002751,CUST10654,2026-02-08,South,Sports,34592.94,3,UPI,Partner Portal,Refunded
TXN003675,CUST14812,2026-04-09,West,Electronics,29270.82,3,Credit Card,POS,Completed
TXN002093,CUST11157,2026-06-05,Central,Grocery,12248.25,1,UPI,POS,Pending
TXN003480,CUST18147,2025-03-12,East,Clothing,13920.96,8,Net Banking,CRM,Refunded
TXN002043,CUST16099,2025-12-24,Central,Clothing,41721.84,4,Debit Card,E-Commerce,Refunded
TXN003687,CUST10740,2025-12-12,East,Grocery,18526.48,7,UPI,POS,Cancelled
TXN000431,CUST15642,2025-09-12,East,Home & Kitchen,41734.08,4,Credit Card,Mobile App,Cancelled
TXN003260,CUST17043,2025-07-25,North,Beauty,42384.45,3,Credit Card,CRM,Cancelled
TXN002105,CUST11675,2025-01-12,West,Home & Kitchen,25369.23,3,Debit Card,POS,Pending
TXN001367,CUST13533,2025-06-15,Central,Beauty,30236.28,6,Debit Card,CRM,Completed
TXN000174,CUST17685,2026-07-01,South,Clothing,18844.28,4,,Mobile App,Refunded
TXN002945,CUST13548,2025-03-14,North,Electronics,52184.93,7,UPI,Partner Portal,Completed
TXN001177,CUST18290,2026-01-18,N/A,Clothing,20529.58,2,Credit Card,Partner Portal,Completed
TXN003443,CUST17373,2025-08-21,North,Clothing,43638.06,3,Cash,E-Commerce,Refunded
TXN001477,CUST19556,2025-08-22,East,Home & Kitchen,12778.7,1,Cash,CRM,Cancelled
TXN003261,CUST19350,2026-04-23,N/A,Electronics,12846.46,1,Credit Card,E-Commerce,Cancelled
TXN002112,CUST10360,2026-02-15,South,Clothing,70310.46,6,UPI,POS,Refunded
TXN000103,CUST13994,2026-03-02,West,Sports,117645.2,8,Debit Card,Mobile App,Pending
TXN002030,CUST19074,2026-06-08,South,Beauty,46383.6,8,Credit Card,Mobile App,Completed
TXN003308,CUST19332,2026-07-28,East,Clothing,42798.0,3,Credit Card,Partner Portal,Completed
TXN001953,CUST13538,2025-02-01,East,Sports,21530.64,8,Debit Card,Partner Portal,Pending
TXN001264,CUST13224,2025-10-05,West,Sports,44817.36,3,Credit Card,POS,Pending
TXN004872,CUST16813,2025-04-12,South,Electronics,20506.12,4,Credit Card,Partner Portal,Cancelled
TXN003246,CUST13184,2026-03-01,West,Home & Kitchen,2606.76,3,UPI,POS,Cancelled
TXN002442,CUST18136,2025-10-27,North,Beauty,65267.05,5,Net Banking,Mobile App,Refunded
TXN003167,CUST17484,2025-02-21,North,Grocery,109668.32,8,Debit Card,POS,Cancelled
TXN002828,CUST13305,2025-10-31,South,Sports,2241.43,1,Net Banking,Partner Portal,Refunded
TXN003409,CUST17470,2026-04-18,South,Home & Kitchen,23174.61,3,Net Banking,Partner Portal,Pending
TXN003280,CUST11591,2025-08-09,Central,Home & Kitchen,56570.84,4,,Partner Portal,Completed
TXN004616,,2026-05-04,East,Beauty,59216.36,4,Cash,CRM,Pending
TXN001644,CUST17703,2027-11-24,West,Grocery,21522.69,7,Credit Card,POS,Refunded
TXN004575,CUST14700,2025-03-18,West,Grocery,41719.26,6,,POS,Completed
TXN000001,CUST14013,2025-04-25,South,Home & Kitchen,11149.1,1,Credit Card,Partner Portal,Completed
TXN001581,CUST13526,2026-03-18,West,Clothing,44383.44,3,Cash,POS,Cancelled
TXN004491,CUST16293,2026-09-10,East,Sports,85681.86,6,Cash,CRM,Cancelled
TXN004180,CUST18624,2025-05-24,Central,Beauty,13352.18,2,Cash,E-Commerce,Cancelled
TXN001357,CUST17934,2026-08-21,Central,Beauty,38407.8,4,Debit Card,POS,Pending
TXN003504,CUST14847,2025-01-25,Central,Electronics,14952.14,1,Cash,CRM,Pending
TXN004550,CUST11485,2026-06-13,East,Grocery,4657.24,1,Credit Card,POS,Refunded
TXN002304,CUST17121,2025-05-21,South,Beauty,3878.95,1,,CRM,Refunded
TXN002847,,2026-06-27,South,Clothing,14168.42,2,Debit Card,Mobile App,Cancelled
TXN002288,CUST13071,2026-07-19,West,Sports,6230.96,8,Net Banking,CRM,Pending
TXN000397,CUST12477,2025-08-20,North,Electronics,42536.35,5,UPI,Partner Portal,Refunded
TXN003575,CUST15472,2025-11-25,East,Beauty,57885.2,8,UPI,Partner Portal,Completed
TXN001065,CUST19432,2025-01-10,North,Beauty,65500.62,6,Debit Card,Mobile App,Refunded
TXN004102,CUST19368,2025-01-04,North,Sports,17769.1,2,Credit Card,Mobile App,Completed
TXN003989,CUST18016,2025-02-24,West,Electronics,830.22,2,Net Banking,Partner Portal,Completed
TXN004291,CUST10834,2025-09-11,East,Beauty,4541.28,8,Cash,CRM,Refunded
TXN000819,CUST18444,2026-03-01,West,Beauty,26906.95,7,Cash,E-Commerce,Completed
TXN001813,CUST18035,2025-07-16,North,Clothing,40398.42,3,Cash,POS,Completed
TXN002949,CUST13287,2025-09-10,East,Sports,11256.25,5,UPI,POS,Cancelled
TXN001553,CUST15594,2026-07-09,East,Electronics,19118.24,8,Net Banking,POS,Completed
TXN003228,CUST16995,2026-05-07,Central,Grocery,3806.21,1,UPI,POS,Pending
TXN000817,CUST19281,2026-08-30,N/A,Grocery,25038.84,6,Net Banking,E-Commerce,Cancelled
TXN001573,CUST17918,2025-10-31,West,Grocery,57889.6,4,Cash,Partner Portal,Pending
TXN003949,CUST11549,2026-07-11,South,Home & Kitchen,88975.2,6,UPI,POS,Pending
TXN001801,CUST18978,2026-04-26,East,Beauty,43489.75,5,UPI,Partner Portal,Pending
TXN004354,CUST16335,2026-05-27,East,Beauty,60034.31,7,Cash,POS,Refunded
TXN000382,CUST19650,2026-07-30,South,Grocery,20557.38,6,UPI,POS,Pending
TXN003957,CUST15057,2026-01-05,North,Grocery,8199.45,7,UPI,Partner Portal,Completed
TXN003947,CUST10182,2026-09-06,East,Beauty,12174.64,4,UPI,Partner Portal,Refunded
TXN002365,CUST19505,2026-05-30,East,Electronics,61422.08,8,UPI,Mobile App,Completed
TXN003619,CUST19739,2026-08-09,South,Grocery,69616.08,8,Credit Card,POS,Refunded
TXN003165,CUST17633,2025-09-09,Central,Sports,63304.29,7,UPI,Mobile App,Refunded
TXN004391,CUST19836,2026-01-25,South,Home & Kitchen,472.61,1,UPI,CRM,Pending
TXN001781,CUST12168,2025-06-21,South,Sports,7089.1,1,UPI,Partner Portal,Cancelled
TXN002813,CUST15562,2026-09-23,South,Clothing,42397.65,5,Credit Card,CRM,Completed
TXN004495,CUST12047,2026-05-15,East,Grocery,68946.18,6,Net Banking,CRM,Pending
TXN004141,CUST11104,2025-04-20,West,Sports,41084.08,8,Credit Card,Partner Portal,Cancelled
TXN000865,CUST18022,2025-04-09,West,Grocery,46431.18,6,Net Banking,POS,Refunded
TXN003124,CUST10135,2026-04-20,North,Grocery,33056.88,3,Debit Card,POS,Pending
TXN004005,CUST13051,2026-08-25,North,Grocery,1827.72,4,UPI,Mobile App,Completed
TXN000555,CUST15951,2025-10-05,Central,Sports,93892.08,8,Net Banking,Mobile App,Pending
TXN001160,CUST16942,2026-08-09,South,Clothing,53346.8,5,Credit Card,Partner Portal,Refunded
TXN001214,CUST13265,2025-05-10,North,Clothing,20888.15,5,Cash,POS,Refunded
TXN003917,CUST11231,2025-04-22,East,Electronics,68203.6,5,Cash,Mobile App,Pending
TXN003718,CUST12611,2025-04-04,North,Home & Kitchen,9669.48,3,Net Banking,Mobile App,Refunded
TXN000049,CUST17145,2026-08-14,North,Sports,15581.48,4,Cash,E-Commerce,Cancelled
TXN002438,CUST19123,2026-06-03,North,Clothing,36600.21,3,Debit Card,Mobile App,Refunded
TXN000701,CUST11611,2025-12-10,East,Beauty,20398.05,5,Cash,Mobile App,Refunded
TXN000653,CUST17547,2025-05-20,Central,Clothing,19322.08,8,Net Banking,Mobile App,Completed
TXN003265,CUST14599,2026-06-08,West,Beauty,-80536.4,8,Cash,Mobile App,Refunded
TXN003174,CUST10763,2025-07-20,South,Beauty,89894.8,8,Debit Card,E-Commerce,Cancelled
TXN004790,CUST17823,2025-07-05,West,Grocery,43412.94,6,UPI,E-Commerce,Refunded
TXN000749,CUST19156,2026-01-10,North,Sports,16268.88,6,Debit Card,E-Commerce,Cancelled
TXN001456,CUST12024,2026-07-05,North,Grocery,17215.77,3,Debit Card,E-Commerce,Completed
TXN004260,CUST13732,2025-08-27,North,Home & Kitchen,54355.6,8,Cash,Mobile App,Pending
TXN004436,CUST13609,2026-01-13,East,Grocery,23948.74,2,Cash,E-Commerce,Pending
TXN002084,CUST11067,2026-02-09,South,Grocery,76954.72,8,Cash,Mobile App,Completed
TXN000867,CUST13674,2026-06-10,South,Grocery,87610.5,6,Cash,Partner Portal,Completed
TXN001645,CUST16956,2025-12-10,West,Beauty,72401.28,6,UPI,E-Commerce,Cancelled
TXN002916,CUST14165,2025-06-12,East,Grocery,44083.08,4,UPI,POS,Pending
TXN002504,CUST17774,2025-11-09,South,Grocery,95902.08,8,Cash,CRM,Pending
TXN001491,CUST18243,2025-12-16,East,Beauty,50999.25,5,Net Banking,CRM,Pending
TXN002343,CUST12613,2025-07-05,South,Home & Kitchen,90391.52,8,Debit Card,Partner Portal,Pending
TXN000730,CUST13174,2026-04-21,North,Home & Kitchen,16875.04,4,Net Banking,Mobile App,Pending
TXN002803,CUST18249,2025-12-10,East,Home & Kitchen,15750.24,6,UPI,CRM,Completed
TXN003858,CUST10171,2026-08-18,East,Sports,1194.88,2,Cash,Mobile App,Refunded
TXN001937,CUST16480,2025-12-12,West,Grocery,29745.6,4,Credit Card,Partner Portal,Completed
TXN001111,CUST12396,2025-02-09,West,Electronics,74284.7,5,Cash,E-Commerce,Completed
TXN004131,CUST11862,2026-06-02,South,Home & Kitchen,64458.1,7,Cash,E-Commerce,Cancelled
TXN004541,CUST12588,2025-08-08,North,Sports,28316.38,2,Cash,Mobile App,Refunded
TXN001186,CUST17022,2025-02-25,East,Clothing,26869.7,2,Debit Card,E-Commerce,Cancelled
TXN002008,CUST17434,2025-11-11,North,Clothing,9892.34,2,UPI,E-Commerce,Completed
TXN000194,CUST15777,2026-03-31,Central,Grocery,-40573.38,6,UPI,CRM,Completed
TXN001516,CUST11654,2025-06-01,North,Sports,18785.52,4,Cash,CRM,Pending
TXN000579,CUST19149,2025-05-09,East,Grocery,28534.8,8,Debit Card,CRM,Refunded
TXN001430,CUST16524,2026-05-29,North,Beauty,9197.44,1,Debit Card,E-Commerce,Refunded
TXN004545,CUST14271,2026-05-16,West,Grocery,4848.88,8,Debit Card,Partner Portal,Pending
TXN004681,CUST19613,2025-07-15,Central,Beauty,83597.76,6,Cash,Partner Portal,Refunded
TXN001847,CUST16974,2025-09-09,East,Electronics,40512.55,0,Credit Card,CRM,Cancelled
TXN000132,CUST13818,2026-07-22,East,Home & Kitchen,35348.44,4,Cash,CRM,Cancelled
TXN000179,CUST11624,2026-01-19,East,Home & Kitchen,2079.96,4,Debit Card,CRM,Cancelled
TXN004536,CUST10557,2025-12-18,Central,Electronics,2071.14,6,UPI,Partner Portal,Cancelled
TXN003270,CUST11446,2025-02-26,Central,Grocery,6610.62,6,Net Banking,CRM,Cancelled
TXN004198,CUST12634,2026-09-22,North,Clothing,77472.16,8,Cash,Mobile App,Pending
TXN004958,CUST18765,2025-03-01,East,Grocery,32893.44,3,Net Banking,Partner Portal,Pending
TXN004335,CUST11749,2025-11-25,East,Grocery,-42027.5,5,Credit Card,E-Commerce,Refunded
TXN002074,CUST12867,2025-11-04,North,Beauty,48141.2,4,Debit Card,CRM,Completed
TXN000659,CUST17922,2026-05-10,Central,Clothing,8802.45,3,UPI,E-Commerce,Completed
TXN001897,CUST18808,2025-09-05,North,Clothing,10305.54,2,UPI,POS,Pending
TXN003428,CUST18510,2026-08-03,West,Home & Kitchen,19810.0,8,Credit Card,POS,Pending
TXN003207,CUST13379,2026-06-05,South,Sports,2182.96,2,,E-Commerce,Refunded
TXN000343,CUST18378,2025-10-12,South,Home & Kitchen,9435.22,2,Cash,POS,Refunded
TXN003750,CUST11451,2025-01-23,Central,Electronics,7223.95,5,UPI,E-Commerce,Cancelled
TXN000728,CUST14935,2026-05-27,East,Grocery,18890.32,2,Credit Card,Partner Portal,Pending
TXN003906,CUST16348,2026-08-20,South,Sports,2107.79,1,Net Banking,Mobile App,Completed
TXN000977,CUST15512,2026-08-21,West,Grocery,7032.27,1,Net Banking,Mobile App,Refunded
TXN002104,CUST17423,2025-09-29,Central,Clothing,3372.25,7,Debit Card,CRM,Refunded
TXN003078,CUST19833,2026-01-02,South,Electronics,107416.16,8,UPI,Partner Portal,Refunded
TXN001929,CUST10482,2025-07-09,Central,Electronics,49292.8,4,UPI,Mobile App,Completed
TXN002695,CUST19856,2025-12-01,North,Electronics,51688.05,5,UPI,POS,Refunded
TXN004367,CUST13637,2026-09-15,West,Beauty,51743.55,5,Credit Card,Partner Portal,Cancelled
TXN001300,CUST19239,2025-03-05,Central,Beauty,29815.88,4,Credit Card,POS,Completed
TXN003092,CUST10062,2026-04-15,East,Beauty,57798.2,5,Debit Card,CRM,Completed
TXN004670,CUST10735,2026-04-24,South,Grocery,44154.39,3,Cash,CRM,Refunded
TXN000661,CUST19737,2025-11-15,North,Clothing,10337.08,1,Net Banking,CRM,Completed
TXN001791,CUST18398,2026-09-05,Central,Grocery,26930.7,5,Credit Card,Mobile App,Completed
TXN002466,CUST14783,2026-03-17,West,Beauty,11128.2,2,Debit Card,CRM,Cancelled
TXN002874,CUST13827,2026-09-08,North,Sports,29915.82,3,Net Banking,Partner Portal,Pending
TXN003077,CUST13331,2026-09-05,South,Clothing,103731.2,0,UPI,Partner Portal,Pending
TXN004329,CUST18671,2025-03-04,East,Home & Kitchen,39821.31,3,UPI,CRM,Refunded
TXN003990,CUST14900,2026-09-03,Central,Clothing,10879.62,6,Cash,Mobile App,Refunded
TXN002788,CUST17680,2026-02-10,North,Home & Kitchen,5676.4,1,Debit Card,Mobile App,Refunded
TXN003715,CUST15179,2026-08-22,Central,Clothing,13678.85,1,Net Banking,Partner Portal,Cancelled
TXN003300,CUST15876,2025-07-06,East,Grocery,1453.15,5,UPI,Mobile App,Refunded
TXN001279,CUST13028,2026-03-19,South,Beauty,28738.02,3,Debit Card,E-Commerce,Pending
TXN004759,CUST15963,2025-04-03,South,Beauty,44557.36,4,Net Banking,E-Commerce,Refunded
TXN001622,CUST14700,2026-04-11,South,Grocery,20611.26,6,UPI,E-Commerce,Cancelled
TXN003117,CUST17031,2025-12-05,Central,Sports,8564.48,2,Net Banking,POS,Pending
TXN002923,CUST16054,2025-04-18,South,Home & Kitchen,35718.55,5,Net Banking,Partner Portal,Cancelled
TXN000068,CUST15734,2025-01-20,South,Beauty,14998.63,1,Credit Card,CRM,Completed
TXN003732,CUST17172,2025-12-27,North,Electronics,110227.92,8,Net Banking,E-Commerce,Pending
TXN002192,CUST11162,2025-07-24,West,Sports,589.14,1,UPI,CRM,Completed
TXN003913,CUST10927,2026-04-09,East,Home & Kitchen,5127.63,3,Credit Card,POS,Pending
TXN000821,CUST15969,2026-08-03,West,Home & Kitchen,7881.82,1,Debit Card,E-Commerce,Cancelled
TXN001227,CUST10267,2025-02-07,North,Grocery,5127.11,1,Credit Card,Mobile App,Cancelled
TXN002236,CUST15128,2026-07-18,Central,Beauty,21963.84,2,Net Banking,Mobile App,Pending
TXN004462,CUST12535,2025-09-16,East,Electronics,65631.36,6,Debit Card,E-Commerce,Cancelled
TXN004508,CUST19068,2025-11-16,East,Sports,61166.21,7,Net Banking,Partner Portal,Refunded
TXN004527,CUST11608,2025-12-04,Central,Beauty,47804.82,7,UPI,CRM,Pending
TXN004336,CUST14048,2026-02-21,Central,Home & Kitchen,11730.04,7,Cash,E-Commerce,Cancelled
TXN003461,CUST19425,2026-04-05,Central,Beauty,-12687.0,5,Debit Card,POS,Refunded
TXN001144,CUST19905,2026-01-05,South,Home & Kitchen,26888.48,2,Net Banking,Partner Portal,Cancelled
TXN000398,CUST16343,2026-08-27,Central,Grocery,33394.68,4,Cash,Mobile App,Pending
TXN003003,CUST12478,2026-06-29,North,Grocery,1278.54,6,Credit Card,Partner Portal,Completed
TXN004368,CUST15833,2025-08-04,Unknown,Sports,53429.81,7,UPI,POS,Pending
TXN002848,CUST18991,2025-12-15,Central,Electronics,31366.8,5,Net Banking,E-Commerce,Pending
TXN001399,CUST16044,2025-01-06,East,Sports,24969.65,5,Credit Card,Partner Portal,Cancelled
TXN001660,CUST12795,2026-07-14,North,Beauty,13995.44,4,UPI,Mobile App,Refunded
TXN000980,CUST15903,2025-08-22,North,Sports,3733.92,2,Debit Card,POS,Pending
TXN001299,CUST15482,2025-12-13,North,Home & Kitchen,27909.91,7,Debit Card,Partner Portal,Cancelled
TXN004120,CUST13781,2025-10-25,Central,Home & Kitchen,11526.54,6,Debit Card,E-Commerce,Pending
TXN000083,CUST15913,2025-04-13,South,Clothing,18056.28,4,Credit Card,Partner Portal,Pending
TXN004323,CUST17442,2025-05-11,South,Electronics,2899.3,1,Debit Card,CRM,Cancelled
TXN003154,CUST17243,2025-05-21,East,Clothing,58889.04,8,Cash,Partner Portal,Completed
TXN003861,CUST16797,2026-09-06,East,Beauty,29940.68,4,UPI,Partner Portal,Completed
TXN003904,CUST19840,2026-02-20,East,Home & Kitchen,63782.67,7,Credit Card,CRM,Refunded
TXN003110,CUST10592,2025-03-07,West,Clothing,87854.48,7,Debit Card,Partner Portal,Completed
TXN000424,CUST19562,2026-04-20,Central,Sports,14221.98,2,Credit Card,Mobile App,Pending
TXN004406,CUST12583,2025-01-12,North,Home & Kitchen,10249.86,6,UPI,CRM,Refunded
TXN001905,CUST14735,2025-06-04,Central,Sports,37148.76,3,Credit Card,POS,Refunded
TXN004608,CUST13465,2025-07-01,Central,Sports,11889.3,5,Debit Card,POS,Cancelled
TXN003464,CUST12348,2025-01-11,Central,Sports,10823.57,1,Credit Card,Partner Portal,Completed
TXN003209,CUST12813,2025-07-04,South,Beauty,10379.0,5,UPI,CRM,Invalid
TXN001566,CUST13313,2026-05-25,East,Beauty,34118.43,3,Net Banking,POS,Cancelled
TXN003467,CUST18073,2025-09-12,Central,Home & Kitchen,12136.46,2,Credit Card,Mobile App,Refunded
TXN000840,CUST13255,2026-08-31,North,Grocery,72077.88,6,UPI,E-Commerce,Refunded
TXN000501,CUST12300,2026-09-21,West,Home & Kitchen,34147.11,3,Debit Card,Partner Portal,Pending
TXN000142,CUST16106,2025-03-29,South,Sports,13069.92,2,Credit Card,Partner Portal,Cancelled
TXN001378,CUST15103,2025-03-02,East,Home & Kitchen,30841.28,8,Credit Card,POS,Refunded
TXN004416,CUST15735,2026-07-23,South,Clothing,3848.58,1,Net Banking,Partner Portal,Pending
TXN002210,CUST10832,2025-01-11,North,Clothing,38738.94,3,Credit Card,POS,Pending
TXN001139,CUST17280,2025-05-23,South,Clothing,91352.88,8,UPI,Mobile App,Pending
TXN002624,CUST10548,2025-12-12,South,Grocery,24977.8,5,Cash,Partner Portal,Cancelled
TXN001788,CUST10269,2025-11-06,South,Grocery,26200.51,7,UPI,Mobile App,Refunded
TXN004945,CUST16111,2025-01-31,North,Home & Kitchen,39918.24,8,UPI,Mobile App,Unknown
TXN000551,CUST19922,2026-02-26,South,Sports,10662.5,2,Cash,Partner Portal,Pending
TXN004197,CUST13492,2026-04-21,Central,Sports,4038.02,2,Credit Card,Partner Portal,Pending
TXN002020,CUST18549,2025-11-28,South,Beauty,43559.28,6,Net Banking,Partner Portal,Pending
TXN000949,CUST15478,2026-03-19,East,Home & Kitchen,8928.71,1,Credit Card,Mobile App,Pending
TXN002330,CUST10704,2025-05-09,East,Clothing,3742.06,1,Cash,Mobile App,Cancelled
TXN000533,CUST14223,2025-12-15,Central,Sports,24127.68,2,,Mobile App,Refunded
TXN001830,CUST10665,2025-09-29,South,Grocery,8008.07,1,Debit Card,Mobile App,Completed
TXN003014,CUST10981,2026-02-21,South,Home & Kitchen,23955.18,2,Debit Card,CRM,Completed
TXN004964,CUST11265,2025-02-28,West,Electronics,29464.88,4,Debit Card,Mobile App,Pending
TXN003998,CUST11084,2025-12-09,North,Beauty,7390.25,1,,POS,Completed
TXN001603,CUST18115,2025-11-24,South,Sports,21478.24,2,Cash,CRM,Completed
TXN000640,CUST19648,2026-09-15,West,Grocery,29155.12,8,Net Banking,Mobile App,Completed
TXN004906,CUST13341,2026-03-27,West,Electronics,4832.04,4,Net Banking,POS,Completed
TXN000968,CUST13935,2025-12-13,East,Clothing,18582.32,4,Debit Card,Partner Portal,Refunded
TXN004303,CUST14124,2026-05-01,West,Grocery,40841.64,7,Credit Card,Partner Portal,Cancelled
TXN002708,CUST13934,2026-06-28,Central,Electronics,37878.03,3,Net Banking,CRM,Pending
TXN001684,CUST19315,2025-10-17,North,Sports,51166.14,6,Credit Card,E-Commerce,Refunded
TXN004540,CUST17182,2026-07-02,South,Electronics,14929.16,1,Debit Card,CRM,Pending
TXN003553,CUST17578,2026-05-05,Central,Home & Kitchen,49555.48,4,Credit Card,CRM,Refunded
TXN000156,CUST15929,2025-06-25,North,Grocery,99977.52,8,Credit Card,E-Commerce,Refunded
TXN002843,CUST14530,2026-06-17,North,Sports,73327.38,7,Net Banking,E-Commerce,Pending
TXN003832,CUST13440,2025-03-05,West,Beauty,75746.28,6,,Partner Portal,Pending
TXN001090,CUST16661,2025-11-09,East,Electronics,28434.14,2,Credit Card,CRM,Pending
TXN004089,CUST13902,2025-08-18,North,Clothing,21881.51,7,Net Banking,POS,Cancelled
TXN004306,CUST18213,2026-06-26,West,Home & Kitchen,26819.82,3,Net Banking,POS,Cancelled
TXN000289,CUST16354,2026-01-30,North,Beauty,4448.53,1,Cash,E-Commerce,Pending
TXN000931,CUST17613,2026-07-23,Central,Clothing,5781.6,8,Debit Card,CRM,Completed
TXN003920,CUST19271,2025-08-11,Central,Electronics,75026.88,8,Cash,CRM,Completed
TXN002332,CUST13343,2025-04-20,West,Clothing,35111.7,3,Net Banking,POS,Refunded
TXN003484,CUST19947,2025-10-24,Central,Beauty,2746.65,3,Net Banking,Partner Portal,Cancelled
TXN002439,CUST19091,2025-07-21,West,Home & Kitchen,4350.09,1,UPI,CRM,Cancelled
TXN003401,CUST17137,2026-04-14,North,Electronics,103987.76,8,Net Banking,POS,Pending
TXN000943,CUST12088,2025-03-08,East,Sports,33645.0,3,Debit Card,Partner Portal,Cancelled
TXN003985,CUST18733,2026-02-22,West,Beauty,46777.38,6,Cash,Mobile App,Pending
TXN004734,CUST16923,2025-08-07,South,Grocery,58899.92,8,Debit Card,Partner Portal,Refunded
TXN001699,CUST12708,2026-04-14,West,Grocery,63469.07,7,Cash,Partner Portal,Cancelled
TXN004781,CUST12971,2026-09-23,South,Grocery,10478.86,2,UPI,E-Commerce,Refunded
TXN003456,CUST10542,2026-01-10,South,Grocery,44745.5,5,Cash,E-Commerce,Completed
TXN002582,CUST16892,2025-05-02,East,Home & Kitchen,68450.25,5,Net Banking,Partner Portal,Refunded
TXN002903,CUST11382,2025-03-29,East,Electronics,15856.7,5,Credit Card,POS,Pending
TXN000986,CUST15811,2025-11-09,East,Home & Kitchen,7547.02,1,Net Banking,Mobile App,Refunded
TXN002861,CUST18379,2026-02-01,West,Beauty,13744.68,4,UPI,Partner Portal,Refunded
TXN004526,CUST12545,2025-07-22,East,Beauty,19872.48,2,UPI,E-Commerce,Refunded
TXN002688,CUST10962,2025-05-23,East,Beauty,20895.18,2,,Mobile App,Completed
TXN004851,CUST19126,2025-12-28,South,Home & Kitchen,35053.62,6,Net Banking,E-Commerce,Completed
TXN000982,CUST15680,2025-01-09,West,Grocery,21497.45,5,Cash,CRM,Refunded
TXN002601,CUST19613,2025-06-12,North,Home & Kitchen,89411.14,7,Cash,POS,Pending
TXN003039,CUST14398,2026-06-15,South,Grocery,38001.8,5,UPI,Partner Portal,Pending
TXN003269,CUST18766,2025-10-12,West,Home & Kitchen,81904.8,8,Debit Card,CRM,Cancelled
TXN003040,CUST17396,2025-07-29,Central,Grocery,25602.44,4,Credit Card,Partner Portal,Pending
TXN003850,,2025-11-14,South,Home & Kitchen,38586.27,3,Credit Card,POS,Cancelled
TXN003969,CUST18011,2026-09-25,West,Electronics,9754.56,4,Credit Card,CRM,Cancelled
TXN001458,CUST15951,2026-03-05,North,Beauty,24295.55,5,UPI,Partner Portal,Refunded
TXN001396,CUST17164,2025-06-20,Invalid,Grocery,53495.4,5,Net Banking,POS,Completed
TXN000265,CUST13351,2026-05-06,West,Home & Kitchen,41859.32,4,Cash,POS,Cancelled
TXN004820,CUST10196,2026-05-08,East,Electronics,16114.47,3,Debit Card,POS,Completed
TXN000930,CUST12333,2025-03-27,East,Sports,47059.76,4,Debit Card,E-Commerce,Refunded
TXN003166,CUST10380,2026-05-09,East,Home & Kitchen,2363.94,3,Credit Card,POS,Completed
TXN002179,CUST12261,2025-10-25,West,Clothing,20194.74,2,Net Banking,Partner Portal,Pending
TXN002777,CUST18083,2025-06-21,Central,Grocery,13957.08,6,Credit Card,POS,Refunded
TXN000247,CUST12456,2026-07-15,South,Clothing,34533.0,4,Cash,Mobile App,Completed
TXN003709,CUST12654,2026-07-04,East,Clothing,67007.64,7,Net Banking,POS,Refunded
TXN001759,CUST14398,2025-10-12,South,Electronics,16545.02,2,Net Banking,E-Commerce,Completed
TXN004939,CUST17198,2026-09-16,Central,Home & Kitchen,14292.6,5,Net Banking,POS,Completed
TXN004026,CUST11925,2026-01-14,South,Home & Kitchen,66014.1,5,Cash,Mobile App,Pending
TXN000924,CUST12993,2026-07-09,East,Electronics,13055.22,3,Debit Card,POS,Refunded
TXN004321,CUST17497,2025-04-30,South,Grocery,115959.28,8,Net Banking,Partner Portal,Completed
TXN000269,CUST13769,2025-10-30,West,Sports,9069.78,3,Debit Card,Mobile App,Cancelled
TXN000670,CUST15413,2026-01-08,East,Grocery,19823.72,7,Net Banking,CRM,Completed
TXN002882,CUST14181,2026-01-31,Central,Home & Kitchen,10607.98,1,Net Banking,Mobile App,Cancelled
TXN001911,CUST10279,2026-09-25,Central,Beauty,70915.2,6,Cash,E-Commerce,Pending
TXN004846,CUST19394,2026-01-13,North,Home & Kitchen,6930.2,5,Net Banking,Partner Portal,Completed
TXN001153,CUST12284,2025-03-03,East,Grocery,32860.74,6,Debit Card,Partner Portal,Refunded
TXN004891,CUST17124,2025-08-02,South,Home & Kitchen,17191.98,6,Net Banking,CRM,Pending
TXN003569,CUST10245,2026-02-28,South,Home & Kitchen,52597.84,8,Debit Card,Partner Portal,Completed
TXN004307,CUST17064,2025-10-10,North,Beauty,7747.53,3,Cash,POS,Completed
TXN004004,CUST18235,2026-06-16,East,Clothing,67302.48,6,UPI,CRM,Cancelled
TXN002239,CUST11573,2025-12-06,Central,Home & Kitchen,65034.35,5,Debit Card,Mobile App,Pending
TXN003312,CUST15436,2026-06-26,West,Beauty,87760.61,7,Debit Card,Partner Portal,Pending
TXN001916,CUST13977,2026-02-22,West,Beauty,12315.15,5,Debit Card,POS,Refunded
TXN000613,CUST18632,2025-01-19,North,Clothing,61507.39,7,Debit Card,CRM,Cancelled
TXN004814,CUST19397,2026-04-06,South,Clothing,5290.26,3,Credit Card,E-Commerce,Refunded
TXN004975,CUST18167,2025-02-19,East,Sports,21934.48,2,Cash,E-Commerce,Completed
TXN001899,CUST18958,2026-03-29,North,Beauty,12779.24,2,UPI,Mobile App,Pending
TXN001650,CUST11501,2025-07-24,North,Grocery,5730.12,2,Debit Card,E-Commerce,Completed
TXN002526,CUST10298,2026-08-11,South,Beauty,11681.05,5,UPI,CRM,Completed
TXN000259,CUST17000,2025-03-04,Central,Grocery,28281.9,3,Credit Card,POS,Refunded
TXN000848,CUST19126,2026-03-10,North,Electronics,5942.65,5,UPI,E-Commerce,Refunded
TXN004318,CUST16342,2026-07-01,North,Beauty,14917.83,3,Credit Card,Partner Portal,Completed
TXN001234,CUST13941,2026-04-03,Central,Grocery,15748.56,2,Net Banking,POS,Cancelled
TXN001128,CUST14080,2025-10-04,South,Sports,9671.96,1,Credit Card,CRM,Cancelled
TXN001968,CUST19101,2026-09-03,North,Beauty,15701.4,3,Net Banking,Mobile App,Refunded
TXN000559,CUST12796,2026-03-30,North,Electronics,6168.09,3,UPI,POS,Refunded
TXN004033,CUST16027,2025-07-22,North,Beauty,28269.04,2,Debit Card,POS,Completed
TXN000485,CUST11939,2026-03-20,Central,Electronics,2110.08,6,Cash,CRM,Completed
TXN002212,CUST18067,2026-03-25,North,Grocery,3765.05,5,Debit Card,E-Commerce,Refunded
TXN001321,CUST10283,2025-09-28,West,Electronics,20138.25,3,Net Banking,CRM,Cancelled
TXN002424,CUST14728,2026-05-07,East,Clothing,32362.75,7,Cash,E-Commerce,Refunded
TXN000008,CUST14375,2026-01-15,North,Sports,19329.9,6,Debit Card,Partner Portal,Pending
TXN003389,CUST15442,2025-10-11,South,Electronics,5568.6,3,Cash,E-Commerce,Refunded
TXN003871,CUST11041,2025-02-02,North,Sports,30462.48,4,Cash,CRM,Pending
TXN001451,CUST17281,2025-12-18,South,Grocery,29176.08,6,Net Banking,E-Commerce,Pending
TXN001202,CUST12847,2025-05-12,West,Clothing,102638.2,7,Cash,E-Commerce,Refunded
TXN001815,CUST10525,2026-05-24,West,Clothing,41466.32,4,Debit Card,Mobile App,Refunded
TXN000774,CUST12524,2025-08-18,East,Clothing,11889.17,1,Net Banking,CRM,Cancelled
TXN001012,CUST16046,2025-03-09,North,Electronics,48920.9,5,Debit Card,Mobile App,Cancelled
TXN004440,CUST10434,2026-03-07,West,Sports,12614.42,7,Net Banking,E-Commerce,Refunded
TXN002522,CUST18877,2026-09-25,East,Clothing,5884.25,1,Cash,CRM,Refunded
TXN001992,CUST16581,2025-07-03,West,Grocery,53753.68,4,Net Banking,E-Commerce,Pending
TXN001278,CUST18958,2026-05-11,East,Sports,36966.12,3,Net Banking,Partner Portal,Completed
TXN001784,CUST18515,2026-06-22,East,Sports,115482.88,8,Cash,Mobile App,Cancelled
TXN003729,CUST17541,2025-10-20,South,Sports,91383.11,7,Net Banking,POS,Refunded
TXN000447,CUST19679,2025-03-02,West,Sports,4935.99,3,Net Banking,E-Commerce,Refunded
TXN000881,CUST10995,2026-05-13,Central,Electronics,28443.2,8,Net Banking,Partner Portal,Cancelled
TXN004529,CUST14786,2026-02-12,Central,Sports,14167.56,6,Credit Card,Partner Portal,Cancelled
TXN000782,CUST13088,2025-08-12,Central,Sports,22801.23,3,Cash,Partner Portal,Completed
TXN001750,CUST15020,2025-09-03,South,Clothing,21171.4,4,Cash,Mobile App,Cancelled
TXN003748,CUST15938,2025-11-04,South,Home & Kitchen,2909.44,1,Credit Card,E-Commerce,Cancelled
TXN004609,CUST11109,2025-09-18,North,Beauty,6967.63,1,Net Banking,E-Commerce,Cancelled
TXN004956,CUST18319,2025-12-31,Central,Home & Kitchen,58711.08,6,Debit Card,POS,Completed
TXN004388,CUST10960,2026-09-26,Central,Grocery,3584.28,2,Credit Card,E-Commerce,Refunded
TXN000884,CUST15557,2026-06-04,Central,Beauty,35424.44,4,Net Banking,E-Commerce,Cancelled
TXN002446,CUST15577,2026-06-29,South,Electronics,50026.56,4,Credit Card,Partner Portal,Refunded
TXN001092,CUST18438,2026-06-05,Central,Beauty,21740.61,3,Credit Card,Mobile App,Completed
TXN003036,CUST12557,2025-09-06,North,Sports,26904.56,4,UPI,POS,Completed
TXN000532,CUST16671,2026-08-12,Central,Electronics,3990.5,1,Cash,CRM,Cancelled
TXN004122,,2026-03-26,East,Clothing,75382.92,6,Net Banking,Mobile App,Refunded
TXN003435,CUST16648,2025-01-19,Central,Grocery,10794.24,2,UPI,POS,Pending
TXN004161,CUST10849,2025-12-13,North,Home & Kitchen,35769.09,0,Debit Card,CRM,Cancelled
TXN001728,CUST19258,2027-07-08,West,Sports,21004.14,3,Credit Card,POS,Completed
TXN000611,CUST11824,2025-10-22,East,Grocery,5214.74,1,Net Banking,CRM,Cancelled
TXN000571,CUST16430,2025-03-24,North,Sports,2804.91,3,Net Banking,E-Commerce,Pending
TXN002756,CUST10698,2026-06-02,Central,Home & Kitchen,119094.08,8,Credit Card,CRM,Completed
TXN003132,CUST15636,2026-01-25,North,Beauty,36333.75,3,Credit Card,Partner Portal,Cancelled
TXN000344,CUST17168,2026-08-24,South,Electronics,9443.06,2,Debit Card,CRM,Refunded
TXN003103,CUST13080,2026-01-25,Central,Clothing,2357.85,5,Cash,CRM,Cancelled
TXN003247,CUST19794,2025-08-05,West,Beauty,30521.0,5,Debit Card,E-Commerce,Completed
TXN000435,CUST10613,2025-05-07,West,Beauty,64173.24,6,UPI,Partner Portal,Completed
TXN001904,CUST19444,2026-07-13,Central,Grocery,27135.57,3,UPI,Mobile App,Completed
TXN003927,CUST16208,2026-04-30,North,Sports,40301.73,7,Debit Card,Partner Portal,Refunded
TXN002457,CUST19588,2025-06-01,South,Home & Kitchen,97136.97,7,UPI,CRM,Cancelled
TXN002070,CUST16944,2025-10-10,Central,Electronics,14771.72,2,Cash,CRM,Completed
TXN001538,CUST15635,2026-08-09,South,Beauty,58474.32,8,Cash,Mobile App,Refunded
TXN002322,CUST14616,2026-09-19,West,Beauty,37067.45,7,Net Banking,E-Commerce,Cancelled
TXN002417,CUST18236,2026-03-19,West,Beauty,68682.32,8,Credit Card,CRM,Refunded
TXN001518,CUST13818,2025-06-17,South,Clothing,104061.65,7,Credit Card,E-Commerce,Refunded
TXN000966,CUST12854,2025-01-31,South,Clothing,12190.36,4,Debit Card,POS,Pending
TXN004473,CUST15724,2025-05-28,Central,Home & Kitchen,29386.59,3,Debit Card,Partner Portal,Completed
TXN000529,CUST10005,2025-02-06,South,Electronics,21989.52,6,UPI,Mobile App,Cancelled
TXN000177,CUST18411,2025-03-27,South,Grocery,12493.77,3,Credit Card,E-Commerce,Refunded
TXN003815,CUST12570,2025-06-26,North,Beauty,83869.08,6,Cash,CRM,Pending
TXN004257,CUST19327,2025-09-15,West,Clothing,100453.92,7,Debit Card,Mobile App,Completed
TXN004449,CUST12780,2025-03-11,Central,Beauty,52346.1,6,UPI,Partner Portal,Cancelled
TXN000573,CUST11540,2025-07-23,Central,Beauty,88450.48,8,Debit Card,Mobile App,Refunded
TXN002370,CUST16044,2026-09-12,Central,Beauty,1541.64,3,Debit Card,E-Commerce,Cancelled
TXN003624,CUST10709,2025-10-11,West,Grocery,25529.98,2,Cash,E-Commerce,Refunded
TXN002534,CUST11429,2026-04-11,South,Sports,225.48,1,Credit Card,Partner Portal,Pending
TXN003321,CUST16657,2025-09-21,East,Clothing,20627.34,6,Credit Card,POS,Refunded
TXN002664,CUST16885,2026-06-20,North,Grocery,43208.82,6,Debit Card,POS,Cancelled
TXN002209,CUST12986,2025-01-01,West,Clothing,20072.46,2,Cash,POS,Completed
TXN002645,CUST15254,2026-07-09,West,Beauty,43777.92,3,Net Banking,E-Commerce,ERROR
TXN002844,CUST17035,2025-08-14,North,Beauty,43707.0,3,UPI,Partner Portal,Refunded
TXN000384,CUST11706,2026-09-19,West,Home & Kitchen,38522.96,4,UPI,CRM,Pending
TXN000853,CUST12704,2026-06-14,East,Beauty,39558.3,6,Net Banking,E-Commerce,Refunded
TXN001881,CUST16704,2025-09-20,North,Clothing,13781.23,1,Cash,Mobile App,Pending
TXN000371,CUST13268,2025-10-14,Central,Home & Kitchen,15013.74,7,Cash,CRM,Refunded
TXN003385,CUST13780,2026-02-15,Central,Beauty,4911.23,1,Credit Card,Mobile App,Cancelled
TXN004895,CUST11805,2025-09-14,Central,Beauty,-5083.29,1,Cash,POS,Completed
TXN001106,CUST10347,2025-05-15,N/A,Home & Kitchen,28738.82,2,UPI,Partner Portal,Completed
TXN002652,CUST17265,2026-02-08,North,Home & Kitchen,37466.94,3,Net Banking,Mobile App,Completed
TXN004074,CUST19629,2025-05-24,West,Clothing,12163.32,0,UPI,E-Commerce,Refunded
TXN001337,CUST13246,2026-03-08,South,Grocery,26047.74,3,Credit Card,E-Commerce,Completed
TXN002190,CUST12917,2026-08-12,West,Electronics,87740.4,6,Credit Card,POS,Pending
TXN004664,CUST10010,2025-12-27,West,Electronics,21769.26,3,Debit Card,Mobile App,Refunded
TXN002390,CUST17082,2025-03-03,South,Grocery,48254.4,8,Net Banking,E-Commerce,Pending
TXN003438,CUST10172,2026-07-23,West,Electronics,24114.64,4,Credit Card,POS,Cancelled
TXN003027,CUST12618,2026-06-08,South,Clothing,44356.7,5,Cash,POS,Cancelled
TXN004922,CUST18775,2026-05-24,West,Sports,9620.72,1,UPI,Mobile App,Refunded
TXN001172,CUST19289,2025-08-02,West,Electronics,28748.86,2,Credit Card,E-Commerce,Cancelled
TXN004713,CUST19951,2026-06-30,East,Clothing,36936.12,4,Net Banking,Partner Portal,Completed
TXN002779,CUST17355,2025-02-01,South,Grocery,2049.84,8,Net Banking,CRM,Pending
TXN001423,CUST15459,2026-08-05,North,Electronics,6106.11,3,UPI,E-Commerce,Cancelled
TXN003802,CUST19025,2025-05-01,South,Home & Kitchen,74919.74,7,Net Banking,POS,Refunded
TXN004771,CUST13177,2026-06-24,East,Sports,13181.36,8,Net Banking,POS,Refunded
TXN004898,CUST14322,2026-03-19,North,Home & Kitchen,21946.08,4,Credit Card,E-Commerce,Pending
TXN001465,CUST13392,2025-10-28,Central,Grocery,26854.48,2,Net Banking,E-Commerce,Refunded
TXN000875,CUST16472,2025-11-07,East,Electronics,62345.22,6,Debit Card,E-Commerce,Completed
TXN002298,CUST16314,2025-01-14,South,Grocery,6748.6,2,Credit Card,Partner Portal,Cancelled
TXN002395,CUST19832,2025-12-24,North,Sports,20910.57,3,Net Banking,POS,Completed
TXN004407,CUST11196,2025-07-20,Central,Sports,56413.28,7,Credit Card,POS,Completed
TXN001252,CUST14763,2025-02-16,South,Sports,8552.27,1,Cash,E-Commerce,Pending
TXN002419,CUST14844,2025-05-06,East,Clothing,3540.8,1,Debit Card,Partner Portal,Completed
TXN000841,CUST10377,2026-01-22,Central,Beauty,1635.8,0,Cash,E-Commerce,Completed
TXN003362,CUST13513,2025-05-12,East,Electronics,24168.84,3,Debit Card,E-Commerce,Cancelled
TXN000582,CUST12540,2026-09-06,West,Clothing,3378.78,3,UPI,Partner Portal,Cancelled
TXN000205,CUST12115,2025-05-12,West,Sports,34619.85,3,Credit Card,CRM,Pending
TXN001642,CUST14311,2025-02-23,West,Grocery,42150.68,4,UPI,CRM,Cancelled
TXN002015,CUST12265,2025-10-14,West,Beauty,64763.15,5,UPI,Partner Portal,Cancelled
TXN000906,CUST19385,2025-12-25,South,Beauty,21697.9,5,Net Banking,Partner Portal,Pending
TXN000632,CUST14824,2025-10-20,Central,Electronics,20645.2,8,Cash,E-Commerce,Refunded
TXN003200,CUST12941,2025-09-18,North,Beauty,104223.44,8,Debit Card,E-Commerce,Refunded
TXN001975,CUST12764,2025-11-11,Central,Clothing,44645.35,5,,E-Commerce,Refunded
TXN000163,CUST19082,2025-04-03,North,Grocery,48960.8,7,Cash,E-Commerce,Cancelled
TXN004012,CUST12070,2025-02-09,North,Clothing,98041.16,7,Cash,CRM,Completed
TXN002958,CUST14653,2025-09-13,North,Electronics,5617.98,3,Debit Card,CRM,Cancelled
TXN004565,CUST17699,2025-08-17,Central,Grocery,2514.84,2,Credit Card,POS,Refunded
TXN000618,CUST18213,2025-11-06,East,Electronics,59761.28,4,UPI,Mobile App,Completed
TXN000876,CUST13084,2025-07-15,North,Home & Kitchen,24515.86,2,Net Banking,E-Commerce,Pending
TXN001432,CUST17876,2025-06-04,North,Clothing,23676.35,5,Net Banking,E-Commerce,Pending
TXN000548,CUST18471,2025-06-30,Central,Beauty,52808.07,7,UPI,Mobile App,Cancelled
TXN004410,CUST11468,2026-06-07,South,Clothing,100007.04,7,Credit Card,Mobile App,Completed
TXN004616,,2026-05-04,East,Beauty,59216.36,4,Cash,CRM,Pending
TXN004288,CUST14029,2025-10-03,West,Clothing,24670.38,2,Debit Card,E-Commerce,Cancelled
TXN002458,CUST17614,2026-06-01,North,Beauty,11342.71,1,UPI,E-Commerce,Pending
TXN002750,CUST18842,2026-09-11,North,Beauty,8266.02,3,Debit Card,Partner Portal,Refunded
TXN002553,CUST10042,2026-06-28,West,Home & Kitchen,21022.89,3,UPI,E-Commerce,Cancelled
TXN004384,CUST17480,2025-09-08,West,Beauty,19959.98,2,UPI,Mobile App,Completed
TXN001862,CUST14096,2025-05-16,North,Beauty,3539.75,1,Credit Card,Mobile App,Pending
TXN000641,CUST18968,2026-09-08,East,Sports,3746.23,1,Cash,E-Commerce,Completed
TXN004438,CUST16628,2025-01-27,East,Home & Kitchen,4381.36,2,Net Banking,Partner Portal,Refunded
TXN000638,CUST17312,2026-03-06,East,Beauty,23559.1,5,Debit Card,CRM,Pending
TXN003633,CUST19897,2025-07-13,East,Home & Kitchen,61365.36,7,Cash,POS,Completed
TXN004038,CUST11455,2025-10-28,East,Clothing,5135.68,4,Net Banking,Partner Portal,Cancelled
TXN004668,CUST13804,2025-09-10,Central,Electronics,12008.74,2,UPI,Partner Portal,Cancelled
TXN002097,CUST16607,2026-01-25,North,Beauty,9126.76,2,Credit Card,E-Commerce,Refunded
TXN002555,CUST16639,2026-08-24,West,Clothing,56692.44,7,Credit Card,POS,Completed
TXN003996,CUST18061,2026-08-07,West,Clothing,3995.8,2,UPI,Partner Portal,Cancelled
TXN003796,CUST10556,2025-07-13,North,Beauty,97703.84,8,Net Banking,E-Commerce,Refunded
TXN003185,CUST17313,2025-01-21,Central,Grocery,16186.92,2,Credit Card,Mobile App,Cancelled
TXN000922,CUST10738,2026-07-01,West,Electronics,36520.74,6,UPI,Mobile App,Pending
TXN000547,CUST13213,2025-08-30,South,Beauty,90013.0,7,Debit Card,Mobile App,Completed
TXN003788,CUST14186,2026-05-28,South,Grocery,23034.6,4,Net Banking,CRM,Cancelled
TXN001901,CUST19599,2025-11-27,North,Electronics,34162.86,3,Debit Card,Mobile App,Completed
TXN002029,CUST19359,2026-05-11,North,Clothing,17237.25,3,Debit Card,Partner Portal,Completed
TXN002302,CUST11497,2026-03-15,Invalid,Beauty,1759.55,5,,Partner Portal,Pending
TXN001886,CUST13155,2026-08-09,South,Home & Kitchen,10042.75,1,Debit Card,CRM,Pending
TXN001643,CUST10515,2026-04-15,South,Sports,-10120.98,2,Credit Card,Partner Portal,Completed
TXN003625,CUST15626,2025-05-19,East,Beauty,67478.04,7,Debit Card,POS,Refunded
TXN004883,CUST11398,2026-05-17,Central,Sports,26672.7,6,Net Banking,POS,Cancelled
TXN002098,CUST19829,2026-08-28,West,Sports,59464.0,5,Cash,E-Commerce,Refunded
TXN004424,CUST12549,2026-04-10,West,Home & Kitchen,18016.04,7,UPI,E-Commerce,Pending
TXN003680,CUST17395,2026-09-06,East,Clothing,34210.68,7,Debit Card,POS,Pending
TXN004564,CUST19163,2025-05-06,North,Sports,84046.38,6,UPI,CRM,Pending
TXN004006,CUST10887,2025-12-17,North,Beauty,19222.65,3,UPI,E-Commerce,Pending
TXN000837,CUST13011,2026-04-10,West,Beauty,11453.43,1,Debit Card,CRM,Refunded
TXN000602,CUST16267,2026-09-09,North,Clothing,9544.92,1,Cash,CRM,Cancelled
TXN002185,CUST15607,2025-03-06,West,Clothing,23599.8,7,Credit Card,Mobile App,Pending
TXN004847,CUST12213,2025-09-18,North,Sports,99556.16,0,Debit Card,Partner Portal,Pending
TXN002820,CUST18874,2026-08-04,South,Electronics,20808.83,7,Cash,Mobile App,Pending
TXN004374,CUST12776,2026-06-17,East,Clothing,113163.44,8,Cash,POS,Completed
TXN001583,CUST11164,2026-01-02,Central,Electronics,23283.7,2,Cash,Mobile App,Pending
TXN004333,CUST13615,2025-05-13,West,Grocery,57386.08,8,UPI,POS,Cancelled
TXN003711,CUST18000,2026-05-19,Central,Electronics,25224.75,0,Net Banking,Mobile App,Completed
TXN004522,CUST13426,2026-09-10,West,Grocery,12162.14,1,Net Banking,Mobile App,Pending
TXN001071,CUST11041,2025-11-02,Central,Home & Kitchen,4745.01,3,Net Banking,CRM,Refunded
TXN001776,CUST15106,2025-10-13,South,Sports,10540.26,3,Credit Card,E-Commerce,Completed
TXN004882,CUST14862,2025-12-02,Central,Beauty,3269.35,5,Debit Card,Partner Portal,Cancelled
TXN001284,CUST12859,2025-12-24,South,Clothing,54210.59,7,Cash,POS,Refunded
TXN003155,CUST14492,2026-01-18,East,Electronics,3766.2,4,Credit Card,E-Commerce,Completed
TXN004827,CUST19073,2026-07-20,Central,Home & Kitchen,3026.8,5,Debit Card,Mobile App,Completed
TXN001837,CUST14425,2025-09-03,South,Electronics,23404.22,2,Net Banking,POS,Completed
TXN004308,CUST18786,2026-03-01,West,Beauty,26892.57,3,Debit Card,Partner Portal,Refunded
TXN001020,CUST16251,2025-09-12,Central,Clothing,36640.56,4,Debit Card,Mobile App,Completed
TXN003704,CUST18651,2025-04-24,East,Clothing,37861.23,3,Net Banking,Partner Portal,Pending
TXN001327,CUST16085,2025-08-31,West,Electronics,19817.04,4,Net Banking,POS,Pending
TXN000476,CUST12612,2025-07-08,West,Sports,23630.5,2,Cash,Mobile App,Completed
TXN004278,CUST15195,2025-08-30,South,Grocery,64926.64,8,Net Banking,CRM,Completed
TXN001652,CUST19697,2026-04-26,North,Grocery,55001.55,5,Debit Card,Partner Portal,Completed
TXN004718,CUST10819,2026-03-14,West,Grocery,102924.0,8,Net Banking,POS,Refunded
TXN004352,CUST11066,2026-02-28,East,Clothing,70401.45,5,Net Banking,E-Commerce,Cancelled
TXN002985,CUST18517,2025-11-02,Central,Sports,80511.36,6,Net Banking,CRM,Refunded
TXN004312,CUST16562,2026-06-05,East,Clothing,50309.5,5,Cash,Partner Portal,Cancelled
TXN002665,CUST17022,2025-07-04,North,Grocery,12299.96,1,UPI,POS,Completed
TXN001374,CUST16450,2026-01-27,Invalid,Sports,14897.99,1,Credit Card,Mobile App,Pending
TXN000740,CUST13547,2026-06-19,Central,Grocery,103574.16,8,Net Banking,POS,Completed
TXN003738,CUST13387,2025-04-30,West,Clothing,73783.68,6,Debit Card,POS,Refunded
TXN002513,CUST10825,2025-03-29,West,Sports,32070.92,7,Cash,E-Commerce,Refunded
TXN000868,CUST17826,2025-10-25,East,Home & Kitchen,52932.8,8,Debit Card,POS,Pending
TXN001141,CUST16805,2026-07-12,South,Electronics,8141.15,5,Debit Card,CRM,Pending
TXN000998,CUST12588,2026-02-07,East,Beauty,3671.46,1,Cash,POS,Completed
TXN001338,CUST17699,2026-03-05,North,Home & Kitchen,-57530.45,5,Credit Card,Mobile App,Completed
TXN000542,CUST18860,2025-02-25,North,Sports,50588.79,7,UPI,Mobile App,Pending
TXN001100,CUST18427,2026-05-19,South,Grocery,5450.72,4,Credit Card,Mobile App,Completed
TXN001133,CUST17849,2025-08-26,North,Grocery,39149.18,7,Debit Card,Mobile App,Pending
TXN004926,CUST11254,2025-06-09,West,Clothing,75399.48,6,Credit Card,POS,Completed
TXN003695,CUST14185,2025-03-07,Central,Beauty,35550.8,5,Cash,POS,Refunded
TXN002259,CUST11387,2025-06-01,Central,Sports,43571.56,4,Net Banking,POS,Pending
TXN004201,CUST10657,2026-05-26,South,Beauty,81935.07,7,Credit Card,POS,Refunded
TXN000060,CUST15503,2025-03-21,East,Sports,17969.75,5,Credit Card,E-Commerce,Pending
TXN002979,CUST16718,2025-09-26,West,Clothing,35480.05,5,Debit Card,Partner Portal,Completed
TXN001939,CUST19953,2026-01-05,North,Electronics,42193.69,7,Net Banking,E-Commerce,Refunded
TXN003995,CUST19826,2025-03-29,South,Home & Kitchen,28254.9,2,Net Banking,CRM,Pending
TXN000684,CUST12360,2025-01-12,West,Beauty,19522.0,2,Net Banking,E-Commerce,Completed
TXN001079,CUST14165,2025-06-17,West,Beauty,48267.87,7,,Partner Portal,Pending
TXN003015,CUST17239,2026-02-05,North,Grocery,75426.8,8,Net Banking,Mobile App,Pending
TXN004915,CUST16485,2026-04-30,West,Home & Kitchen,79061.94,6,UPI,Partner Portal,Pending
TXN004581,CUST13319,2026-07-03,South,Clothing,12375.92,1,Debit Card,Mobile App,Completed
TXN000941,CUST19930,2025-10-15,South,Electronics,108617.28,8,Debit Card,Mobile App,Completed
TXN001081,CUST17105,2026-03-06,West,Electronics,14441.31,3,Cash,E-Commerce,Completed
TXN000188,CUST17499,2025-05-19,North,Clothing,21538.14,2,Debit Card,CRM,Pending
TXN003876,CUST18539,2025-02-13,Central,Home & Kitchen,9635.45,5,Debit Card,E-Commerce,Cancelled
TXN002086,CUST10805,2025-08-10,West,Grocery,34969.28,8,Cash,POS,Pending
TXN002250,CUST13327,2025-06-16,North,Grocery,25666.77,3,Net Banking,CRM,Completed
TXN002689,CUST17255,2026-07-13,North,Grocery,71915.41,7,Net Banking,E-Commerce,Pending
TXN004965,CUST18823,2025-01-29,Central,Home & Kitchen,10871.63,7,Credit Card,CRM,Cancelled
TXN002024,CUST12833,2026-06-23,Central,Electronics,48400.92,4,Debit Card,E-Commerce,Completed
TXN004380,CUST12512,2025-07-04,South,Sports,187.97,1,Credit Card,POS,Pending
TXN001493,CUST17262,2026-03-19,East,Beauty,7545.3,5,Cash,E-Commerce,Pending
TXN003726,CUST10685,2025-11-16,South,Clothing,35553.06,3,UPI,POS,Cancelled
TXN000227,CUST19190,2025-03-05,East,Beauty,23485.14,3,Net Banking,Partner Portal,Refunded
TXN003414,CUST17675,2025-05-28,Central,Home & Kitchen,23940.21,7,Net Banking,CRM,Completed
TXN001930,CUST18584,2026-07-17,North,Home & Kitchen,37740.57,3,Net Banking,POS,Refunded
TXN003665,CUST18560,2025-06-06,North,Sports,12052.2,5,Debit Card,Partner Portal,Pending
TXN004559,CUST17049,2026-03-05,North,Beauty,47191.28,8,Net Banking,E-Commerce,Cancelled
TXN001405,CUST16606,2025-06-23,West,Beauty,46760.82,6,Credit Card,CRM,Pending
TXN002180,CUST19035,2025-03-18,South,Clothing,16345.96,2,Credit Card,Partner Portal,Refunded
TXN000698,CUST16534,2025-04-29,West,Clothing,2597.25,1,Net Banking,Partner Portal,Pending
TXN001125,CUST19370,2025-07-31,South,Sports,460.95,3,Credit Card,Partner Portal,Refunded
TXN002887,CUST12098,2025-06-28,South,Beauty,2102.97,1,Debit Card,POS,Completed
TXN003049,CUST10197,2026-06-02,North,Grocery,3036.57,1,Cash,POS,Refunded
TXN001779,CUST12503,2026-07-21,Central,Home & Kitchen,65254.86,6,Debit Card,CRM,Cancelled
TXN002952,CUST11901,2025-04-12,South,Home & Kitchen,23763.32,2,Credit Card,Partner Portal,Cancelled
TXN001038,CUST16139,2025-10-23,South,Beauty,18497.15,7,Debit Card,E-Commerce,Refunded
TXN004239,CUST10363,2026-08-20,East,Electronics,4363.46,2,Net Banking,E-Commerce,Cancelled
TXN002257,CUST15629,2026-02-25,Central,Beauty,41407.68,3,UPI,POS,Pending
TXN000314,CUST10879,2025-07-11,East,Electronics,75873.48,6,Net Banking,E-Commerce,Pending
TXN002282,CUST13252,2026-05-22,North,Home & Kitchen,40906.95,3,Net Banking,Partner Portal,Cancelled
TXN001417,CUST16192,2026-04-24,Central,Electronics,33882.06,6,UPI,CRM,Cancelled
TXN001037,CUST18057,2025-11-12,North,Electronics,14806.68,1,Credit Card,Mobile App,Refunded
TXN002160,CUST11985,2026-08-15,North,Electronics,10399.88,4,Credit Card,E-Commerce,Pending
TXN004227,CUST16707,2025-11-20,North,Beauty,13207.53,7,UPI,Partner Portal,Cancelled
TXN001755,CUST16170,2026-09-13,Central,Grocery,7725.56,2,Credit Card,CRM,Pending
TXN003915,CUST13768,2025-01-18,East,Beauty,55368.18,6,Debit Card,E-Commerce,Pending
TXN002963,CUST19681,2025-03-01,East,Grocery,5601.74,1,Net Banking,POS,Refunded
TXN004070,CUST14842,2025-12-24,Central,Grocery,108101.52,8,UPI,Partner Portal,Completed
TXN003317,CUST11301,2026-08-12,South,Clothing,40698.96,8,Debit Card,CRM,Refunded
TXN003457,,2026-09-02,North,Electronics,21591.4,2,UPI,E-Commerce,Refunded
TXN003544,,2026-04-04,Central,Clothing,17445.0,5,Cash,Mobile App,Cancelled
TXN001507,CUST13731,2025-08-08,West,Clothing,14660.64,3,UPI,E-Commerce,Cancelled
TXN001924,CUST12317,2025-05-06,North,Electronics,76677.44,7,Credit Card,Partner Portal,Refunded
TXN000449,CUST15149,2025-02-17,North,Beauty,7996.06,2,Cash,Partner Portal,Pending
TXN002516,,2025-11-23,North,Home & Kitchen,32661.15,5,Credit Card,E-Commerce,Pending
TXN004047,CUST13054,2025-11-03,West,Grocery,5730.7,2,UPI,Mobile App,Cancelled
TXN003075,CUST12481,2025-02-14,West,Electronics,12029.56,2,Credit Card,Partner Portal,Completed
TXN002644,CUST18516,2026-03-20,East,Beauty,4771.1,5,Cash,POS,Pending
TXN000362,CUST14342,2025-08-01,North,Electronics,37550.32,8,Debit Card,POS,Completed
TXN002184,CUST16016,2026-08-15,West,Electronics,5946.9,3,Cash,CRM,Completed
TXN001135,CUST11181,2026-02-08,West,Home & Kitchen,4539.48,4,Net Banking,Mobile App,Completed
TXN004007,CUST19800,2025-02-08,Central,Grocery,27435.21,3,Net Banking,E-Commerce,Pending
TXN002156,CUST17364,2026-05-06,South,Clothing,8372.38,2,Net Banking,E-Commerce,Completed
TXN001831,CUST14484,2026-03-17,Central,Sports,14383.7,1,,CRM,Cancelled
TXN001054,CUST11437,2025-08-17,North,Electronics,9118.9,5,UPI,Partner Portal,Pending
TXN002461,CUST16990,2025-11-19,North,Sports,11440.86,0,Credit Card,Partner Portal,Cancelled
TXN000023,CUST17954,2026-06-11,South,Sports,16997.24,4,Debit Card,Partner Portal,Refunded
TXN002067,CUST12826,2026-01-16,South,Clothing,32175.15,5,Net Banking,CRM,Pending
TXN001654,CUST15266,2025-03-19,South,Home & Kitchen,11548.08,4,Net Banking,Partner Portal,Cancelled
TXN002898,CUST15918,2025-09-04,East,Grocery,4339.84,4,Credit Card,POS,Refunded
TXN003320,CUST11972,2025-06-10,North,Sports,46984.49,7,Cash,Mobile App,Refunded
TXN003701,CUST13861,2026-04-08,East,Electronics,72502.45,5,Credit Card,Partner Portal,Pending
TXN004751,CUST15938,2026-08-10,East,Sports,64532.52,6,Net Banking,Mobile App,Refunded
TXN002469,,2026-04-28,South,Sports,22459.92,8,Cash,Mobile App,Refunded
TXN002326,CUST15378,2025-05-30,Central,Grocery,3245.56,4,Debit Card,Partner Portal,Refunded
TXN000461,CUST10796,2026-05-26,Central,Grocery,8002.43,1,Cash,Mobile App,Pending
TXN001068,CUST12827,2026-05-16,West,Beauty,51754.8,5,Credit Card,Mobile App,Refunded
TXN000088,CUST17254,2026-06-20,East,Sports,47688.69,7,Net Banking,POS,Completed
TXN001431,CUST17134,2025-07-12,North,Clothing,3247.36,1,Net Banking,E-Commerce,Refunded
TXN002950,CUST13236,2025-06-09,North,Grocery,3222.0,1,Credit Card,Mobile App,Completed
TXN000283,CUST11246,2025-02-24,East,Sports,13225.22,2,Cash,Partner Portal,Refunded
TXN002484,CUST15713,2025-07-10,East,Home & Kitchen,17996.64,3,Credit Card,POS,Completed
TXN000463,CUST19978,2026-06-01,South,Clothing,44366.7,7,Net Banking,POS,Cancelled
TXN000213,CUST14062,2026-04-23,South,Electronics,8170.66,2,Credit Card,POS,Refunded
TXN002575,CUST16662,2025-11-26,East,Home & Kitchen,11063.42,1,Net Banking,CRM,Completed
TXN001369,CUST12026,2025-08-24,West,Beauty,2413.16,4,Net Banking,E-Commerce,Cancelled
TXN000235,CUST13268,2026-02-21,East,Clothing,57711.84,8,UPI,CRM,Completed
TXN002859,CUST16583,2025-01-28,West,Beauty,1639.52,8,Cash,CRM,Completed
TXN000598,CUST12268,2025-02-08,East,Clothing,43194.16,8,Cash,E-Commerce,Pending
TXN004488,CUST17832,2025-02-24,South,Clothing,59815.7,7,Debit Card,CRM,Pending
TXN002251,CUST16039,2026-01-11,West,Grocery,58813.86,7,Net Banking,CRM,Refunded
TXN004130,CUST19578,2025-09-24,South,Electronics,21188.92,4,Credit Card,CRM,Completed
TXN002284,CUST15636,2026-08-13,South,Beauty,94263.92,8,UPI,Partner Portal,Cancelled
TXN000663,CUST11928,2025-10-11,East,Home & Kitchen,69687.18,6,Debit Card,POS,Completed
TXN004403,CUST10661,2026-02-07,East,Sports,49661.0,5,Debit Card,POS,Cancelled
TXN002286,CUST17761,2025-01-02,South,Clothing,27587.5,5,Debit Card,E-Commerce,Pending
TXN004789,CUST19846,2025-09-26,West,Electronics,71878.15,5,Net Banking,E-Commerce,Cancelled
TXN004577,CUST10992,2025-09-23,South,Grocery,34452.6,7,UPI,Partner Portal,Refunded
TXN002940,CUST19023,2026-04-08,South,Home & Kitchen,6234.24,1,UPI,E-Commerce,Completed
TXN003545,CUST11785,2026-01-19,West,Beauty,10527.9,3,Credit Card,E-Commerce,Pending
TXN000780,CUST15940,2025-11-20,North,Sports,20723.7,5,Cash,POS,Pending
TXN004317,CUST18802,2026-07-10,West,Beauty,64126.8,6,UPI,CRM,Refunded
TXN003489,CUST15773,2026-02-22,North,Sports,85160.4,8,UPI,Mobile App,Completed
TXN004653,CUST14186,2026-05-20,East,Sports,13169.18,2,Credit Card,POS,Cancelled
TXN003397,CUST18077,2025-12-14,North,Grocery,12716.0,8,,E-Commerce,Completed
TXN003306,CUST19653,2025-01-10,East,Beauty,36408.6,5,Net Banking,CRM,Completed
TXN004909,CUST11464,2026-05-20,West,Electronics,92789.9,7,Net Banking,CRM,Pending
TXN000686,CUST13699,2026-07-20,South,Grocery,46658.0,8,Cash,CRM,Refunded
TXN003278,CUST10949,2026-07-18,Central,Sports,31329.24,6,UPI,CRM,Pending
TXN002836,CUST18164,2026-06-06,South,Sports,8638.25,1,UPI,CRM,Cancelled
TXN003955,CUST16454,2026-02-24,East,Sports,54611.56,4,Net Banking,E-Commerce,Refunded
TXN002172,CUST12308,2026-07-16,West,Sports,17934.4,4,Cash,Partner Portal,Refunded
TXN002752,CUST18752,2025-10-13,Central,Electronics,9935.06,1,Debit Card,Mobile App,Cancelled
TXN001851,CUST15216,2025-04-08,North,Home & Kitchen,57715.9,5,Cash,E-Commerce,Completed
TXN000488,CUST12361,2026-02-05,East,Beauty,72030.0,5,UPI,CRM,Pending
TXN001689,CUST10692,2025-02-23,South,Home & Kitchen,28930.12,4,Debit Card,E-Commerce,Cancelled
TXN002231,CUST13057,2026-04-14,North,Clothing,32222.82,6,Net Banking,Mobile App,Completed
TXN004648,CUST18999,2025-12-02,North,Sports,83553.28,0,Debit Card,Partner Portal,Completed
TXN002321,CUST14752,2025-08-29,Central,Sports,25629.1,2,Cash,Partner Portal,Cancelled
TXN000783,CUST11910,2026-03-04,South,Electronics,109990.88,8,Net Banking,POS,Cancelled
TXN000522,CUST19136,2026-02-11,West,Home & Kitchen,25028.4,4,UPI,Partner Portal,Refunded
TXN000523,CUST16523,2025-09-17,South,Beauty,43535.0,5,Credit Card,E-Commerce,Refunded
TXN002930,CUST13873,2026-08-03,Central,Sports,71156.32,8,Cash,CRM,Refunded
TXN004081,CUST19488,2026-07-18,North,Clothing,5766.96,8,Net Banking,CRM,Completed
TXN002399,CUST14898,2026-08-17,East,Beauty,32644.64,4,Net Banking,E-Commerce,Completed
TXN002208,CUST16078,2025-06-22,South,Clothing,6151.23,1,UPI,CRM,Pending
TXN003593,CUST13408,2025-05-12,North,Electronics,92182.93,7,Debit Card,Mobile App,Completed
TXN003669,CUST18581,2025-03-07,South,Electronics,21139.68,3,Debit Card,POS,Pending
TXN003859,CUST12528,2025-01-24,West,Clothing,25578.4,8,UPI,Mobile App,Pending
TXN003259,CUST15465,2025-12-18,West,Clothing,31709.88,4,Debit Card,POS,Pending
TXN001512,CUST12494,2025-10-11,East,Electronics,54593.6,8,Debit Card,Partner Portal,Cancelled
TXN001883,CUST18865,2025-02-15,South,Beauty,82928.4,8,Credit Card,Mobile App,Pending
TXN000652,CUST13179,2026-02-10,East,Clothing,12497.44,1,Net Banking,Mobile App,Completed
TXN002877,CUST16375,2025-09-18,Unknown,Grocery,35151.44,4,Debit Card,POS,Cancelled
TXN003639,CUST16851,2026-04-27,East,Clothing,5986.4,5,UPI,Partner Portal,Cancelled
TXN000370,CUST18174,2025-02-05,West,Sports,38977.8,4,Net Banking,CRM,Completed
TXN002722,CUST19667,2025-12-20,Central,Beauty,64351.49,7,Debit Card,Partner Portal,Pending
TXN000119,CUST18139,2026-08-03,East,Home & Kitchen,13668.19,1,Cash,POS,Pending
TXN003753,,2025-03-30,South,Clothing,28653.4,2,Debit Card,POS,Cancelled
TXN003139,CUST17243,2026-06-23,West,Home & Kitchen,15432.68,2,Credit Card,Partner Portal,Completed
TXN002217,CUST15885,2025-12-11,East,Home & Kitchen,43205.04,3,UPI,Partner Portal,Cancelled
TXN003659,CUST15992,2025-09-22,Central,Sports,74094.72,7,UPI,E-Commerce,Cancelled
TXN001614,CUST10233,2025-08-04,South,Clothing,4511.94,6,UPI,E-Commerce,Cancelled
TXN004765,CUST11055,2025-09-26,South,Grocery,2755.9,7,Cash,Partner Portal,Cancelled
TXN000963,CUST17644,2025-01-04,Central,Home & Kitchen,41715.96,4,Debit Card,Mobile App,Cancelled
TXN002511,CUST14412,2025-03-02,East,Grocery,7552.98,1,UPI,CRM,Pending
TXN003867,CUST19933,2025-09-09,West,Sports,26929.65,5,UPI,Partner Portal,Pending
TXN003050,,2025-10-16,Central,Clothing,13910.8,8,Credit Card,CRM,Completed
TXN003559,CUST11315,2025-02-24,North,Beauty,813.87,1,Credit Card,CRM,Cancelled
TXN003136,CUST13056,2025-02-02,Central,Electronics,14854.84,7,Net Banking,Mobile App,Pending
TXN002416,CUST14278,2026-02-01,Central,Home & Kitchen,7733.3,5,Net Banking,Partner Portal,Cancelled
TXN004726,CUST19543,2026-01-23,West,Beauty,32062.2,4,Cash,Mobile App,Cancelled
TXN004302,CUST16565,2026-02-16,West,Beauty,28108.45,5,Net Banking,Mobile App,Cancelled
TXN002186,CUST17701,2025-08-05,South,Sports,12746.55,3,Debit Card,Partner Portal,Cancelled
TXN004215,CUST15046,2025-01-30,West,Beauty,29917.44,8,Net Banking,Partner Portal,Refunded
TXN002568,CUST19636,2025-05-13,West,Clothing,40740.04,4,Net Banking,Mobile App,Completed
TXN002038,CUST17321,2026-09-18,Central,Sports,5577.72,2,Net Banking,CRM,Pending
TXN004328,CUST19754,2025-02-24,Central,Clothing,38214.32,8,Credit Card,POS,Pending
TXN000773,CUST14948,2026-07-22,Central,Clothing,5834.16,8,Net Banking,Partner Portal,Refunded
TXN001285,CUST14964,2025-05-24,West,Electronics,58979.6,5,Net Banking,Mobile App,Refunded
TXN004674,CUST11867,2025-07-03,West,Sports,12179.55,5,UPI,E-Commerce,Cancelled
TXN004810,CUST17819,2025-07-20,South,Grocery,36029.7,7,Cash,E-Commerce,Cancelled
TXN002588,CUST11002,2025-04-15,Central,Grocery,6964.32,1,Credit Card,POS,Refunded
TXN004646,CUST16721,2026-06-03,South,Clothing,22379.76,8,Credit Card,CRM,Completed
TXN001415,CUST18254,2025-08-01,Central,Beauty,63149.04,6,UPI,CRM,Pending
TXN001235,CUST14854,2026-05-10,North,Clothing,5871.24,4,Cash,E-Commerce,Pending
TXN004509,CUST13678,2025-07-22,North,Clothing,17235.28,2,Debit Card,Mobile App,Completed
TXN000436,CUST10324,2027-07-06,North,Beauty,9963.35,1,Credit Card,Mobile App,Refunded
TXN001675,CUST14526,2026-02-03,South,Clothing,47560.4,4,Credit Card,Mobile App,Pending
TXN000366,CUST11377,2025-07-22,Central,Sports,39524.59,7,UPI,CRM,Completed
TXN004973,CUST13039,2026-04-03,North,Clothing,22434.55,5,UPI,CRM,Cancelled
TXN000232,CUST13506,2026-03-29,South,Sports,56176.7,5,UPI,Partner Portal,Cancelled
TXN004334,CUST12086,2026-03-28,West,Clothing,7466.13,7,Net Banking,E-Commerce,Cancelled
TXN000148,CUST16063,2026-03-06,East,Beauty,41434.8,8,UPI,Partner Portal,Completed
TXN004723,CUST18070,2025-05-12,West,Grocery,79725.48,6,Debit Card,Mobile App,Refunded
TXN000408,CUST11463,2025-10-03,South,Grocery,63799.33,7,Debit Card,Mobile App,Refunded
TXN002091,CUST19365,2025-08-29,Central,Sports,61780.56,6,Cash,Partner Portal,Refunded
TXN000087,CUST14067,2026-07-31,North,Sports,6846.0,5,Net Banking,Partner Portal,Pending
TXN000845,CUST19832,2025-05-14,South,Clothing,90016.01,7,Debit Card,Mobile App,Pending
TXN001032,CUST13971,2026-01-30,West,Electronics,77429.8,7,UPI,CRM,Pending
TXN003999,CUST18126,2025-01-31,North,Grocery,28582.33,7,Cash,E-Commerce,Cancelled
TXN004094,CUST15810,2026-01-23,Central,Electronics,45497.12,8,Net Banking,E-Commerce,Pending
TXN002810,CUST19785,2025-11-18,South,Home & Kitchen,13014.95,1,Net Banking,Mobile App,Cancelled
TXN003339,CUST12914,2026-03-16,Central,Beauty,46683.5,5,Debit Card,Partner Portal,Cancelled
TXN002629,CUST18134,2025-02-27,West,Home & Kitchen,4450.76,2,Credit Card,Mobile App,Refunded
TXN003144,CUST16001,2026-01-14,North,Beauty,24283.96,4,,Partner Portal,Pending
TXN000856,CUST12426,2026-04-14,North,Clothing,14208.88,8,Credit Card,E-Commerce,Cancelled
TXN000079,CUST10283,2026-05-03,North,Clothing,54222.4,8,Debit Card,Mobile App,Pending
TXN002248,CUST16196,2026-03-02,Central,Electronics,14196.36,2,Debit Card,Partner Portal,Pending
TXN004640,CUST11112,2026-08-13,Central,Clothing,48555.01,7,UPI,Mobile App,Cancelled
TXN004833,CUST13469,2025-02-11,Central,Beauty,3971.76,1,Cash,CRM,Cancelled
TXN003009,CUST18757,2026-04-25,North,Clothing,109993.04,8,UPI,Mobile App,Cancelled
TXN003910,CUST18147,2025-06-11,South,Home & Kitchen,26926.0,2,Credit Card,E-Commerce,Cancelled
TXN002280,CUST13053,2025-07-02,East,Grocery,3237.36,3,Debit Card,CRM,Refunded
TXN004020,CUST15548,2025-09-26,North,Beauty,47011.52,8,UPI,Partner Portal,Cancelled
TXN004223,CUST15515,2025-06-08,East,Electronics,7758.96,4,Credit Card,CRM,Completed
TXN003997,CUST14071,2025-04-15,West,Grocery,54589.92,4,Cash,Mobile App,Completed
TXN003541,CUST10606,2026-09-02,West,Sports,48613.12,4,,CRM,Completed
TXN002177,CUST11289,2026-01-25,Central,Electronics,4610.61,1,Cash,POS,Pending
TXN000425,CUST16254,2026-05-28,Central,Clothing,26051.44,2,Net Banking,CRM,Pending
TXN000393,CUST11436,2025-02-25,East,Beauty,941.1,6,Cash,Mobile App,Pending
TXN001389,CUST15010,2025-10-19,East,Sports,61660.06,7,Net Banking,POS,Pending
TXN003528,CUST14849,2025-02-18,Central,Grocery,47972.47,7,Cash,E-Commerce,Completed
TXN000105,CUST19502,2025-10-17,West,Home & Kitchen,62891.95,5,Net Banking,Partner Portal,Refunded
TXN003096,CUST16999,2025-04-17,West,Beauty,85422.33,7,Credit Card,Partner Portal,Refunded
TXN003059,CUST13409,2026-07-16,North,Home & Kitchen,72886.48,8,Credit Card,E-Commerce,Cancelled
TXN003244,CUST13415,2026-09-08,North,Clothing,8114.88,6,Cash,POS,Pending
TXN002901,CUST17135,2025-10-20,West,Electronics,26672.4,4,Cash,E-Commerce,Completed
TXN001949,CUST16000,2025-04-02,Central,Grocery,11316.0,5,Cash,E-Commerce,Pending
TXN001460,CUST15474,2025-10-23,West,Beauty,8036.72,1,Debit Card,CRM,Refunded
TXN003367,CUST15615,2026-02-04,South,Beauty,7753.63,1,Net Banking,E-Commerce,Refunded
TXN002895,CUST18972,2025-01-27,East,Electronics,55666.72,4,Debit Card,POS,Cancelled
TXN004960,CUST13848,2025-04-13,South,Beauty,79652.1,6,Credit Card,Mobile App,Completed
TXN004863,CUST17925,2025-05-07,West,Sports,52508.0,4,Credit Card,POS,Pending
TXN001588,CUST19932,2025-04-07,North,Sports,2019.85,5,Credit Card,POS,Completed
TXN003781,CUST11448,2026-02-07,South,Electronics,29669.2,4,Net Banking,E-Commerce,Completed
TXN001732,CUST11903,2025-08-23,North,Home & Kitchen,97163.52,8,Debit Card,E-Commerce,Completed
TXN004838,CUST14279,2025-04-14,West,Grocery,27023.5,7,Debit Card,POS,Refunded
TXN003835,CUST19499,2025-06-30,South,Electronics,15364.74,3,Credit Card,E-Commerce,Pending
TXN003803,CUST17291,2025-04-04,North,Grocery,890.01,1,,CRM,Pending
TXN001792,CUST18303,2025-12-27,South,Electronics,17897.04,6,Credit Card,E-Commerce,Cancelled
TXN002356,CUST13075,2025-09-11,West,Sports,30493.2,8,Credit Card,E-Commerce,Completed
TXN001941,CUST18341,2025-12-31,Central,Home & Kitchen,12279.23,1,Net Banking,Partner Portal,Completed
TXN000703,CUST11703,2025-01-13,West,Clothing,10889.97,7,Debit Card,POS,Cancelled
TXN002443,CUST11070,2025-06-16,East,Home & Kitchen,62117.09,7,Debit Card,Mobile App,Pending
TXN002906,CUST16661,2025-12-05,Central,Beauty,100802.8,8,Credit Card,E-Commerce,Refunded
TXN000497,CUST13219,2025-10-15,East,Beauty,40140.99,3,Credit Card,CRM,Completed
TXN000465,CUST14761,2025-07-25,East,Beauty,37600.4,4,Debit Card,E-Commerce,Cancelled
TXN002772,CUST18740,2025-02-12,West,Electronics,9386.89,1,Debit Card,Mobile App,Cancelled
TXN004400,CUST10044,2026-04-04,Central,Clothing,71705.7,6,Cash,POS,Pending
TXN000173,CUST13892,2025-02-14,West,Sports,38696.42,7,UPI,Mobile App,Pending
TXN003182,,2026-09-01,West,Electronics,19907.36,2,Net Banking,POS,Pending
TXN004870,CUST12313,2025-10-24,West,Beauty,4650.17,7,Debit Card,E-Commerce,Cancelled
TXN002541,CUST12365,2025-02-17,West,Grocery,49304.3,5,Debit Card,POS,Refunded
TXN003372,CUST15195,2025-08-08,East,Clothing,17052.87,3,Credit Card,CRM,Completed
TXN003051,CUST11683,2025-06-08,West,Sports,95004.96,8,Cash,Partner Portal,Pending
TXN002261,CUST14272,2026-01-09,South,Electronics,13804.8,4,Debit Card,CRM,Completed
TXN002113,CUST11596,2025-05-29,West,Clothing,9780.4,5,Credit Card,E-Commerce,Cancelled
TXN000901,CUST14941,2025-12-20,North,Electronics,81574.22,7,Cash,POS,Refunded
TXN001447,CUST10750,2025-10-09,Central,Grocery,12675.36,3,Debit Card,POS,Cancelled
TXN003692,CUST18715,2026-04-10,North,Electronics,39189.72,4,Debit Card,E-Commerce,Refunded
TXN000742,CUST17712,2026-03-04,Central,Electronics,696.87,1,Net Banking,Partner Portal,Refunded
TXN002294,CUST16178,2025-07-02,South,Sports,36809.46,6,UPI,E-Commerce,Cancelled
TXN002453,CUST16410,2026-05-24,Central,Electronics,23681.34,3,Credit Card,E-Commerce,Pending
TXN002705,CUST19494,2026-04-14,East,Sports,23380.41,3,Debit Card,Mobile App,Cancelled
TXN004150,CUST12493,2026-04-07,North,Sports,66807.2,5,Cash,POS,Cancelled
TXN001207,CUST12356,2025-09-24,North,Beauty,4196.98,1,Cash,CRM,Completed
TXN000510,CUST12407,2025-05-18,North,Home & Kitchen,13372.89,1,UPI,E-Commerce,Refunded
TXN004218,CUST13140,2026-06-25,North,Electronics,3337.4,2,Cash,Mobile App,Cancelled
TXN002703,CUST16589,2026-06-15,South,Sports,13737.0,2,Debit Card,Partner Portal,Refunded
TXN002894,CUST16155,2025-07-07,East,Electronics,82488.88,8,UPI,Partner Portal,Completed
TXN003424,CUST14960,2026-03-31,South,Clothing,79981.86,7,UPI,CRM,Refunded
TXN001550,CUST15742,2026-02-05,North,Home & Kitchen,15214.96,4,UPI,E-Commerce,Refunded
TXN004119,CUST11864,2025-09-17,South,Sports,60898.32,8,Debit Card,Mobile App,Pending
TXN002203,CUST17280,2025-12-09,East,Beauty,6738.19,1,Credit Card,Mobile App,Cancelled
TXN002567,CUST19053,2026-03-02,Central,Electronics,12917.2,2,Cash,Mobile App,Pending
TXN002764,CUST19441,2025-09-12,West,Electronics,63459.18,6,UPI,E-Commerce,Completed
TXN002045,CUST12671,2025-04-23,South,Beauty,8715.92,8,Cash,CRM,Completed
TXN000768,CUST10200,2026-03-14,East,Clothing,35118.48,6,UPI,POS,Refunded
TXN004947,CUST19138,2025-08-22,N/A,Home & Kitchen,40813.8,3,Cash,POS,Refunded
TXN003860,CUST14578,2026-04-26,North,Grocery,55494.96,6,Net Banking,CRM,Completed
TXN000422,CUST14238,2025-10-28,Central,Home & Kitchen,14229.28,2,UPI,CRM,Pending
TXN000124,CUST18792,2025-04-03,North,Grocery,2151.73,7,,POS,Refunded
TXN004226,CUST14004,2026-03-11,East,Home & Kitchen,78755.12,8,Cash,POS,Pending
TXN002742,CUST17274,2025-10-05,Central,Grocery,52205.2,8,Debit Card,E-Commerce,Cancelled
TXN000820,CUST13490,2026-06-13,West,Clothing,26084.91,3,Cash,Partner Portal,Refunded
TXN001404,CUST13182,2026-07-12,Central,Beauty,73763.55,5,Credit Card,POS,Cancelled
TXN001383,CUST14862,2026-07-15,North,Grocery,42357.98,7,UPI,POS,Cancelled
TXN002149,CUST13760,2026-07-13,East,Home & Kitchen,12224.4,3,UPI,CRM,Completed
TXN001576,CUST14046,2025-05-18,Central,Sports,77479.08,6,Debit Card,CRM,Refunded
TXN001639,CUST16450,2025-07-01,South,Electronics,28194.18,3,Debit Card,POS,Cancelled
TXN001796,CUST17207,2025-06-07,East,Home & Kitchen,35134.89,7,,E-Commerce,Completed
TXN004889,CUST13433,2026-08-25,South,Electronics,4313.02,1,UPI,Mobile App,Refunded
TXN000400,CUST12739,2025-05-04,South,Home & Kitchen,21407.2,8,Debit Card,CRM,Refunded
TXN002311,CUST10749,2025-07-06,South,Electronics,7831.48,4,Cash,CRM,Cancelled
TXN000883,CUST14719,2026-04-05,South,Grocery,2870.14,7,UPI,Mobile App,Pending
TXN001369,CUST12026,2025-08-24,West,Beauty,2413.16,4,Net Banking,E-Commerce,Cancelled
TXN004574,CUST15156,2025-04-17,West,Grocery,24604.26,2,Debit Card,E-Commerce,Cancelled
TXN001353,CUST18541,2025-11-19,East,Home & Kitchen,6557.33,1,Cash,CRM,Completed
TXN003840,CUST16327,2026-03-08,East,Clothing,57058.89,7,UPI,POS,Cancelled
TXN004620,CUST10314,2025-06-08,South,Home & Kitchen,66521.52,6,Credit Card,Partner Portal,Refunded
TXN002131,CUST15473,2025-10-24,Central,Sports,1715.14,1,UPI,E-Commerce,Completed
TXN000983,CUST13729,2026-06-09,South,Beauty,38986.35,3,Debit Card,Mobile App,Pending
TXN000457,CUST13634,2026-04-09,North,Clothing,3103.62,2,UPI,POS,Cancelled
TXN003707,CUST13803,2026-06-15,North,Grocery,13009.2,1,Credit Card,E-Commerce,Pending
TXN001080,CUST13157,2025-03-14,East,Sports,74654.25,5,Cash,Partner Portal,Pending
TXN001951,CUST13655,2025-07-14,East,Home & Kitchen,5711.64,2,Net Banking,Mobile App,Completed
TXN004651,CUST13718,2026-01-12,North,Beauty,28125.88,4,UPI,E-Commerce,Refunded
TXN000690,CUST18766,2026-09-20,North,Grocery,13563.42,1,Net Banking,Partner Portal,Refunded
TXN002430,CUST15123,2025-06-24,North,Grocery,13110.9,6,Credit Card,Partner Portal,Cancelled
TXN000642,CUST15719,2025-07-09,North,Home & Kitchen,2761.35,3,Credit Card,Partner Portal,Cancelled
TXN002393,CUST14993,2025-04-18,North,Electronics,26269.6,4,Credit Card,E-Commerce,Pending
TXN001954,CUST18524,2025-11-30,South,Beauty,58726.92,6,Cash,CRM,Cancelled
TXN002837,CUST17082,2026-08-22,North,Home & Kitchen,2191.3,1,Cash,POS,Cancelled
TXN003931,CUST14315,2025-10-30,South,Electronics,7856.36,2,,CRM,Refunded
TXN003549,CUST12495,2025-10-07,South,Beauty,86344.72,8,Cash,POS,Refunded
TXN002711,CUST16127,2025-10-30,South,Grocery,13632.06,3,Cash,CRM,Completed
TXN003448,CUST18473,2025-05-14,Central,Home & Kitchen,54355.32,6,Credit Card,E-Commerce,Cancelled
TXN004840,CUST12651,2026-02-17,Central,Clothing,47843.76,8,Net Banking,Partner Portal,Cancelled
TXN003028,CUST12263,2025-05-04,East,Electronics,4671.72,1,Net Banking,Partner Portal,Pending
TXN001885,CUST17412,2026-03-14,Central,Beauty,84158.16,6,Debit Card,CRM,Completed
TXN004027,CUST17700,2025-10-23,Central,Electronics,29158.64,4,,Mobile App,Completed
TXN000390,CUST17067,2025-12-13,South,Sports,84776.96,8,Net Banking,E-Commerce,Completed
TXN002495,CUST19559,2025-07-21,North,Electronics,100664.9,7,UPI,Mobile App,Refunded
TXN003427,CUST13422,2026-07-28,Central,Sports,101293.01,7,Debit Card,Partner Portal,Refunded
TXN004934,CUST12434,2026-09-10,South,Home & Kitchen,39555.39,3,Debit Card,CRM,Pending
TXN000846,CUST14290,2026-02-23,South,Sports,1586.16,3,Net Banking,E-Commerce,Cancelled
TXN000543,CUST17538,2026-04-14,East,Beauty,21007.68,2,Credit Card,CRM,Pending
TXN000092,CUST12442,2026-03-12,East,Home & Kitchen,16427.96,2,Credit Card,CRM,Pending
TXN004017,CUST11614,2026-08-24,Central,Clothing,78205.74,6,Debit Card,POS,Cancelled
TXN001980,CUST16980,2026-05-19,South,Sports,28676.64,8,Debit Card,CRM,Pending
TXN003554,CUST19625,2025-05-20,Central,Sports,2790.06,6,Debit Card,POS,Cancelled
TXN004153,CUST19449,2026-03-03,North,Clothing,71766.1,5,Debit Card,E-Commerce,Completed
TXN002999,CUST14842,2026-03-30,South,Sports,4734.63,3,Debit Card,E-Commerce,Completed
TXN002530,CUST18833,2025-01-17,North,Beauty,31873.41,3,Cash,E-Commerce,Pending
TXN001677,CUST13084,2025-11-18,Central,Sports,49518.52,4,Credit Card,POS,Completed
TXN001049,CUST11427,2025-05-27,East,Beauty,2005.13,1,Cash,Mobile App,Pending
TXN001961,CUST18420,2025-01-02,West,Sports,10048.97,1,Net Banking,Mobile App,Completed
TXN002531,CUST14735,2025-08-16,North,Home & Kitchen,71898.48,8,Net Banking,E-Commerce,Completed
TXN004484,CUST16169,2025-01-30,East,Electronics,3522.32,8,Net Banking,E-Commerce,Refunded
TXN000238,CUST18902,2025-12-10,N/A,Grocery,34349.0,5,Debit Card,Partner Portal,Refunded
TXN003067,CUST10850,2025-10-30,East,Beauty,36920.05,5,Net Banking,Mobile App,Refunded
TXN003604,CUST12182,2025-06-13,Central,Electronics,41900.32,4,UPI,Partner Portal,Pending
TXN001134,CUST12956,2025-06-30,East,Electronics,34351.6,4,UPI,E-Commerce,Pending
TXN001806,CUST10933,2025-03-09,West,Grocery,83395.56,6,Net Banking,E-Commerce,Refunded
TXN004350,CUST15064,2026-05-06,West,Beauty,25007.49,3,Credit Card,E-Commerce,Cancelled
TXN000164,CUST11014,2026-09-12,West,Electronics,60562.96,8,UPI,CRM,Pending
TXN003608,CUST13622,2026-04-02,North,Grocery,18263.4,3,UPI,Partner Portal,Completed
TXN004782,CUST10824,2025-09-08,East,Home & Kitchen,74027.25,5,Credit Card,Partner Portal,Cancelled
TXN003455,CUST14719,2025-08-22,South,Grocery,50291.76,8,Net Banking,E-Commerce,Pending
TXN003567,CUST12549,2025-03-06,South,Grocery,49776.8,4,UPI,CRM,Refunded
TXN003309,CUST10783,2025-09-23,East,Home & Kitchen,97218.4,8,UPI,Mobile App,Pending
TXN003756,CUST11415,2025-06-04,South,Sports,11621.75,1,Credit Card,E-Commerce,Completed
TXN004067,,2026-03-10,South,Grocery,74775.68,7,Cash,CRM,Cancelled
TXN001812,CUST10639,2025-06-19,Central,Electronics,25095.55,5,Credit Card,Partner Portal,Completed
TXN004704,CUST10647,2025-04-13,Central,Grocery,28930.86,7,Debit Card,Partner Portal,Cancelled
TXN003257,CUST10954,2025-08-01,North,Beauty,9367.66,1,Credit Card,Partner Portal,Cancelled
TXN001429,CUST19971,2026-05-16,South,Home & Kitchen,3403.24,1,UPI,POS,Cancelled
TXN003733,CUST19547,2026-09-22,Central,Beauty,70531.25,5,UPI,E-Commerce,Refunded
TXN002891,CUST16480,2025-12-25,East,Grocery,13846.06,2,UPI,E-Commerce,Refunded
TXN003576,CUST18695,2026-02-02,West,Sports,35165.94,3,Credit Card,E-Commerce,Cancelled
TXN004530,CUST12773,2025-06-13,North,Beauty,30657.64,4,Credit Card,POS,Completed
TXN004721,CUST17794,2025-03-28,Central,Clothing,56678.08,8,Debit Card,E-Commerce,Cancelled
TXN004979,CUST15879,2025-10-27,East,Sports,27282.92,7,Net Banking,Mobile App,Pending
TXN001453,CUST18677,2025-03-27,East,Clothing,44981.44,4,UPI,POS,Refunded
TXN000594,CUST17055,2026-01-16,East,Sports,80404.45,7,Debit Card,Partner Portal,Pending
TXN002726,CUST19823,2026-09-10,North,Home & Kitchen,58572.48,4,Debit Card,Mobile App,Completed
TXN000042,CUST10654,2025-11-12,East,Home & Kitchen,80968.92,6,Debit Card,CRM,Cancelled
TXN000561,CUST18746,2026-08-01,East,Clothing,55296.85,7,Net Banking,Partner Portal,Pending
TXN003804,CUST11228,2025-10-18,South,Electronics,40693.38,6,UPI,Partner Portal,Cancelled
TXN003146,CUST11048,2026-04-23,North,Beauty,27405.12,3,UPI,POS,Completed
TXN000244,CUST14834,2026-05-30,East,Sports,51926.65,5,Debit Card,E-Commerce,Pending
TXN001340,CUST11951,2026-07-25,East,Clothing,42834.2,4,Cash,Partner Portal,Completed
TXN004832,CUST16668,2025-07-08,West,Beauty,20774.95,5,Debit Card,Partner Portal,Completed
TXN003313,CUST12603,2026-01-12,Unknown,Home & Kitchen,39306.9,0,Cash,CRM,Completed
TXN003922,CUST17758,2025-08-11,West,Clothing,32929.02,6,UPI,E-Commerce,Refunded
TXN001443,CUST18578,2026-09-25,Central,Grocery,55159.0,4,Credit Card,CRM,Cancelled
TXN000262,CUST14178,2026-07-25,South,Clothing,17662.32,3,Credit Card,Mobile App,Cancelled
TXN002925,CUST19447,2025-08-02,Central,Clothing,13975.5,7,Debit Card,E-Commerce,Cancelled
TXN001690,CUST16485,2025-11-27,North,Sports,79546.95,7,UPI,Mobile App,Completed
TXN001726,CUST17689,2025-12-12,North,Clothing,36375.08,4,UPI,Partner Portal,Refunded
TXN001204,CUST13339,2026-07-21,North,Electronics,42706.89,3,Credit Card,Mobile App,Completed
TXN000835,CUST11313,2026-02-21,West,Grocery,4183.14,1,Net Banking,POS,Refunded
TXN001867,CUST12599,2025-09-16,North,Electronics,6556.07,1,Net Banking,Partner Portal,Cancelled
TXN002497,CUST17561,2025-01-27,North,Home & Kitchen,26569.6,8,Credit Card,Mobile App,Pending
TXN004890,CUST11367,2025-09-28,East,Grocery,1821.42,1,Credit Card,CRM,Pending
TXN002011,CUST15798,2025-10-18,South,Grocery,1248.72,2,Net Banking,Partner Portal,Completed
TXN000341,CUST10226,2025-03-16,East,Home & Kitchen,8851.72,1,Credit Card,CRM,Refunded
TXN003090,CUST16454,2025-04-01,South,Sports,46310.72,4,Credit Card,Partner Portal,Completed
TXN001602,CUST10733,2026-03-21,South,Electronics,23040.93,3,Net Banking,E-Commerce,Pending
TXN002797,CUST11378,2026-05-10,East,Clothing,73897.14,6,UPI,E-Commerce,Refunded
TXN003106,CUST11871,2026-07-02,East,Sports,10369.2,8,Net Banking,CRM,Completed
TXN004766,CUST11370,2027-05-25,South,Beauty,45275.16,6,Cash,CRM,Cancelled
TXN000481,CUST12743,2025-11-25,Central,Sports,28456.72,2,Credit Card,CRM,Pending
TXN002917,CUST16550,2025-08-10,East,Clothing,14332.45,5,Cash,Mobile App,Refunded
TXN003651,CUST13421,2025-02-27,East,Clothing,35207.52,4,Cash,CRM,Refunded
TXN004275,CUST16188,2025-04-20,West,Clothing,82482.82,7,Credit Card,Mobile App,Refunded
TXN004694,CUST10413,2025-07-17,East,Electronics,17244.12,4,Cash,CRM,Completed
TXN004710,CUST16277,2026-08-27,East,Grocery,978.45,3,Cash,E-Commerce,Pending
TXN003151,CUST11367,2026-03-14,North,Beauty,30933.27,3,Cash,Mobile App,Pending
TXN000800,CUST18380,2026-05-03,East,Home & Kitchen,103698.7,7,Net Banking,CRM,Completed
TXN001767,CUST18054,2025-01-24,West,Sports,15782.1,5,UPI,POS,Completed
TXN004543,CUST16150,2025-10-30,East,Grocery,37994.9,5,Net Banking,CRM,Refunded
TXN002454,CUST15599,2025-01-31,West,Sports,31878.52,4,Credit Card,CRM,Pending
TXN002973,CUST19081,2025-10-07,East,Grocery,1362.6,2,Cash,CRM,Pending
TXN003939,CUST13598,2025-08-11,Central,Home & Kitchen,52902.88,8,Net Banking,POS,Completed
TXN004117,CUST18448,2025-11-25,West,Clothing,56017.5,7,Debit Card,E-Commerce,Cancelled
TXN004749,CUST12790,2025-06-05,East,Home & Kitchen,13892.02,2,UPI,Mobile App,Refunded
TXN003801,CUST14663,2025-10-05,East,Sports,34841.3,5,Debit Card,E-Commerce,Cancelled
TXN001272,CUST18488,2026-02-17,West,Electronics,6995.84,1,Credit Card,CRM,Cancelled
TXN004839,CUST15721,2025-08-26,South,Grocery,4812.66,2,Credit Card,E-Commerce,Refunded
TXN004571,CUST16787,2025-07-13,West,Clothing,30092.16,7,UPI,CRM,Cancelled
TXN003201,CUST16475,2025-02-08,South,Sports,20947.16,2,Cash,POS,Cancelled
TXN004206,CUST15675,2026-04-15,East,Beauty,14350.4,5,UPI,POS,Pending
TXN000348,CUST18369,2025-09-27,East,Electronics,14985.2,2,Net Banking,Partner Portal,Pending
TXN004348,CUST10983,2025-01-15,West,Home & Kitchen,8861.22,1,Debit Card,POS,Refunded
TXN004695,CUST13627,2025-12-14,East,Beauty,103010.81,7,Cash,Mobile App,Completed
TXN002563,CUST17646,2025-04-11,Central,Clothing,63482.35,5,UPI,CRM,Completed
TXN004918,CUST16924,2026-09-21,West,Clothing,10941.54,3,Debit Card,CRM,Refunded
TXN001424,CUST10014,2026-04-15,South,Home & Kitchen,17945.2,7,Debit Card,POS,Cancelled
TXN000657,CUST13894,2026-02-28,East,Grocery,15012.22,2,UPI,E-Commerce,Cancelled
TXN002103,CUST14638,2025-02-16,Central,Grocery,73919.72,7,Net Banking,Partner Portal,Pending
TXN000633,CUST11855,2026-04-08,South,Sports,21734.88,2,Cash,E-Commerce,Refunded
TXN002989,CUST10336,2025-05-24,Central,Clothing,20263.68,6,Debit Card,Mobile App,Refunded
TXN002494,CUST13874,2025-02-05,West,Grocery,8958.9,1,Debit Card,CRM,Cancelled
TXN002666,CUST11418,2026-06-08,West,Sports,3156.96,8,Cash,Partner Portal,Pending
TXN004490,CUST18696,2026-07-14,Central,Sports,24304.47,3,Credit Card,Partner Portal,Cancelled
TXN003784,CUST12921,2025-09-17,Central,Electronics,11222.16,2,UPI,E-Commerce,Refunded
TXN003594,CUST15280,2026-04-08,North,Home & Kitchen,6066.39,3,Cash,E-Commerce,Completed
TXN000957,CUST10723,2026-04-01,North,Home & Kitchen,11168.91,3,UPI,Partner Portal,Refunded
TXN004289,CUST19865,2026-03-21,West,Beauty,46431.65,5,Net Banking,CRM,Refunded
TXN002501,CUST14013,2025-01-07,West,Electronics,31414.8,8,Debit Card,E-Commerce,Cancelled
TXN001466,CUST18196,2025-09-05,North,Sports,43784.4,3,UPI,E-Commerce,Pending
TXN002926,CUST19706,2025-07-27,N/A,Clothing,52209.01,7,Credit Card,POS,Refunded
TXN000116,CUST15662,2026-07-14,Central,Clothing,3601.62,3,Net Banking,POS,Refunded
TXN001822,CUST15357,2025-11-28,West,Beauty,16642.08,8,UPI,Partner Portal,Pending
TXN001495,CUST12533,2025-11-04,East,Home & Kitchen,34432.12,4,Debit Card,Mobile App,Pending
TXN002402,CUST14471,2025-12-18,West,Beauty,20582.28,6,Credit Card,Mobile App,Cancelled
TXN001233,CUST11965,2025-06-24,South,Clothing,26380.35,3,Debit Card,Partner Portal,Refunded
TXN002662,CUST14910,2025-10-17,South,Home & Kitchen,28956.92,2,Credit Card,Mobile App,Cancelled
TXN002818,CUST14185,2025-03-20,Central,Beauty,41995.32,4,UPI,Mobile App,Cancelled
TXN004622,CUST14463,2025-01-21,Central,Grocery,87729.0,6,Credit Card,POS,Completed
TXN004801,CUST16962,2025-07-14,South,Electronics,102351.2,8,Cash,Mobile App,Refunded
TXN001154,CUST10916,2025-09-06,South,Electronics,49738.16,4,Debit Card,Mobile App,Completed
TXN003973,CUST17846,2025-12-22,Central,Clothing,103572.14,7,Debit Card,E-Commerce,Refunded
TXN000058,CUST18977,2026-03-30,West,Home & Kitchen,87328.36,7,Net Banking,Mobile App,Cancelled
TXN004155,CUST18743,2025-08-11,South,Home & Kitchen,10907.26,2,UPI,E-Commerce,Cancelled
TXN004355,CUST13747,2025-12-02,South,Grocery,2014.95,7,UPI,E-Commerce,Pending
TXN000213,CUST14062,2026-04-23,South,Electronics,8170.66,2,Credit Card,POS,Refunded
TXN001736,CUST19346,2025-05-04,South,Beauty,2513.73,1,Debit Card,Mobile App,Cancelled
TXN002824,CUST15769,2025-12-02,North,Home & Kitchen,80029.02,6,UPI,Mobile App,Refunded
TXN002197,CUST12519,2025-02-06,East,Sports,25255.6,5,Cash,Mobile App,Pending
TXN003670,CUST16113,2026-07-25,East,Electronics,21897.06,6,Net Banking,CRM,Completed
TXN002476,CUST10736,2025-01-23,West,Grocery,60686.36,7,Net Banking,POS,Completed
TXN002565,CUST19145,2025-01-24,Central,Beauty,110776.8,8,Net Banking,Partner Portal,Completed
TXN004403,CUST10661,2026-02-07,East,Sports,49661.0,5,Debit Card,POS,Cancelled
TXN004687,CUST16831,2025-04-25,North,Grocery,56299.88,4,UPI,Mobile App,Completed
TXN002609,CUST10317,2025-03-15,South,Electronics,56174.72,8,Net Banking,E-Commerce,Refunded
TXN003974,CUST10837,2025-10-08,South,Grocery,66336.25,5,Debit Card,E-Commerce,Refunded
TXN000708,CUST18057,2025-09-29,South,Sports,19993.71,3,Net Banking,E-Commerce,Refunded
TXN004347,CUST13577,2026-05-09,South,Sports,1880.08,2,UPI,E-Commerce,Completed
TXN001094,CUST12762,2026-06-25,Central,Home & Kitchen,9149.87,1,Debit Card,CRM,Cancelled
TXN003679,CUST19881,2025-06-26,West,Clothing,44245.36,8,Net Banking,POS,Pending
TXN001377,CUST16606,2026-08-31,Central,Grocery,5399.76,4,,Partner Portal,Pending
TXN004988,CUST16872,2025-10-27,East,Clothing,28789.45,5,Cash,Partner Portal,Pending
TXN000073,CUST15591,2026-01-15,North,Grocery,15277.64,2,Net Banking,CRM,Refunded
TXN001923,CUST13424,2025-09-02,East,Home & Kitchen,55022.56,4,Cash,POS,Cancelled
TXN004149,CUST12521,2025-10-19,North,Electronics,18724.8,3,Debit Card,CRM,Completed
TXN001765,CUST19826,2025-09-02,West,Grocery,32921.9,5,Debit Card,E-Commerce,Completed
TXN000744,CUST11487,2025-05-16,North,Grocery,27043.68,6,UPI,E-Commerce,Refunded
TXN003755,CUST18087,2026-07-14,South,Clothing,-9793.35,7,Debit Card,CRM,Completed
TXN001006,CUST19801,2026-02-04,North,Electronics,33577.0,5,Net Banking,E-Commerce,Pending
TXN002669,CUST18209,2026-03-15,West,Sports,71774.1,6,UPI,Mobile App,Completed
TXN001191,CUST13542,2026-07-14,East,Home & Kitchen,27162.18,3,Debit Card,Partner Portal,Completed
TXN003299,CUST16228,2025-05-31,North,Clothing,2362.08,7,Cash,CRM,Pending
TXN002602,CUST16594,2025-07-05,South,Grocery,25838.88,8,Debit Card,E-Commerce,Completed
TXN001126,CUST13610,2026-05-31,East,Beauty,23104.05,5,UPI,Partner Portal,Completed
TXN001242,CUST16504,2025-12-29,Central,Grocery,22818.46,7,Cash,POS,Completed
TXN002943,CUST13530,2025-08-26,West,Beauty,72918.7,5,Net Banking,Mobile App,Pending
TXN004194,CUST19778,2025-05-31,East,Grocery,30651.99,3,Net Banking,E-Commerce,Completed
TXN003556,CUST15369,2025-04-15,East,Grocery,49865.3,5,Credit Card,E-Commerce,Pending
TXN000999,CUST19058,2025-08-11,North,Clothing,49824.32,8,Credit Card,CRM,Cancelled
TXN004654,CUST14453,2025-01-03,North,Grocery,980.74,1,UPI,Mobile App,Completed
TXN002685,CUST18232,2026-06-05,East,Beauty,35024.78,7,Cash,CRM,Refunded
TXN001578,CUST10872,2026-04-22,West,Sports,43282.3,5,Net Banking,Mobile App,Refunded
TXN004864,CUST19087,2025-11-06,Central,Home & Kitchen,13735.57,1,Debit Card,E-Commerce,Completed
TXN001827,CUST19683,2026-03-22,Central,Clothing,6878.79,1,Cash,Mobile App,Completed
TXN004634,CUST19069,2025-06-03,North,Home & Kitchen,62649.95,5,UPI,E-Commerce,Refunded
TXN003655,CUST19163,2026-03-04,South,Home & Kitchen,13001.79,1,Cash,E-Commerce,Refunded
TXN003652,CUST11877,2026-03-23,West,Home & Kitchen,107370.4,8,Credit Card,Partner Portal,Pending
TXN000441,CUST11459,2025-08-29,North,Sports,289.97,1,Net Banking,E-Commerce,Completed
TXN002421,CUST12066,2025-11-05,North,Clothing,5729.66,1,UPI,Partner Portal,Refunded
TXN001101,CUST16478,2025-06-09,East,Clothing,17344.1,5,UPI,Mobile App,Pending
TXN002638,CUST10809,2025-11-03,Central,Grocery,40104.96,4,Net Banking,Partner Portal,Refunded
TXN003164,CUST10149,2026-02-25,South,Sports,25154.04,4,Cash,CRM,Refunded
TXN000650,CUST19182,2026-02-28,South,Electronics,5073.5,1,Debit Card,POS,Cancelled
TXN001547,CUST18549,2025-02-20,West,Grocery,31624.6,7,Net Banking,POS,Pending
TXN003655,CUST19163,2026-03-04,South,Home & Kitchen,13001.79,1,Cash,E-Commerce,Refunded
TXN003677,CUST12894,2026-05-24,North,Clothing,3110.1,6,Credit Card,E-Commerce,Cancelled
TXN003272,CUST17459,2026-04-10,East,Clothing,15588.78,6,Debit Card,CRM,Pending
TXN003558,CUST10898,2026-01-06,East,Electronics,11877.18,6,Cash,E-Commerce,Refunded
TXN003863,,2026-08-12,South,Beauty,19493.15,5,Debit Card,Partner Portal,Refunded
TXN000631,CUST10808,2026-07-26,South,Clothing,54532.03,7,Net Banking,Mobile App,Cancelled
TXN000673,CUST13993,2026-02-15,Central,Home & Kitchen,25583.39,7,Net Banking,Mobile App,Completed
TXN001250,CUST10342,2025-01-14,South,Clothing,51808.4,8,Credit Card,E-Commerce,Completed
TXN000483,CUST10621,2025-01-25,North,Electronics,86250.72,8,Credit Card,E-Commerce,Cancelled
TXN001585,CUST19405,2025-04-02,West,Grocery,28395.18,2,Net Banking,Mobile App,Pending
TXN003180,CUST13791,2025-08-10,North,Electronics,58190.86,7,UPI,Partner Portal,Pending
TXN004699,CUST14383,2025-06-12,Central,Sports,6909.85,1,,POS,Cancelled
TXN003143,CUST11482,2025-11-12,East,Beauty,76608.72,6,Debit Card,CRM,Pending
TXN001463,CUST16067,2026-08-06,North,Beauty,82376.08,8,Cash,Mobile App,Pending
TXN004057,CUST16778,2026-02-01,West,Clothing,6271.82,2,Cash,POS,Refunded
TXN004063,CUST11439,2025-02-13,Central,Grocery,4448.41,1,Net Banking,POS,Refunded
TXN000095,CUST14416,2025-08-23,Central,Electronics,14993.63,1,Debit Card,Mobile App,Refunded
TXN002579,CUST15184,2026-09-08,South,Electronics,24458.62,2,Debit Card,CRM,Cancelled
TXN004841,CUST19100,2026-05-16,North,Beauty,27607.55,5,Cash,Partner Portal,Refunded
TXN000050,CUST15410,2026-03-18,Central,Clothing,28476.46,2,,POS,Cancelled
TXN004356,CUST18452,2026-08-07,East,Beauty,77544.46,7,Debit Card,CRM,Completed
TXN003162,,2025-03-03,South,Electronics,16455.66,2,Credit Card,E-Commerce,Pending
TXN000859,CUST19673,2025-10-19,North,Clothing,11946.26,2,Debit Card,CRM,Completed
TXN001073,CUST17328,2025-07-05,East,Electronics,537.99,3,Credit Card,E-Commerce,Pending
TXN000720,CUST12139,2026-04-28,North,Home & Kitchen,3715.97,1,Credit Card,POS,Completed
TXN003266,CUST10260,2026-01-28,East,Beauty,31955.19,3,Debit Card,POS,Refunded
TXN002632,CUST13754,2026-02-10,North,Grocery,9860.8,8,UPI,E-Commerce,Refunded
TXN004948,CUST11718,2025-03-02,South,Grocery,15936.35,5,Credit Card,Partner Portal,Cancelled
TXN001661,CUST16607,2026-04-18,West,Grocery,83156.1,6,Net Banking,E-Commerce,Pending
TXN001657,CUST10990,2026-05-21,Central,Grocery,81300.78,6,Credit Card,Mobile App,Completed
TXN002426,CUST15697,2025-03-25,South,Electronics,13149.9,3,Debit Card,Partner Portal,Completed
TXN003640,CUST12624,2026-04-27,North,Sports,12293.68,7,Cash,E-Commerce,Completed
TXN004294,CUST18219,2025-11-29,West,Grocery,72931.55,5,Credit Card,Partner Portal,Pending
TXN001034,CUST16298,2025-01-13,West,Beauty,23174.98,2,Cash,CRM,Pending
TXN003419,CUST12139,2025-01-03,South,Clothing,64528.66,7,Net Banking,Partner Portal,Refunded
TXN004546,CUST19782,2025-03-19,North,Sports,26906.18,7,UPI,POS,Refunded
TXN003415,CUST15859,2025-02-26,North,Home & Kitchen,91307.28,8,Cash,Partner Portal,Refunded
TXN004825,CUST16266,2025-03-30,West,Electronics,57387.96,6,Debit Card,POS,Completed
TXN002935,CUST14678,2025-05-01,West,Home & Kitchen,44070.78,3,Cash,POS,Refunded
TXN004190,CUST14192,2025-07-12,South,Beauty,49989.7,5,Debit Card,POS,Cancelled
TXN003215,CUST13153,2025-04-16,Central,Sports,37376.95,5,Cash,CRM,Pending
TXN002607,CUST12953,2026-08-22,West,Sports,8666.97,3,Cash,CRM,Completed
TXN001386,CUST12464,2025-01-11,West,Electronics,37817.46,6,Credit Card,POS,Pending
TXN003959,CUST13146,2026-03-19,South,Sports,102711.84,8,Cash,CRM,Refunded
TXN001400,CUST16526,2025-02-04,North,Beauty,48304.7,5,UPI,POS,Completed
TXN001196,CUST18925,2025-04-17,North,Beauty,90193.28,8,Net Banking,Partner Portal,Completed
TXN001409,CUST19686,2025-07-06,North,Home & Kitchen,5732.64,2,Credit Card,E-Commerce,Cancelled
TXN003948,CUST10602,2026-08-07,West,Grocery,29902.92,3,Net Banking,CRM,Cancelled
TXN001799,CUST12678,2025-08-04,North,Clothing,14866.29,1,Net Banking,CRM,Pending
TXN001476,CUST12107,2025-10-29,South,Sports,33544.86,3,UPI,Mobile App,Cancelled
TXN004842,CUST13613,2025-05-03,North,Clothing,108526.16,8,Net Banking,CRM,Refunded
TXN000036,CUST17180,2025-09-08,Central,Beauty,26077.86,6,,Partner Portal,Completed
TXN003658,CUST12743,2025-06-12,West,Sports,14403.79,1,Cash,CRM,Cancelled
TXN002346,CUST17009,2025-03-11,West,Clothing,20175.76,0,Credit Card,Mobile App,Refunded
TXN003286,CUST10965,2025-11-25,East,Clothing,-2723.88,4,Credit Card,Mobile App,Refunded
TXN002360,CUST14126,2025-12-27,East,Home & Kitchen,17715.16,2,Cash,POS,Completed
TXN002207,CUST14833,2025-04-08,West,Beauty,2220.63,1,Net Banking,CRM,Pending
TXN003310,CUST11524,2026-07-29,West,Grocery,35476.04,4,Debit Card,CRM,Cancelled
TXN003890,CUST17035,2026-08-30,East,Grocery,84921.42,6,Credit Card,E-Commerce,Completed
TXN001287,CUST10484,2026-08-22,South,Home & Kitchen,7747.53,7,Credit Card,CRM,Refunded
TXN000350,CUST17730,2025-02-15,East,Grocery,3743.82,1,Debit Card,E-Commerce,Completed
TXN002138,CUST12689,2025-05-19,West,Electronics,83360.69,7,Debit Card,CRM,Pending
TXN002692,CUST16860,2026-05-18,East,Home & Kitchen,16943.2,2,Debit Card,Mobile App,Completed
TXN003081,CUST18495,2026-03-10,South,Clothing,13675.02,6,Net Banking,Partner Portal,Cancelled
TXN003791,CUST12455,2025-05-21,South,Sports,22495.47,3,Net Banking,Partner Portal,Refunded
TXN001682,CUST15350,2025-01-18,Central,Grocery,1762.22,2,UPI,E-Commerce,Cancelled
TXN004725,,2025-07-11,Central,Clothing,3174.26,2,Net Banking,CRM,Pending
TXN001444,CUST11657,2026-01-17,West,Sports,2286.58,1,Credit Card,POS,Cancelled
TXN003353,CUST19715,2025-04-15,West,Beauty,30333.3,5,Credit Card,POS,Refunded
TXN001672,CUST19377,2025-07-19,South,Beauty,43456.68,3,Cash,Partner Portal,Pending
TXN003054,CUST17807,2025-07-23,North,Beauty,18797.91,3,UPI,CRM,Cancelled
TXN001180,CUST11776,2025-04-22,West,Grocery,5572.14,2,Debit Card,Mobile App,Cancelled
TXN002799,CUST16445,2025-05-08,East,Home & Kitchen,156.32,1,Debit Card,E-Commerce,Pending
TXN001693,CUST14611,2025-06-05,East,Sports,13736.49,1,UPI,Partner Portal,Refunded
TXN004474,CUST11081,2025-10-21,West,Electronics,21414.58,2,Net Banking,CRM,Pending
TXN000373,CUST19784,2025-10-04,South,Electronics,1465.02,3,UPI,CRM,Refunded
TXN003730,CUST14564,2026-09-16,Central,Beauty,4525.6,1,UPI,Mobile App,Refunded
TXN001917,CUST14127,2025-08-08,North,Grocery,9425.64,2,Credit Card,Mobile App,Cancelled
TXN001358,CUST16426,2025-10-27,Central,Clothing,59234.48,8,Cash,Mobile App,Cancelled
TXN001826,CUST18274,2025-08-05,East,Sports,15163.56,3,Net Banking,Partner Portal,Pending
TXN000787,CUST18413,2025-07-21,Central,Electronics,1177.22,2,Net Banking,CRM,Cancelled
TXN000470,CUST10770,2026-06-08,West,Grocery,52123.75,5,Net Banking,POS,Completed
TXN000141,CUST14177,2025-11-17,East,Home & Kitchen,33296.2,7,Net Banking,CRM,Completed
TXN000789,CUST12385,2025-07-09,East,Sports,3215.76,6,UPI,POS,Pending
TXN000324,CUST16435,2025-11-26,West,Home & Kitchen,45783.84,4,Cash,POS,Refunded
TXN000051,CUST14845,2026-02-23,Central,Home & Kitchen,36574.62,6,Debit Card,Mobile App,Refunded
TXN000715,CUST13130,2026-07-22,East,Beauty,14515.94,1,Net Banking,CRM,Cancelled
TXN004558,CUST13740,2026-08-27,South,Home & Kitchen,10957.6,1,Cash,Partner Portal,Refunded
TXN002841,CUST11863,2026-04-17,East,Electronics,55103.82,6,Cash,Mobile App,Cancelled
TXN002447,CUST12789,2026-06-19,East,Grocery,67892.85,5,UPI,Partner Portal,Cancelled
TXN004887,CUST18189,2025-02-09,West,Electronics,13130.1,1,Cash,Partner Portal,Completed
TXN004487,CUST19485,2025-05-20,West,Home & Kitchen,83913.76,8,Credit Card,E-Commerce,Cancelled
TXN004666,CUST13452,2025-06-11,Central,Sports,10344.56,1,Credit Card,Mobile App,Refunded
TXN003382,CUST18457,2025-02-12,West,Sports,41147.2,5,Credit Card,POS,Completed
TXN002667,CUST10675,2025-06-26,South,Clothing,52451.3,5,Cash,E-Commerce,Refunded
TXN000407,CUST11610,2025-11-15,South,Home & Kitchen,63292.05,5,UPI,Mobile App,Cancelled
TXN003471,CUST15577,2025-01-21,South,Beauty,28507.28,8,Debit Card,CRM,Pending
TXN001005,CUST10565,2026-03-28,Central,Home & Kitchen,16507.86,6,Net Banking,CRM,Completed
TXN003108,CUST18050,2026-06-20,East,Beauty,67692.4,8,Net Banking,CRM,Pending
TXN000891,CUST19989,2026-04-14,North,Sports,29244.86,2,Credit Card,Partner Portal,Completed
TXN002412,CUST10675,2026-07-24,East,Grocery,52546.08,4,UPI,Partner Portal,Pending
TXN002546,CUST11255,2025-06-06,Central,Grocery,12639.96,3,Net Banking,Partner Portal,Refunded
TXN003882,CUST19718,2026-08-13,South,Sports,20220.92,2,Net Banking,Partner Portal,Refunded
TXN002391,CUST18219,2025-07-01,Central,Grocery,52968.04,4,Debit Card,E-Commerce,Refunded
TXN004828,CUST16299,2026-02-20,East,Sports,13910.11,1,UPI,Partner Portal,Pending
TXN000043,CUST12533,2026-07-28,South,Home & Kitchen,102271.19,7,Debit Card,Mobile App,Completed
TXN002831,CUST15453,2025-03-04,North,Sports,2321.43,3,Cash,Partner Portal,Pending
TXN004456,CUST17668,2025-08-05,West,Electronics,28068.54,6,Net Banking,POS,Completed
TXN003023,CUST11612,2025-08-04,East,Beauty,2143.62,3,Credit Card,Mobile App,Cancelled
TXN000304,CUST18538,2025-12-18,West,Clothing,94284.96,8,Net Banking,CRM,Refunded
TXN004583,CUST12947,2025-09-14,South,Beauty,50621.6,8,Net Banking,CRM,Pending
TXN003869,CUST12710,2025-10-15,Invalid,Home & Kitchen,84371.0,0,UPI,E-Commerce,Cancelled
TXN000665,CUST15102,2026-08-11,Central,Clothing,10608.0,4,Cash,Mobile App,Completed
TXN001178,CUST11726,2025-09-08,East,Grocery,2402.98,1,Debit Card,Partner Portal,Refunded
TXN002677,CUST16785,2025-12-26,West,Home & Kitchen,27443.29,7,Net Banking,E-Commerce,Refunded
TXN001948,CUST14857,2026-08-10,Central,Beauty,91397.18,7,Cash,Partner Portal,Refunded
TXN002502,CUST12363,2025-10-28,North,Beauty,8509.92,3,Net Banking,CRM,Pending
TXN001474,CUST12426,2026-09-01,Central,Clothing,11443.71,1,Credit Card,E-Commerce,Cancelled
TXN004997,CUST19854,2026-09-18,South,Clothing,17732.16,2,Debit Card,Mobile App,Cancelled
TXN003636,CUST12097,2025-09-26,South,Clothing,2906.78,1,Net Banking,Mobile App,Completed
TXN002133,CUST17838,2026-04-08,West,Clothing,101280.06,7,Net Banking,E-Commerce,Cancelled
TXN001027,CUST17432,2025-09-21,East,Grocery,49058.8,7,Cash,Partner Portal,Refunded
TXN002990,CUST16518,2026-09-23,East,Clothing,28914.6,3,UPI,Mobile App,Refunded
TXN000962,CUST12659,2026-09-23,North,Grocery,31692.8,5,Credit Card,Mobile App,Pending
TXN002890,CUST14814,2025-10-10,North,Sports,13247.01,7,,E-Commerce,Pending
TXN003022,,2026-07-22,West,Clothing,48166.28,4,Cash,CRM,Cancelled
TXN003016,CUST13251,2025-12-10,West,Electronics,8474.8,4,Cash,POS,Pending
TXN003782,CUST12764,2026-04-14,Central,Grocery,31461.54,6,Net Banking,Mobile App,Completed
TXN002010,CUST10751,2026-03-13,North,Sports,102305.84,0,UPI,E-Commerce,Completed
TXN002150,CUST16494,2025-04-17,West,Grocery,21511.64,2,Cash,POS,Completed
TXN003434,CUST14409,2025-05-21,West,Grocery,1855.5,2,Debit Card,Mobile App,Cancelled
TXN002339,CUST12308,2025-02-03,Central,Clothing,64141.56,6,Net Banking,Partner Portal,Completed
TXN004016,CUST13077,2026-07-03,Central,Home & Kitchen,22025.07,3,Net Banking,POS,Pending
TXN000305,CUST10733,2026-04-09,North,Electronics,6605.4,6,,CRM,Pending
TXN001441,CUST10600,2025-02-06,Central,Beauty,10845.88,2,Net Banking,E-Commerce,Pending
TXN001497,CUST14975,2025-08-23,East,Home & Kitchen,35662.65,5,UPI,POS,Cancelled
TXN002653,CUST10863,2025-09-26,Central,Clothing,74626.02,6,Net Banking,E-Commerce,Pending
TXN002876,CUST11483,2025-08-21,West,Beauty,10833.0,4,UPI,CRM,Cancelled
TXN000917,CUST18271,2026-09-13,West,Grocery,34359.21,3,Net Banking,E-Commerce,Cancelled
TXN004246,CUST15806,2025-12-11,Central,Clothing,45535.0,5,Net Banking,Partner Portal,Completed
TXN003843,CUST12176,2026-09-24,Central,Sports,16079.2,4,Debit Card,Partner Portal,Completed
TXN002773,CUST14224,2026-05-20,East,Beauty,49788.15,5,Cash,E-Commerce,Completed
TXN001625,CUST17595,2026-04-09,East,Clothing,114322.96,8,UPI,Mobile App,Pending
TXN003961,CUST18613,2026-09-17,North,Clothing,10162.5,2,UPI,E-Commerce,Pending
TXN000822,CUST11056,2026-03-22,South,Grocery,33935.51,7,UPI,POS,Pending
TXN003410,CUST10406,2025-10-31,South,Sports,24591.66,6,Credit Card,Partner Portal,Cancelled
TXN001355,CUST13254,2025-07-11,North,Sports,34485.92,8,Debit Card,CRM,Refunded
TXN004567,CUST12558,2025-02-04,Unknown,Grocery,3920.92,4,UPI,Mobile App,Cancelled
TXN000851,CUST18691,2025-05-16,West,Home & Kitchen,9656.06,2,UPI,CRM,Cancelled
TXN001001,CUST16543,2026-04-18,South,Grocery,36543.5,7,Credit Card,CRM,Cancelled
TXN004086,CUST16755,2025-06-30,Central,Clothing,71979.04,7,UPI,CRM,Completed
TXN000019,CUST18728,2025-03-29,South,Home & Kitchen,98070.0,8,Net Banking,Partner Portal,Pending
TXN001638,CUST19287,2026-04-04,East,Clothing,14557.42,1,Credit Card,POS,Completed
TXN001668,CUST15047,2025-08-10,South,Clothing,51859.85,7,UPI,Partner Portal,Refunded
TXN000494,CUST12497,2026-09-24,Central,Sports,52162.65,5,UPI,POS,Refunded
TXN001348,CUST18335,2025-05-25,South,Electronics,6363.92,2,Cash,CRM,Pending
TXN003019,CUST14012,2025-02-11,West,Clothing,14090.5,1,Debit Card,Partner Portal,Pending
TXN003849,CUST11459,2025-05-26,North,Home & Kitchen,65339.82,6,Cash,POS,Pending
TXN003365,CUST19303,2025-11-18,West,Grocery,85702.32,8,Credit Card,POS,Completed
TXN003734,CUST10394,2025-10-09,Central,Sports,7374.03,1,UPI,E-Commerce,Completed
TXN004358,CUST13244,2026-05-07,West,Beauty,75622.62,6,Debit Card,E-Commerce,Refunded
TXN000688,CUST11312,2026-01-13,South,Beauty,17492.0,2,Cash,POS,Refunded
TXN003853,CUST17135,2025-11-25,East,Home & Kitchen,31399.5,5,Credit Card,Mobile App,Completed
TXN001609,CUST15364,2026-05-16,South,Beauty,5664.08,2,UPI,Mobile App,Cancelled
TXN004154,,2026-07-28,South,Electronics,13397.21,1,Cash,POS,Pending
TXN004343,CUST14120,2025-02-16,South,Grocery,10785.41,1,UPI,E-Commerce,Refunded
TXN001010,CUST11980,2026-07-09,South,Home & Kitchen,98629.72,7,Credit Card,POS,Cancelled
TXN002409,CUST18434,2026-09-12,West,Electronics,29930.79,3,UPI,E-Commerce,Completed
TXN001093,CUST10120,2026-09-24,West,Beauty,54688.84,4,Cash,POS,Pending
TXN001328,CUST15903,2025-01-26,East,Grocery,54862.8,6,UPI,Mobile App,Cancelled
TXN001678,CUST16161,2025-07-19,West,Beauty,18992.85,5,Credit Card,POS,Cancelled
TXN002000,CUST13188,2026-02-05,Central,Sports,52031.0,4,Credit Card,POS,Refunded
TXN001311,CUST12247,2026-05-13,Central,Home & Kitchen,6344.25,5,UPI,Partner Portal,Pending
TXN003839,CUST11656,2025-10-03,Central,Sports,26919.2,8,UPI,CRM,Refunded
TXN004173,CUST14215,2025-11-30,Central,Clothing,7122.54,6,UPI,POS,Pending
TXN001988,CUST12079,2026-07-14,North,Clothing,14300.99,1,Credit Card,Partner Portal,Pending
TXN004907,CUST16592,2026-08-11,Central,Clothing,10267.66,1,UPI,POS,Completed
TXN000345,CUST10902,2025-04-29,East,Beauty,73785.76,8,Debit Card,CRM,Completed
TXN004696,CUST11123,2025-07-08,North,Grocery,23381.22,2,Net Banking,Partner Portal,Cancelled
TXN000987,CUST10381,2026-07-05,Central,Electronics,24792.9,5,Debit Card,E-Commerce,Cancelled
TXN003977,CUST14141,2025-09-02,East,Beauty,64098.3,5,Credit Card,E-Commerce,Cancelled
TXN003930,CUST12233,2025-04-16,West,Home & Kitchen,70075.92,6,Credit Card,CRM,Refunded
TXN004379,CUST10456,2025-04-04,North,Grocery,7449.45,3,Debit Card,CRM,Cancelled
TXN004112,CUST15029,2026-09-21,South,Sports,59121.72,6,Debit Card,POS,Refunded
TXN003198,CUST13569,2026-05-09,Central,Beauty,74939.7,5,Debit Card,E-Commerce,Cancelled
TXN003134,CUST19890,2025-09-23,North,Sports,102580.17,7,Debit Card,POS,Completed
TXN001143,CUST14618,2025-06-23,East,Electronics,6890.76,2,Cash,POS,Completed
TXN002359,CUST17942,2026-04-11,East,Beauty,12958.01,1,Credit Card,E-Commerce,Pending
TXN001199,CUST14334,2025-08-18,East,Grocery,20436.9,5,Debit Card,CRM,Refunded
TXN000086,CUST11214,2025-04-27,Central,Beauty,12141.08,2,Credit Card,E-Commerce,Pending
TXN001519,CUST13418,2025-05-07,West,Electronics,3351.74,7,Net Banking,Mobile App,Refunded
TXN000517,CUST17029,2026-01-15,South,Grocery,10494.88,1,Net Banking,POS,Completed
TXN001382,CUST16950,2026-03-25,West,Home & Kitchen,1364.04,2,Cash,Mobile App,Pending
TXN002717,CUST13238,2025-10-11,South,Home & Kitchen,43579.2,7,Net Banking,CRM,Refunded
TXN004041,CUST16092,2025-01-26,Central,Home & Kitchen,1195.68,2,,CRM,Completed
TXN001015,CUST19586,2025-03-11,West,Grocery,2177.82,6,Cash,E-Commerce,Completed
TXN000129,CUST13560,2025-10-14,West,Grocery,10385.18,1,Debit Card,POS,Completed
TXN001365,CUST10346,2025-05-13,West,Electronics,14259.15,1,UPI,POS,Completed
TXN004923,CUST18633,2025-02-24,South,Electronics,16811.36,2,UPI,CRM,Cancelled
TXN004101,CUST10328,2025-05-05,North,Electronics,54157.18,7,Cash,E-Commerce,Refunded
TXN003232,CUST16695,2026-08-27,North,Grocery,34545.4,5,Credit Card,Mobile App,Completed
TXN000892,CUST15926,2025-06-21,South,Beauty,26151.92,2,UPI,Mobile App,Refunded
TXN002794,CUST12988,2025-05-25,North,Sports,2136.24,1,Credit Card,POS,Completed
TXN004273,CUST15308,2025-08-20,North,Beauty,57524.75,5,UPI,Mobile App,Pending
TXN001360,CUST15225,2025-04-29,North,Clothing,21073.71,3,Net Banking,E-Commerce,Refunded
TXN000308,CUST13520,2026-08-30,South,Clothing,41255.55,7,Credit Card,Partner Portal,Completed
TXN001662,CUST12285,2026-01-30,East,Grocery,99746.85,7,Debit Card,Mobile App,Cancelled
TXN002432,CUST14233,2026-01-07,West,Grocery,45146.85,5,UPI,POS,Refunded
TXN004866,CUST18811,2025-06-11,North,Electronics,25633.12,4,Cash,E-Commerce,Cancelled
TXN001318,CUST16248,2026-03-11,West,Beauty,12609.9,5,Debit Card,E-Commerce,Completed
TXN004370,CUST12603,2025-08-04,West,Home & Kitchen,14934.54,3,UPI,Mobile App,Pending
TXN002475,CUST18665,2025-09-23,Central,Home & Kitchen,34269.95,5,Cash,POS,Pending
TXN002543,CUST14252,2025-11-13,South,Clothing,101565.04,8,Cash,Mobile App,Completed
TXN001247,CUST14396,2025-04-14,West,Home & Kitchen,44141.88,4,Debit Card,E-Commerce,Cancelled
TXN003771,CUST19503,2026-06-20,West,Electronics,11742.13,1,UPI,CRM,Refunded
TXN001209,CUST18046,2026-01-06,North,Grocery,23691.68,4,Credit Card,Mobile App,Completed
TXN000217,CUST17061,2025-10-20,South,Clothing,12722.87,1,UPI,Mobile App,Cancelled
TXN004359,CUST11149,2026-02-11,East,Home & Kitchen,5401.2,7,Net Banking,POS,Pending
TXN003168,CUST13551,2025-01-29,West,Electronics,9915.42,6,Cash,POS,Unknown
TXN001240,CUST11756,2026-08-15,North,Home & Kitchen,4589.24,2,Credit Card,Mobile App,Pending
TXN002290,CUST19147,2025-12-29,Central,Beauty,53619.72,4,Debit Card,CRM,Refunded
TXN002741,CUST15088,2025-07-08,East,Grocery,63957.9,5,UPI,Partner Portal,Completed
TXN000276,CUST11295,2025-12-29,East,Grocery,59722.75,5,Net Banking,Partner Portal,Pending
TXN000490,CUST18398,2027-01-18,South,Home & Kitchen,19529.28,6,Debit Card,E-Commerce,Invalid
TXN001036,CUST19382,2026-02-26,East,Home & Kitchen,3456.36,2,UPI,E-Commerce,Refunded
TXN001230,CUST10171,2025-01-30,South,Electronics,3250.92,4,UPI,Mobile App,Pending
TXN004655,CUST12016,2025-06-02,North,Beauty,46543.84,4,Net Banking,POS,Completed
TXN001009,CUST15287,2026-06-09,Central,Beauty,24505.6,2,Debit Card,Partner Portal,Pending
TXN004779,CUST17253,2025-08-28,East,Beauty,-61384.25,5,Cash,Mobile App,Pending
TXN004021,CUST15331,2026-08-23,North,Sports,26566.3,2,Cash,E-Commerce,Cancelled
TXN003291,CUST16235,2025-04-18,Central,Electronics,103143.74,7,Credit Card,CRM,Pending
TXN002533,CUST13157,2025-08-21,West,Clothing,57563.28,6,Debit Card,E-Commerce,Cancelled
TXN004233,CUST17391,2026-05-25,South,Clothing,17660.1,2,UPI,POS,Pending
TXN001059,CUST13535,2025-10-08,West,Clothing,76024.4,8,Net Banking,CRM,Cancelled
TXN002167,CUST14571,2026-02-18,East,Beauty,456.81,3,Cash,Mobile App,Refunded
TXN004162,CUST19804,2025-03-16,West,Home & Kitchen,10350.05,1,UPI,Mobile App,Pending
TXN003486,CUST19714,2026-06-02,North,Electronics,11202.93,1,Credit Card,CRM,Cancelled
TXN000282,CUST18857,2026-08-04,East,Grocery,71314.74,7,Debit Card,CRM,Cancelled
TXN003683,,2025-07-12,West,Grocery,27731.72,4,Net Banking,Partner Portal,Refunded
TXN001317,CUST10936,2025-12-16,North,Sports,90996.92,7,Net Banking,POS,Refunded
TXN004146,CUST19583,2026-08-30,North,Beauty,7907.22,3,Credit Card,POS,Pending
TXN000969,CUST12143,2025-03-08,South,Home & Kitchen,4504.08,2,Cash,Mobile App,Cancelled
TXN003460,CUST13650,2026-06-19,South,Clothing,9877.6,5,Cash,Partner Portal,Cancelled
TXN004048,CUST10492,2025-06-02,East,Grocery,32715.34,7,Cash,E-Commerce,Pending
TXN003275,CUST13336,2025-11-06,East,Electronics,6272.86,2,,E-Commerce,Completed
TXN003635,CUST15424,2025-09-01,North,Clothing,62675.4,6,Cash,Mobile App,Pending
TXN000620,CUST19387,2026-06-18,South,Grocery,25273.08,4,UPI,Partner Portal,Cancelled
TXN004702,CUST18045,2025-05-03,Central,Beauty,41454.49,7,Credit Card,E-Commerce,Completed
TXN001743,CUST16466,2026-03-19,North,Home & Kitchen,13072.96,1,UPI,Mobile App,Refunded
TXN001391,CUST19703,2025-05-10,Central,Clothing,35135.73,7,Cash,Mobile App,Pending
TXN004415,CUST17917,2025-12-06,West,Electronics,27973.18,2,Debit Card,E-Commerce,Pending
TXN001848,CUST12508,2025-05-21,East,Clothing,61269.15,5,Net Banking,CRM,Cancelled
TXN001580,CUST11072,2025-06-01,East,Sports,20523.8,2,UPI,CRM,Refunded
TXN001656,CUST14124,2026-06-28,East,Home & Kitchen,9857.15,1,Credit Card,CRM,Completed
TXN002353,CUST18874,2025-09-28,South,Sports,5856.13,1,Net Banking,E-Commerce,Refunded
TXN002213,CUST19665,2026-09-02,East,Beauty,13968.18,1,Credit Card,E-Commerce,Completed
TXN002021,CUST18517,2025-04-13,Central,Sports,23093.05,5,Net Banking,Mobile App,Refunded
TXN000449,CUST15149,2025-02-17,North,Beauty,7996.06,2,Cash,Partner Portal,Pending
TXN001957,CUST19022,2027-12-23,West,Sports,7465.55,5,Net Banking,POS,Refunded
TXN003700,CUST15418,2026-08-27,East,Clothing,112932.4,8,UPI,Partner Portal,Cancelled
TXN001308,CUST17844,2025-10-27,North,Beauty,-27393.75,3,Credit Card,CRM,Cancelled
TXN002004,CUST16329,2025-01-27,Central,Clothing,62657.04,8,Credit Card,Partner Portal,Cancelled
TXN004525,CUST10506,2025-06-27,South,Grocery,74097.75,5,UPI,E-Commerce,Cancelled
TXN000576,CUST19580,2025-01-16,North,Grocery,35809.26,3,Debit Card,CRM,Completed
TXN002361,CUST12329,2026-05-21,West,Grocery,5345.38,2,UPI,E-Commerce,Pending
TXN004267,CUST14637,2026-03-21,North,Grocery,13301.24,1,UPI,CRM,Pending
TXN004506,CUST16086,2025-07-12,North,Sports,6186.93,3,Debit Card,POS,Refunded
TXN001707,CUST17851,2025-03-06,South,Clothing,53387.7,5,Credit Card,POS,Pending
TXN004770,CUST13651,2026-07-15,South,Clothing,27493.38,3,Debit Card,Partner Portal,Refunded
TXN003586,,2026-08-15,South,Sports,28384.05,3,Net Banking,E-Commerce,Pending
TXN001281,CUST16961,2026-01-31,South,Electronics,14026.12,2,UPI,Mobile App,Completed
TXN000862,CUST19868,2025-02-26,West,Electronics,16505.26,2,Net Banking,POS,Pending
TXN004304,CUST15604,2025-05-09,South,Sports,7552.0,1,Net Banking,POS,Cancelled
TXN001802,CUST14019,2026-08-27,South,Electronics,60561.1,5,Net Banking,Mobile App,Cancelled
TXN001629,CUST17258,2026-01-29,North,Beauty,19506.9,7,Debit Card,Mobile App,Pending
TXN001994,CUST19415,2026-01-29,West,Sports,38608.95,3,Net Banking,E-Commerce,Pending
TXN002640,CUST14168,2025-04-06,East,Beauty,42608.48,4,Cash,CRM,Pending
TXN000270,CUST18038,2025-09-21,West,Home & Kitchen,116007.76,8,UPI,E-Commerce,Pending
TXN000630,CUST10695,2026-06-18,South,Sports,13657.96,0,Cash,Mobile App,Completed
TXN003082,CUST18161,2025-09-28,South,Clothing,44486.01,3,Credit Card,CRM,Completed
TXN002335,CUST13651,2026-02-02,Central,Sports,5444.68,4,UPI,CRM,Pending
TXN002967,CUST16898,2025-01-06,South,Clothing,53814.18,7,Credit Card,Partner Portal,Refunded
TXN000301,CUST13638,2025-04-19,Central,Beauty,1569.24,1,Cash,Partner Portal,Pending
TXN000460,CUST19648,2026-03-01,North,Grocery,13906.74,1,Net Banking,Partner Portal,Pending
TXN001448,CUST16789,2025-01-06,South,Clothing,22304.31,7,UPI,Mobile App,Cancelled
TXN001473,CUST15418,2025-12-17,West,Beauty,51844.95,5,UPI,Partner Portal,Cancelled
TXN002047,CUST18379,2025-07-23,South,Electronics,33840.32,8,,E-Commerce,Completed
TXN004293,CUST15862,2026-03-24,West,Beauty,39411.9,3,Net Banking,POS,Completed
TXN003886,CUST12209,2025-10-14,North,Sports,15189.48,6,UPI,CRM,Completed
TXN002114,CUST16823,2025-10-08,West,Electronics,11836.7,1,Net Banking,Mobile App,Completed
TXN000028,CUST17887,2025-08-31,South,Grocery,18466.71,3,Credit Card,E-Commerce,Refunded
TXN004450,CUST17157,2026-04-13,South,Grocery,59577.0,6,Cash,Partner Portal,Pending
TXN004592,CUST11514,2026-05-31,South,Home & Kitchen,68937.68,7,UPI,CRM,Refunded
TXN000838,CUST11348,2025-07-24,North,Home & Kitchen,23872.25,5,Debit Card,Partner Portal,Pending
TXN003950,CUST19215,2025-12-15,North,Electronics,43581.7,5,Cash,POS,Refunded
TXN003478,CUST10584,2025-05-15,West,Sports,21391.8,6,Credit Card,Partner Portal,Completed
TXN002009,CUST13514,2025-08-10,West,Grocery,16665.12,3,Cash,CRM,Pending
TXN004982,CUST19871,2026-06-28,East,Beauty,10480.54,1,Credit Card,CRM,Completed
TXN000504,CUST18543,2025-11-28,East,Beauty,21171.34,2,UPI,Partner Portal,Pending
TXN003912,CUST18561,2025-01-01,Central,Clothing,67214.16,6,Cash,Mobile App,Completed
TXN004371,CUST14432,2026-04-30,West,Home & Kitchen,10942.07,1,Debit Card,E-Commerce,Cancelled
TXN000381,CUST12581,2025-12-11,West,Beauty,24533.95,5,Net Banking,POS,Pending
TXN001852,CUST19015,2025-08-26,Central,Electronics,4220.07,1,Cash,Partner Portal,Cancelled
TXN001526,CUST17698,2025-05-12,North,Electronics,6567.84,3,Cash,E-Commerce,Cancelled
TXN002366,CUST16186,2025-06-20,Central,Beauty,12916.7,1,UPI,CRM,Cancelled
TXN003338,CUST15027,2025-06-06,Central,Home & Kitchen,22770.7,5,UPI,E-Commerce,Completed
TXN003053,CUST17701,2025-04-26,West,Grocery,17148.76,2,UPI,Partner Portal,Pending
TXN002885,CUST17413,2025-04-30,West,Electronics,25170.72,4,Cash,Mobile App,Refunded
TXN002341,CUST15219,2025-07-12,North,Home & Kitchen,4601.26,1,Debit Card,Partner Portal,Cancelled
TXN000375,CUST13595,2026-07-01,Central,Grocery,11484.34,1,UPI,E-Commerce,Pending
TXN004865,CUST11727,2025-11-23,West,Grocery,15460.3,2,UPI,Partner Portal,Completed
TXN002382,CUST13168,2026-03-23,South,Electronics,8303.34,3,UPI,CRM,Completed
TXN004376,CUST19199,2025-08-24,Central,Home & Kitchen,20843.9,5,Debit Card,CRM,Pending
TXN000940,CUST14968,2026-01-02,South,Home & Kitchen,5762.0,4,Net Banking,POS,Completed
TXN003976,CUST19558,2026-02-01,East,Grocery,65263.87,7,Credit Card,POS,Cancelled
TXN004229,CUST12527,2026-03-26,West,Sports,48457.2,6,Debit Card,Partner Portal,Cancelled
TXN002800,CUST18074,2026-03-19,West,Grocery,41138.4,3,Net Banking,E-Commerce,Pending
TXN002148,CUST13185,2025-09-19,North,Grocery,64499.4,6,Cash,E-Commerce,Cancelled
TXN003941,CUST17193,2026-07-25,North,Clothing,13947.75,1,Net Banking,E-Commerce,Completed
TXN004610,CUST10419,2025-01-25,East,Beauty,11201.55,3,Credit Card,Mobile App,Refunded
TXN004281,CUST19654,2025-10-27,South,Grocery,7288.85,1,UPI,CRM,Refunded
TXN002069,CUST16760,2025-02-09,Central,Home & Kitchen,1988.08,4,Credit Card,Mobile App,Refunded
TXN000530,CUST18483,2026-02-09,North,Beauty,61828.13,7,Credit Card,CRM,Cancelled
TXN004614,CUST15804,2025-07-05,South,Electronics,7684.26,1,Net Banking,Mobile App,Completed
TXN000637,CUST19266,2025-02-14,South,Home & Kitchen,41077.71,3,Debit Card,E-Commerce,Completed
TXN001270,CUST16897,2026-07-27,North,Home & Kitchen,14366.63,1,Cash,POS,Pending
TXN000186,CUST15650,2025-01-17,South,Beauty,71093.7,6,Credit Card,Partner Portal,Cancelled
TXN003942,CUST19103,2025-11-16,West,Clothing,47934.32,4,Net Banking,Mobile App,Refunded
TXN004373,CUST18409,2025-03-31,West,Home & Kitchen,14706.78,1,Cash,Partner Portal,Refunded
TXN003568,CUST13102,2026-09-15,East,Beauty,25644.2,4,Cash,Partner Portal,Completed
TXN001798,CUST16842,2025-07-19,South,Grocery,60077.43,7,Cash,Partner Portal,Cancelled
TXN002980,CUST19101,2025-06-29,Central,Home & Kitchen,19318.48,2,Credit Card,Mobile App,Pending
TXN001442,CUST12370,2025-03-28,Invalid,Grocery,3956.42,2,UPI,POS,Refunded
TXN003540,CUST17283,2026-04-25,West,Home & Kitchen,11327.05,1,Net Banking,POS,Cancelled
TXN004949,CUST13361,2026-07-30,West,Sports,115087.76,8,Debit Card,CRM,Pending
TXN001536,CUST12380,2025-05-15,Central,Beauty,38328.66,6,Credit Card,Mobile App,Completed
TXN003811,CUST11339,2025-09-18,North,Sports,75020.4,7,Cash,E-Commerce,Completed
TXN003189,CUST13462,2025-01-10,East,Grocery,8727.95,7,Debit Card,CRM,Refunded
TXN001274,CUST18459,2026-08-22,South,Sports,10553.43,1,Net Banking,E-Commerce,Pending
TXN002468,CUST16438,2025-04-14,Central,Electronics,30965.48,7,Debit Card,Partner Portal,Pending
TXN000608,CUST13121,2026-02-28,East,Clothing,38797.43,7,Cash,CRM,Cancelled
TXN003500,CUST15671,2025-05-18,West,Clothing,47915.46,6,Debit Card,E-Commerce,Refunded
TXN001713,CUST15628,2026-07-07,Central,Beauty,40071.42,3,,Partner Portal,Cancelled
TXN002200,CUST17034,2026-07-13,West,Home & Kitchen,4759.16,7,,Partner Portal,Pending
TXN000956,CUST12065,2026-08-31,Central,Clothing,54300.44,4,UPI,Mobile App,Refunded
TXN002580,CUST15976,2025-03-14,Central,Grocery,50375.08,7,UPI,Mobile App,Pending
TXN004025,CUST17406,2025-12-04,West,Grocery,33803.6,5,UPI,POS,Pending
TXN004826,CUST15838,2025-10-10,North,Electronics,79896.96,8,Credit Card,POS,Cancelled
TXN003493,CUST17637,2025-12-27,Central,Home & Kitchen,30187.5,7,Credit Card,Partner Portal,Pending
TXN003807,CUST19090,2026-02-20,North,Beauty,69194.4,8,Debit Card,CRM,Pending
TXN000404,CUST14328,2025-10-20,West,Beauty,79083.66,6,Net Banking,Partner Portal,Refunded
TXN002072,CUST10696,2026-04-20,N/A,Grocery,6025.48,2,Credit Card,E-Commerce,Completed
TXN004829,CUST18294,2025-12-07,North,Beauty,68403.65,7,Debit Card,Mobile App,Pending
TXN001978,CUST12791,2026-04-20,South,Electronics,80339.36,8,Credit Card,E-Commerce,Completed
TXN000159,CUST14194,2025-06-01,South,Home & Kitchen,6527.16,4,Cash,E-Commerce,Completed
TXN001749,CUST14735,2025-09-15,Central,Sports,70095.0,5,Debit Card,POS,Cancelled
TXN002910,CUST17871,2025-06-07,North,Electronics,6115.37,1,UPI,CRM,Cancelled
TXN003650,CUST11100,2026-03-19,East,Beauty,3631.84,8,Credit Card,E-Commerce,Completed
TXN000903,CUST18847,2025-01-24,Central,Clothing,13365.76,1,Debit Card,POS,Refunded
TXN000353,CUST15091,2025-03-12,East,Electronics,104031.04,8,Cash,Mobile App,Completed
TXN001231,CUST16044,2025-06-24,Central,Electronics,5896.56,2,Credit Card,POS,Completed
TXN004742,CUST15658,2025-11-01,North,Grocery,51267.44,4,Credit Card,Partner Portal,Refunded
TXN002141,CUST12865,2026-01-13,East,Home & Kitchen,71125.1,5,Credit Card,Partner Portal,Pending
TXN000445,CUST11523,2026-03-25,East,Clothing,65946.45,5,Debit Card,CRM,Refunded
TXN004975,CUST18167,2025-02-19,East,Sports,21934.48,2,Cash,E-Commerce,Completed
TXN000755,CUST10352,2026-05-01,East,Home & Kitchen,38159.64,6,Credit Card,CRM,Pending
TXN001738,CUST12183,2025-08-26,West,Electronics,9184.28,4,UPI,CRM,Completed
TXN002972,CUST19929,2025-06-09,Central,Sports,21731.8,4,UPI,CRM,Completed
TXN002325,CUST19420,2025-10-10,East,Grocery,34782.56,8,UPI,CRM,Pending
TXN002921,CUST19220,2026-02-18,North,Clothing,73378.2,0,Net Banking,Mobile App,Pending
TXN000312,CUST16853,2026-01-18,Central,Home & Kitchen,23133.87,3,Cash,Mobile App,Refunded
TXN000549,CUST12677,2025-09-14,North,Home & Kitchen,6036.19,1,UPI,Mobile App,Completed
TXN000662,CUST15115,2026-06-18,South,Clothing,2174.8,5,Debit Card,E-Commerce,Cancelled
TXN004835,CUST19496,2025-04-23,Central,Grocery,6870.8,8,Debit Card,CRM,Refunded
TXN001990,CUST19990,2026-09-13,Central,Sports,76244.52,6,Credit Card,CRM,Cancelled
TXN000307,CUST17081,2025-07-08,West,Electronics,28929.42,3,Cash,E-Commerce,Refunded
TXN002336,CUST16675,2025-10-31,South,Beauty,8815.08,3,Debit Card,CRM,Pending
TXN000695,CUST16059,2026-08-29,South,Clothing,29764.26,3,Debit Card,Mobile App,Pending
TXN002357,CUST10773,2025-05-14,North,Sports,2761.38,2,,Partner Portal,Completed
TXN001928,CUST18204,2025-12-02,West,Sports,10640.63,7,Cash,CRM,Completed
TXN000685,CUST19903,2025-05-21,West,Sports,90413.96,7,Debit Card,Mobile App,Refunded
TXN000750,CUST19505,2025-09-02,South,Beauty,19541.34,2,Debit Card,POS,Cancelled
TXN003605,CUST13851,2026-04-12,East,Clothing,76606.56,8,Credit Card,POS,Refunded
TXN003356,CUST13129,2025-02-07,Central,Grocery,13952.08,2,Credit Card,CRM,Completed
TXN001267,CUST14933,2025-05-19,East,Electronics,58511.81,7,UPI,Partner Portal,Refunded
TXN003657,CUST18971,2026-05-18,South,Electronics,94882.88,8,Net Banking,E-Commerce,ERROR
TXN004383,CUST11842,2026-05-11,South,Sports,1862.91,3,UPI,Partner Portal,Completed
TXN004665,CUST15338,2025-04-16,North,Grocery,52052.96,8,UPI,E-Commerce,Refunded
TXN002135,CUST18472,2026-01-17,West,Electronics,40238.95,5,Credit Card,Partner Portal,Completed
TXN003084,CUST15537,2027-07-01,East,Home & Kitchen,8436.23,1,Debit Card,Mobile App,Completed
TXN003062,CUST13909,2025-11-04,North,Sports,11807.46,7,Net Banking,E-Commerce,Completed
TXN003026,CUST16323,2026-01-10,Central,Grocery,33451.81,7,Net Banking,POS,Refunded
TXN000971,CUST14589,2025-06-02,South,Sports,22697.16,6,Cash,Mobile App,Pending
TXN000014,CUST17669,2026-01-30,Central,Clothing,62851.18,7,Cash,CRM,Completed
TXN000874,CUST12814,2025-01-06,West,Grocery,12869.57,7,Net Banking,Partner Portal,Refunded
TXN000809,CUST19675,2025-10-19,North,Home & Kitchen,6091.32,6,UPI,POS,Completed
TXN003199,CUST14462,2025-12-17,North,Sports,13250.78,2,Debit Card,POS,Completed
TXN000515,CUST19828,2025-07-01,North,Sports,108271.68,8,Cash,CRM,Completed
TXN004542,CUST17257,2026-05-04,South,Electronics,102757.69,7,Debit Card,Mobile App,Pending
TXN000410,CUST13289,2025-05-19,North,Home & Kitchen,2688.69,1,Credit Card,Mobile App,Completed
TXN003521,CUST11992,2026-08-25,Central,Home & Kitchen,27618.58,2,Cash,Mobile App,Completed
TXN004409,CUST16437,2025-03-21,East,Sports,13934.48,2,UPI,Mobile App,Refunded
TXN000208,CUST19915,2026-08-30,East,Sports,7952.67,3,Credit Card,CRM,Completed
TXN004264,CUST15298,2025-12-22,Central,Grocery,11265.39,3,Credit Card,E-Commerce,Pending
TXN000459,CUST16438,2026-09-18,South,Grocery,11577.6,4,Debit Card,POS,Completed
TXN003587,CUST18548,2025-04-24,Central,Home & Kitchen,13330.84,1,Credit Card,E-Commerce,Refunded
TXN002431,CUST17351,2026-05-16,North,Electronics,55576.32,6,UPI,CRM,Completed
TXN003779,CUST16738,2025-02-03,East,Grocery,52266.85,5,UPI,Partner Portal,Cancelled
TXN000111,CUST13847,2026-05-15,East,Home & Kitchen,9300.15,1,Credit Card,Mobile App,Completed
TXN003868,CUST15299,2026-05-31,North,Home & Kitchen,5986.56,1,Debit Card,CRM,Refunded
TXN001108,CUST17028,2025-10-24,South,Sports,36701.75,5,Debit Card,Partner Portal,Pending
TXN001884,CUST18253,2026-02-26,Central,Home & Kitchen,9548.34,6,Cash,POS,Completed
TXN001714,CUST19400,2026-07-08,South,Home & Kitchen,38344.08,3,Net Banking,CRM,Refunded
TXN004087,CUST11062,2025-05-27,East,Beauty,4638.35,1,UPI,Partner Portal,Completed
TXN003760,CUST19202,2025-07-16,South,Electronics,35694.42,6,Net Banking,E-Commerce,Pending
TXN000553,CUST12374,2026-09-21,South,Beauty,35049.55,5,UPI,Mobile App,Refunded
TXN001440,CUST15848,2026-07-10,West,Electronics,13815.25,5,Net Banking,POS,Cancelled
TXN002271,CUST15190,2026-03-02,East,Home & Kitchen,9169.72,2,Credit Card,Mobile App,Refunded
TXN003145,CUST12172,2025-09-01,West,Clothing,7540.24,2,UPI,Mobile App,Refunded
TXN002822,CUST10122,2025-03-27,North,Grocery,42500.92,7,UPI,POS,Cancelled
TXN004855,CUST13083,2026-04-28,South,Clothing,4708.66,2,Credit Card,E-Commerce,Pending
TXN001926,CUST13244,2026-08-31,West,Home & Kitchen,19000.04,2,Debit Card,Mobile App,Cancelled
TXN000635,CUST12687,2025-09-14,North,Electronics,62439.54,6,Credit Card,Mobile App,Cancelled
TXN004879,CUST12905,2025-02-10,East,Grocery,1666.8,8,UPI,Partner Portal,Cancelled
TXN000317,CUST18116,2025-06-22,Central,Sports,68225.52,8,Credit Card,Partner Portal,Completed
TXN004282,CUST12924,2026-01-18,West,Beauty,82718.23,7,Cash,E-Commerce,Completed
TXN004772,CUST15076,2025-06-10,West,Clothing,-55587.7,7,Net Banking,POS,Cancelled
TXN001329,CUST14766,2025-02-01,South,Sports,16763.1,3,Credit Card,CRM,Pending
TXN000428,CUST12763,2025-10-08,Central,Home & Kitchen,45767.12,4,Net Banking,CRM,Pending
TXN004517,CUST12089,2026-04-26,East,Sports,1500.6,4,Debit Card,Mobile App,Cancelled
TXN000106,CUST18904,2025-12-20,West,Grocery,49941.42,6,UPI,E-Commerce,Pending
TXN003042,CUST19821,2026-09-14,South,Electronics,66853.6,5,Cash,POS,Refunded
TXN000143,CUST16930,2025-05-06,North,Clothing,37580.27,7,Cash,POS,Cancelled
TXN002170,CUST18875,2025-10-16,East,Electronics,12135.67,1,Net Banking,Partner Portal,Cancelled
TXN003440,CUST17542,2026-05-28,North,Electronics,18704.64,2,,CRM,Completed
TXN000090,CUST16694,2025-06-27,West,Beauty,4864.68,2,Cash,Mobile App,Cancelled
TXN002919,CUST17436,2025-02-25,West,Beauty,22728.06,6,Debit Card,POS,Cancelled
TXN003238,CUST15094,2026-08-14,North,Home & Kitchen,29274.56,4,UPI,E-Commerce,Refunded
TXN002242,CUST15897,2025-05-15,Central,Sports,2167.96,2,Debit Card,CRM,Pending
TXN003175,CUST16406,2026-01-25,West,Home & Kitchen,9197.4,2,Net Banking,Mobile App,Pending
TXN003525,CUST11817,2025-07-22,Central,Beauty,15566.92,2,Credit Card,POS,Completed
TXN002164,CUST13998,2025-08-29,North,Sports,69677.45,5,Cash,CRM,Refunded
TXN002637,CUST14439,2025-12-30,South,Beauty,4835.15,1,Debit Card,CRM,Completed
TXN001950,CUST18200,2025-12-05,East,Sports,8973.34,2,Cash,E-Commerce,Pending
TXN001769,CUST15149,2025-06-22,East,Grocery,22303.75,7,UPI,E-Commerce,Cancelled
TXN003393,CUST17351,2025-03-26,South,Clothing,6182.98,1,Credit Card,Mobile App,Cancelled
TXN002273,CUST11301,2025-06-21,East,Beauty,41956.89,3,Cash,Mobile App,Completed
TXN000002,CUST11536,2026-08-28,South,Home & Kitchen,4014.92,7,Cash,Partner Portal,Completed
TXN004266,CUST13222,2026-04-02,North,Sports,3045.74,1,Cash,Partner Portal,Completed
TXN003680,CUST17395,2026-09-06,East,Clothing,34210.68,7,Debit Card,POS,Pending
TXN001952,CUST17750,2027-01-29,South,Grocery,-14851.34,1,Credit Card,Mobile App,Refunded
TXN000936,CUST10034,2025-01-17,Central,Grocery,29196.03,3,Credit Card,CRM,Pending
TXN004363,CUST15008,2025-02-03,Central,Grocery,21545.72,2,Debit Card,Partner Portal,Cancelled
TXN002721,CUST17434,2026-03-03,Central,Sports,8279.6,7,Net Banking,E-Commerce,Pending
TXN003602,CUST11950,2026-08-24,East,Electronics,13518.6,3,UPI,CRM,Refunded
TXN001110,CUST19687,2025-04-16,South,Home & Kitchen,8733.51,3,Credit Card,E-Commerce,Refunded
TXN003706,CUST11018,2025-05-16,West,Electronics,52121.56,4,Net Banking,POS,Cancelled
TXN000592,CUST16998,2025-04-19,North,Home & Kitchen,60899.64,6,Debit Card,Partner Portal,Refunded
TXN001696,CUST11749,2025-07-09,South,Home & Kitchen,1441.48,2,Cash,POS,Pending
TXN003564,CUST14015,2026-05-21,West,Clothing,113883.52,8,UPI,Mobile App,Completed
TXN002937,CUST13361,2025-10-31,South,Sports,67708.32,6,Credit Card,Mobile App,Pending
TXN004547,CUST13950,2026-07-17,North,Clothing,89754.64,8,Cash,Partner Portal,Refunded
TXN003524,CUST10742,2026-07-28,South,Clothing,17652.16,4,Credit Card,POS,Completed
TXN001577,CUST19898,2026-07-03,South,Beauty,9969.78,6,UPI,Partner Portal,Pending
TXN004083,CUST13075,2025-09-04,Central,Home & Kitchen,72069.78,6,Debit Card,CRM,Cancelled
TXN000214,CUST12617,2026-09-23,East,Sports,26594.61,7,UPI,E-Commerce,Pending
TXN000779,CUST13003,2025-10-26,Unknown,Sports,15513.22,2,Debit Card,Partner Portal,Cancelled
TXN001416,CUST10516,2025-09-22,North,Sports,28274.2,4,Debit Card,Mobile App,Pending
TXN003881,CUST16573,2026-09-15,East,Electronics,-5852.84,2,UPI,POS,Completed
TXN002044,CUST14557,2025-03-04,East,Home & Kitchen,3109.73,1,Net Banking,CRM,Cancelled
TXN002849,CUST13606,2025-05-17,West,Electronics,87212.0,8,Net Banking,Partner Portal,Completed
TXN004607,CUST13619,2025-11-24,South,Electronics,104937.92,8,Net Banking,POS,Completed
TXN003621,CUST11719,2026-07-29,Central,Clothing,54156.83,7,Debit Card,Partner Portal,Refunded
TXN003936,CUST19827,2025-11-06,Central,Grocery,17951.76,4,UPI,Partner Portal,Cancelled
TXN001568,CUST18819,2026-06-03,South,Grocery,56879.4,5,Cash,CRM,Pending
TXN000166,CUST15544,2026-01-17,Central,Electronics,29362.55,5,UPI,CRM,Cancelled
TXN004787,CUST18663,2026-01-09,Central,Clothing,36994.24,4,Cash,Mobile App,Cancelled
TXN004134,CUST12644,2025-04-05,West,Home & Kitchen,30560.32,7,,POS,Cancelled
TXN004796,CUST13030,2026-08-09,East,Grocery,16924.04,4,Debit Card,Mobile App,Completed
TXN001344,CUST10792,2025-08-26,Central,Sports,37250.35,5,Cash,Partner Portal,Refunded
TXN002014,CUST15316,2025-12-05,Central,Sports,44097.48,7,Net Banking,Mobile App,Refunded
TXN000274,CUST14502,2025-01-13,Central,Clothing,7988.32,1,Credit Card,Partner Portal,Refunded
TXN000072,CUST19838,2025-04-15,North,Sports,63846.85,5,Credit Card,POS,Refunded
TXN004768,,2026-01-09,South,Home & Kitchen,50482.98,6,UPI,POS,Pending
TXN001088,CUST16065,2026-08-05,South,Beauty,4438.4,5,Cash,Mobile App,Refunded
TXN000395,CUST14342,2026-04-28,North,Beauty,107469.36,8,Cash,Mobile App,Pending
TXN000584,CUST18831,2025-09-02,West,Home & Kitchen,65057.7,6,Cash,Mobile App,Pending
TXN001368,CUST17945,2025-01-21,North,Home & Kitchen,15144.68,2,UPI,POS,Completed
TXN000696,CUST11383,2026-06-25,South,Sports,5208.44,1,Debit Card,Mobile App,Refunded
TXN004714,CUST10291,2025-06-14,North,Grocery,40262.55,3,Net Banking,CRM,Completed
TXN002549,CUST15132,2025-11-05,East,Home & Kitchen,5912.28,3,UPI,CRM,Cancelled
TXN001014,CUST16367,2026-09-07,South,Clothing,88338.6,6,Debit Card,POS,Refunded
TXN004972,CUST17135,2026-07-07,East,Beauty,21187.1,5,,Partner Portal,Completed
TXN003004,CUST13468,2025-04-19,East,Sports,38722.04,4,Debit Card,Mobile App,Refunded
TXN004862,CUST13429,2026-03-09,South,Electronics,77823.12,8,Debit Card,CRM,Refunded
TXN001702,CUST16109,2025-07-15,North,Clothing,78074.57,7,Net Banking,CRM,Cancelled
TXN003648,CUST19222,2025-05-26,North,Home & Kitchen,93505.3,7,Debit Card,E-Commerce,Completed
TXN001764,CUST12714,2025-08-15,South,Home & Kitchen,27786.6,4,UPI,CRM,Completed
TXN001876,CUST19857,2026-08-24,Central,Sports,37879.28,4,UPI,CRM,Refunded
TXN001260,CUST12462,2026-05-26,Central,Clothing,21144.39,3,Cash,Partner Portal,Pending
TXN003345,CUST17576,2025-05-07,West,Home & Kitchen,58124.34,6,UPI,Partner Portal,Cancelled
TXN004600,CUST11605,2025-04-08,West,Grocery,10728.61,1,Debit Card,Mobile App,Refunded
TXN002254,CUST19907,2026-02-05,South,Beauty,41217.52,4,Debit Card,Partner Portal,Refunded
TXN002782,CUST15683,2025-04-07,Central,Grocery,38438.28,6,Cash,CRM,Cancelled
TXN003712,CUST18367,2025-11-23,East,Sports,26330.4,5,Net Banking,Mobile App,Pending
TXN000527,CUST12872,2026-09-04,West,Grocery,14191.17,1,Credit Card,E-Commerce,Cancelled
TXN004174,CUST15516,2025-06-16,North,Home & Kitchen,52693.26,6,Debit Card,CRM,Cancelled
TXN002947,CUST12647,2025-02-18,North,Home & Kitchen,49383.7,5,Cash,Partner Portal,Refunded
TXN000378,CUST13585,2025-04-03,North,Sports,3566.09,1,Net Banking,CRM,Cancelled
TXN001560,CUST10654,2026-08-18,East,Beauty,85734.04,7,Net Banking,Mobile App,Completed
TXN001061,CUST15529,2025-06-13,West,Beauty,8264.35,1,Net Banking,POS,Refunded
TXN001964,CUST19938,2026-09-19,North,Beauty,6467.8,5,UPI,CRM,Refunded
TXN004806,CUST16322,2026-06-14,South,Electronics,15749.73,3,UPI,Partner Portal,Cancelled
TXN000349,CUST11686,2026-01-12,Central,Beauty,11703.69,3,Credit Card,E-Commerce,Completed
TXN002435,CUST19881,2025-09-24,South,Electronics,63631.7,5,UPI,E-Commerce,Refunded
TXN002247,CUST13675,2026-02-12,South,Electronics,18410.94,0,Credit Card,E-Commerce,Completed
TXN004230,CUST19512,2025-03-03,East,Electronics,8237.4,2,Debit Card,E-Commerce,Pending
TXN001710,CUST18860,2026-01-18,South,Clothing,65522.16,6,UPI,Mobile App,Pending
TXN001051,CUST10479,2025-04-19,South,Clothing,104307.63,7,Net Banking,POS,Pending
TXN000591,CUST18622,2025-08-25,South,Sports,20460.72,7,Debit Card,Partner Portal,Refunded
TXN000520,CUST15176,2026-01-20,West,Clothing,41390.88,4,Credit Card,E-Commerce,Refunded
TXN003381,CUST11077,2026-05-10,West,Home & Kitchen,68933.62,7,Credit Card,Mobile App,Pending
TXN004563,CUST16257,2025-01-09,South,Sports,17501.85,3,Debit Card,CRM,Refunded
TXN004202,CUST19319,2025-11-23,North,Sports,56011.56,6,UPI,E-Commerce,Refunded
TXN002478,CUST13886,2025-11-24,East,Sports,10602.6,6,Net Banking,E-Commerce,Refunded
TXN001084,CUST12024,2026-01-23,South,Sports,23525.46,2,UPI,Partner Portal,Refunded
TXN003708,CUST10867,2026-04-06,South,Grocery,18474.8,5,Debit Card,Mobile App,Completed
TXN004852,CUST15900,2025-08-01,East,Electronics,70444.65,5,Credit Card,Partner Portal,Cancelled
TXN004579,CUST15892,2026-07-08,South,Clothing,11216.19,3,UPI,Mobile App,Completed
TXN001295,CUST18475,2025-03-14,East,Electronics,3990.34,2,Credit Card,Mobile App,Pending
TXN001810,CUST11513,2026-07-08,South,Electronics,52083.22,7,Credit Card,Mobile App,Pending
TXN000792,CUST11759,2026-01-11,South,Clothing,19953.06,3,Net Banking,Mobile App,Pending
TXN000793,CUST15150,2026-06-11,North,Grocery,24691.64,4,Credit Card,Partner Portal,Pending
TXN004178,CUST12333,2026-05-19,South,Home & Kitchen,29999.0,4,UPI,E-Commerce,Refunded
TXN001856,CUST19323,2025-03-25,North,Beauty,15653.16,6,Credit Card,Mobile App,Pending
TXN004831,CUST18585,2026-06-07,South,Home & Kitchen,14638.5,2,UPI,CRM,Cancelled
TXN001981,CUST15546,2026-07-11,South,Sports,37113.18,6,Net Banking,CRM,Refunded
TXN003234,CUST17872,2026-04-04,East,Grocery,10234.32,2,Net Banking,POS,Completed
TXN004036,CUST17925,2026-07-26,West,Grocery,12530.84,4,Cash,CRM,Cancelled
TXN003498,CUST15753,2025-11-08,Central,Clothing,39141.0,6,Net Banking,E-Commerce,Cancelled
TXN003329,CUST14466,2025-04-17,West,Electronics,29770.86,6,UPI,E-Commerce,Pending
TXN001531,CUST11087,2025-12-24,North,Grocery,5890.6,4,Net Banking,Mobile App,Refunded
TXN001411,CUST12917,2025-02-24,East,Home & Kitchen,74326.84,7,Cash,POS,Refunded
TXN004601,CUST15945,2025-07-03,East,Clothing,23730.03,3,Credit Card,POS,Completed
TXN004720,CUST14046,2026-07-19,West,Sports,30754.08,4,Debit Card,Mobile App,Completed
TXN000084,CUST19067,2025-10-08,East,Beauty,14616.99,1,Debit Card,Mobile App,Completed
TXN000869,CUST10782,2026-06-20,Central,Electronics,31518.76,7,Credit Card,Partner Portal,Completed
TXN002351,CUST16117,2025-05-16,North,Grocery,4382.9,5,Net Banking,POS,Refunded
TXN000021,CUST13682,2026-03-25,North,Clothing,15223.68,8,Credit Card,Partner Portal,Pending
TXN003537,CUST14603,2026-02-02,West,Clothing,2088.2,5,Cash,Mobile App,Refunded
TXN002796,CUST11157,2025-08-06,Central,Sports,37351.0,5,Cash,E-Commerce,Completed
TXN003454,CUST10156,2025-02-01,Central,Electronics,8557.6,1,Net Banking,POS,Refunded
TXN004642,CUST13369,2025-09-14,West,Sports,5212.53,1,Cash,CRM,Completed
TXN001563,CUST10784,2025-09-12,Unknown,Grocery,33727.5,5,UPI,E-Commerce,Pending
TXN003094,CUST14755,2025-07-27,South,Electronics,74553.04,8,Cash,Partner Portal,Completed
TXN003156,CUST18532,2025-05-15,South,Sports,78132.46,7,Net Banking,Partner Portal,Completed
TXN000974,CUST19568,2025-10-02,North,Home & Kitchen,67254.39,7,Debit Card,E-Commerce,Refunded
TXN001711,CUST15693,2026-08-18,East,Home & Kitchen,39511.08,7,Net Banking,Partner Portal,Refunded
TXN003202,CUST19091,2025-09-22,East,Clothing,24779.48,2,Debit Card,CRM,Cancelled
TXN004103,CUST18186,2025-02-20,West,Beauty,59681.96,4,Debit Card,Partner Portal,Completed
TXN004893,CUST19007,2026-01-24,South,Home & Kitchen,8926.48,2,Credit Card,CRM,Completed
TXN001099,CUST13051,2025-04-20,West,Clothing,5310.85,1,Credit Card,CRM,Refunded
TXN004225,CUST12107,2025-02-24,South,Electronics,5471.16,1,UPI,POS,Pending
TXN002845,CUST17874,2025-10-14,East,Sports,20828.31,3,Debit Card,CRM,Refunded
TXN000887,CUST19124,2026-05-21,North,Electronics,-17986.55,5,UPI,POS,Cancelled
TXN000658,CUST10613,2025-06-29,South,Electronics,11351.62,2,Net Banking,Partner Portal,Completed
TXN003800,CUST11840,2026-05-28,West,Beauty,14511.71,1,Credit Card,Mobile App,Pending
TXN004650,CUST14788,2026-02-19,North,Beauty,9608.82,1,UPI,Partner Portal,Cancelled
TXN003684,CUST16173,2026-01-24,North,Sports,22357.56,2,UPI,POS,Refunded
TXN004468,CUST15241,2025-05-27,West,Clothing,59549.35,7,Debit Card,Partner Portal,Cancelled
TXN000516,CUST18836,2026-05-09,North,Beauty,40618.71,3,Net Banking,Partner Portal,Refunded
TXN004692,CUST19855,2026-06-12,South,Electronics,14728.5,2,Credit Card,Partner Portal,Completed
TXN000738,CUST17628,2025-10-15,West,Grocery,5266.59,3,Debit Card,POS,Pending
TXN001454,CUST19584,2026-04-24,South,Sports,2422.92,1,UPI,Partner Portal,Refunded
TXN002007,CUST14410,2025-07-23,North,Electronics,52628.76,6,UPI,E-Commerce,Refunded
TXN004773,CUST12473,2025-11-25,Central,Home & Kitchen,6877.32,1,Credit Card,CRM,Completed
TXN002507,CUST15884,2025-10-04,Central,Sports,74548.2,6,UPI,CRM,Refunded
TXN002995,CUST14548,2026-07-31,South,Clothing,2258.9,7,Net Banking,CRM,Pending
TXN002127,CUST14295,2025-02-21,South,Electronics,71152.5,6,UPI,POS,Invalid
TXN002927,CUST16855,2025-03-25,South,Beauty,28950.63,3,Cash,E-Commerce,Cancelled
TXN004819,CUST15360,2026-04-05,East,Electronics,44206.8,4,Credit Card,POS,Refunded
TXN000907,CUST13155,2025-04-18,East,Grocery,46770.78,6,Credit Card,E-Commerce,Refunded
TXN003769,CUST14603,2025-01-14,West,Sports,53686.44,6,Net Banking,Mobile App,Pending
TXN001031,CUST15712,2026-03-23,Central,Beauty,57959.65,5,Net Banking,POS,Completed
TXN002508,CUST19421,2025-02-07,North,Clothing,5027.85,3,Cash,Partner Portal,Completed
TXN002429,CUST15264,2026-07-24,Central,Clothing,64285.5,6,Debit Card,E-Commerce,Cancelled
TXN000948,CUST15395,2025-03-18,East,Electronics,12133.84,4,Credit Card,CRM,Refunded
TXN003929,CUST13525,2025-11-17,West,Sports,4706.4,4,UPI,Partner Portal,Pending
TXN000763,CUST19400,2025-10-30,South,Sports,107600.48,0,Net Banking,POS,Completed
TXN000716,CUST17176,2026-05-14,South,Home & Kitchen,26579.38,2,Credit Card,E-Commerce,Completed
TXN000285,CUST16228,2026-03-19,North,Sports,30682.35,3,UPI,E-Commerce,Completed
TXN000687,CUST18949,2025-08-31,Central,Clothing,31107.4,5,Credit Card,CRM,Refunded
TXN000704,CUST11507,2025-07-17,North,Sports,453.14,1,Debit Card,Partner Portal,Completed
TXN003342,CUST11669,2026-03-19,East,Grocery,79143.36,8,Cash,E-Commerce,Pending
TXN002354,CUST11051,2025-06-01,South,Home & Kitchen,45817.56,6,UPI,Partner Portal,Completed
TXN002258,CUST18078,2025-04-14,Central,Beauty,8053.63,1,Cash,CRM,Refunded
TXN003668,CUST11217,2026-02-12,West,Grocery,11943.99,1,UPI,Mobile App,Cancelled
TXN000474,CUST12537,2025-12-05,North,Home & Kitchen,85394.96,8,UPI,Partner Portal,Completed
TXN000022,CUST10965,2026-08-26,South,Electronics,828.56,4,Credit Card,POS,Completed
TXN002753,CUST16261,2025-06-11,East,Beauty,8694.54,6,Net Banking,Partner Portal,Pending
TXN000886,CUST13269,2025-03-30,South,Sports,16188.32,8,Net Banking,CRM,Refunded
TXN002449,CUST12072,2026-08-08,Central,Beauty,68028.48,6,Credit Card,Partner Portal,Completed
TXN000918,CUST16479,2025-04-02,East,Sports,41088.6,7,Credit Card,Mobile App,Cancelled
TXN003879,CUST10511,2026-06-16,North,Home & Kitchen,1678.33,1,UPI,POS,Refunded
TXN003873,CUST17231,2025-08-06,East,Grocery,48761.44,8,Net Banking,Partner Portal,Completed
TXN002240,CUST13503,2025-01-02,Central,Clothing,2746.72,1,Cash,E-Commerce,Pending
TXN003968,CUST17684,2025-06-12,North,Beauty,68382.3,5,UPI,POS,Refunded
TXN003396,CUST19551,2026-08-09,West,Sports,33467.34,6,Cash,CRM,Pending
TXN001266,CUST17141,2025-11-06,East,Sports,13411.0,5,Debit Card,E-Commerce,Cancelled
TXN000484,CUST13730,2026-07-26,East,Grocery,17333.88,2,Net Banking,Mobile App,Refunded
TXN004404,CUST12678,2025-01-08,West,Home & Kitchen,15027.0,2,Net Banking,Partner Portal,Refunded
TXN002964,CUST18272,2025-08-02,East,Home & Kitchen,33147.12,6,Debit Card,Mobile App,Completed
TXN001220,CUST15862,2025-11-27,South,Electronics,83190.52,7,Debit Card,POS,Cancelled
TXN000278,CUST10155,2026-07-20,South,Electronics,7488.88,8,Net Banking,Mobile App,Cancelled
TXN000989,CUST17398,2026-05-02,East,Electronics,9999.48,2,Debit Card,CRM,Pending
TXN002085,CUST14795,2026-03-01,North,Grocery,63591.57,7,Net Banking,CRM,Pending
TXN001246,CUST14514,2025-09-02,South,Sports,16057.52,2,Net Banking,Mobile App,Refunded
TXN002383,CUST18715,2025-10-19,South,Electronics,27644.52,3,UPI,Mobile App,Completed
TXN000572,CUST11999,2025-09-14,N/A,Grocery,87086.72,7,Net Banking,E-Commerce,Completed
TXN001436,CUST15490,2026-05-30,Central,Clothing,70421.7,6,Credit Card,E-Commerce,Refunded
TXN000994,CUST17520,2026-08-25,East,Home & Kitchen,30347.52,4,Credit Card,E-Commerce,Refunded
TXN003566,CUST18623,2026-02-25,West,Clothing,45138.92,4,Credit Card,Mobile App,Refunded
TXN003561,CUST11438,2026-06-11,South,Electronics,4351.58,2,Credit Card,Partner Portal,Pending
TXN000586,CUST13311,2025-05-13,North,Grocery,39345.12,3,Debit Card,CRM,Completed
TXN003527,CUST18231,2027-10-03,East,Grocery,34057.5,5,Credit Card,Partner Portal,Cancelled
TXN003780,CUST14481,2026-02-28,Central,Grocery,94422.51,7,Net Banking,POS,Completed
TXN002515,CUST10641,2025-10-04,Central,Home & Kitchen,113390.24,8,Credit Card,E-Commerce,Refunded
TXN001350,CUST14833,2026-04-01,North,Beauty,37447.38,3,Credit Card,Mobile App,Refunded
TXN001008,CUST11583,2025-03-06,South,Beauty,57541.2,4,Debit Card,CRM,Refunded
TXN000675,CUST19408,2025-06-27,West,Electronics,22233.14,2,Cash,Partner Portal,Refunded
TXN002413,CUST11737,2026-09-26,Central,Clothing,32019.84,8,Net Banking,E-Commerce,Completed
TXN002904,CUST12799,2026-03-20,North,Electronics,64555.36,8,Net Banking,Partner Portal,Completed
TXN000448,CUST12141,2026-01-03,West,Grocery,12952.38,1,Credit Card,Mobile App,Refunded
TXN003797,CUST19444,2026-08-08,East,Beauty,64300.02,6,Credit Card,POS,Pending
TXN003880,CUST19158,2025-04-07,North,Grocery,27354.38,2,Credit Card,Partner Portal,Cancelled
TXN003825,CUST17320,2026-09-05,Central,Clothing,22745.88,3,Net Banking,Mobile App,Cancelled
TXN000360,CUST13828,2025-12-01,North,Home & Kitchen,41076.54,6,Debit Card,Partner Portal,Completed
TXN002065,CUST10277,2025-02-03,Central,Clothing,3895.4,4,Net Banking,Mobile App,ERROR
TXN004519,CUST12479,2025-03-24,North,Home & Kitchen,16792.32,2,Cash,CRM,Refunded
TXN003933,CUST13355,2025-12-27,South,Electronics,37977.12,8,Cash,Partner Portal,Refunded
TXN001691,CUST19662,2026-03-01,North,Home & Kitchen,1395.88,2,Debit Card,Partner Portal,Refunded
TXN004393,CUST11618,2025-06-17,West,Grocery,6763.22,2,Cash,POS,Cancelled
TXN001549,CUST17880,2025-03-02,South,Home & Kitchen,15333.64,7,Net Banking,E-Commerce,Refunded
TXN001248,CUST11545,2025-10-22,South,Sports,55174.25,5,Cash,Mobile App,Cancelled
TXN001986,CUST19350,2025-03-16,South,Clothing,3552.06,3,Cash,Mobile App,Refunded
TXN000295,CUST16438,2025-11-30,East,Electronics,29935.29,7,Cash,E-Commerce,Pending
TXN001548,CUST19106,2025-11-04,East,Home & Kitchen,1215.57,1,Cash,Partner Portal,Completed
TXN002013,CUST18631,2025-05-13,Central,Clothing,50744.24,4,Net Banking,E-Commerce,Pending
TXN000589,CUST16815,2025-03-04,East,Beauty,50487.0,6,Credit Card,Partner Portal,Cancelled
TXN003330,CUST17167,2026-02-07,West,Clothing,9264.31,1,Net Banking,E-Commerce,Refunded
TXN002404,CUST16494,2025-03-06,West,Electronics,69232.08,8,Cash,CRM,Refunded
TXN002130,CUST16247,2026-01-14,South,Beauty,60020.3,5,Debit Card,Mobile App,Cancelled
TXN004455,CUST16277,2026-07-19,West,Beauty,65258.83,7,Credit Card,Partner Portal,Refunded
TXN003509,CUST16349,2025-11-18,South,Sports,31291.75,5,Cash,Mobile App,Pending
TXN002411,CUST14140,2025-01-19,East,Sports,12394.02,3,Credit Card,E-Commerce,Completed
TXN002720,CUST16730,2026-09-12,Central,Sports,-19945.31,7,Debit Card,CRM,Refunded
TXN004624,CUST14734,2026-09-22,East,Grocery,-7301.21,1,Cash,E-Commerce,Completed
TXN000426,CUST19330,2025-05-21,West,Home & Kitchen,20823.12,4,UPI,E-Commerce,Completed
TXN002583,CUST19041,2025-05-06,East,Clothing,42837.78,6,Credit Card,E-Commerce,Completed
TXN001055,CUST15135,2025-04-29,West,Sports,11991.12,6,Credit Card,POS,Completed
TXN004095,CUST15688,2025-02-01,East,Sports,29434.74,2,Credit Card,Mobile App,Pending
TXN004632,CUST17055,2026-01-18,West,Sports,31140.36,3,UPI,Partner Portal,Completed
TXN000557,CUST17753,2026-02-11,Central,Electronics,3047.5,2,Credit Card,Mobile App,Completed
TXN004425,CUST12590,2025-11-16,North,Electronics,14092.24,1,Net Banking,Mobile App,Pending
TXN004066,CUST13073,2025-02-20,South,Home & Kitchen,18852.06,2,Cash,Partner Portal,Refunded
TXN004785,CUST19374,2027-07-04,Central,Beauty,40088.79,7,UPI,Partner Portal,Completed
TXN002470,CUST14086,2026-02-24,East,Home & Kitchen,5212.42,1,Cash,CRM,Refunded
TXN004783,CUST10064,2025-01-09,East,Grocery,81800.58,6,Debit Card,Mobile App,Completed
TXN000356,CUST16165,2025-12-10,East,Electronics,11408.04,1,Debit Card,Partner Portal,Pending
TXN001194,CUST19057,2026-04-15,Central,Home & Kitchen,39616.57,7,Cash,Mobile App,Refunded
TXN001717,CUST11744,2026-08-14,South,Beauty,67634.46,6,Net Banking,E-Commerce,Pending
TXN003417,CUST13963,2025-06-17,North,Home & Kitchen,11878.52,4,Debit Card,Partner Portal,Pending
TXN002605,CUST18900,2025-10-29,East,Electronics,27870.42,3,UPI,POS,Refunded
TXN004193,CUST17459,2026-01-11,Central,Clothing,86427.84,6,Debit Card,CRM,Refunded
TXN002829,CUST17700,2025-01-18,North,Beauty,50255.24,4,Credit Card,Mobile App,Completed
TXN001705,CUST12512,2025-01-24,South,Electronics,8343.44,8,Net Banking,Mobile App,Completed
TXN002864,CUST12799,2026-03-29,South,Electronics,44488.2,4,UPI,POS,Cancelled
TXN002619,CUST16764,2026-03-05,Invalid,Home & Kitchen,119251.12,8,Credit Card,Partner Portal,Completed
TXN002401,CUST17344,2026-08-12,South,Clothing,4323.3,2,Cash,Partner Portal,Pending
TXN002140,CUST18722,2026-08-26,North,Grocery,91065.38,7,Cash,POS,Pending
TXN003240,CUST15414,2025-11-04,North,Beauty,12682.82,1,Debit Card,Partner Portal,Cancelled
TXN002384,CUST17316,2025-04-03,South,Grocery,103633.92,8,Cash,Partner Portal,Cancelled
TXN003219,CUST17091,2026-05-07,Central,Beauty,74870.32,7,Net Banking,Partner Portal,Pending
TXN003866,CUST18662,2026-04-06,Central,Sports,11596.08,8,Debit Card,Mobile App,Cancelled
TXN001286,CUST18307,2026-09-13,Central,Clothing,26048.94,3,Debit Card,POS,Cancelled
TXN003919,CUST11881,2025-02-16,West,Sports,4621.11,3,Debit Card,E-Commerce,Completed
TXN003964,CUST19877,2026-09-13,Central,Electronics,4746.81,1,UPI,Mobile App,Pending
TXN004538,CUST19490,2026-01-28,East,Electronics,13862.87,1,Debit Card,Mobile App,Completed
TXN002088,CUST17309,2026-08-20,North,Electronics,29870.98,2,UPI,E-Commerce,Refunded
TXN001890,CUST12582,2026-03-07,South,Electronics,2727.86,2,Debit Card,Mobile App,Completed
TXN003622,CUST19314,2026-02-10,North,Beauty,3448.52,4,Credit Card,Mobile App,Pending
TXN001592,CUST17293,2026-03-28,North,Sports,22977.6,3,Credit Card,Partner Portal,Completed
TXN001347,CUST14727,2026-03-26,East,Sports,53166.8,4,Credit Card,E-Commerce,Cancelled
TXN004850,CUST13119,2025-06-24,East,Home & Kitchen,73062.43,7,UPI,E-Commerce,Cancelled
TXN002163,CUST13103,2025-01-12,East,Grocery,24571.32,2,Credit Card,POS,Completed
TXN002397,CUST14365,2025-01-07,South,Electronics,25717.76,2,Cash,E-Commerce,Refunded
TXN003765,CUST12515,2025-03-01,East,Beauty,54890.8,8,Net Banking,E-Commerce,Pending
TXN002272,CUST10297,2025-08-14,North,Sports,27739.84,8,Credit Card,Mobile App,Cancelled
TXN004560,CUST15075,2025-03-14,North,Beauty,46953.52,4,Debit Card,Partner Portal,Refunded
TXN003112,CUST10686,2025-05-02,North,Grocery,5828.18,1,Debit Card,CRM,Pending
TXN001138,CUST10154,2026-09-07,North,Sports,11906.77,1,UPI,CRM,Pending
TXN004023,CUST15773,2026-09-02,Central,Beauty,31592.28,6,Debit Card,POS,Cancelled
TXN000973,CUST16126,2026-05-26,Central,Beauty,22136.64,8,Net Banking,Mobile App,Refunded
TXN000796,CUST17794,2026-03-15,East,Home & Kitchen,51463.72,4,Credit Card,Mobile App,Completed
TXN003021,CUST17844,2026-01-25,Central,Beauty,7957.88,4,UPI,CRM,Refunded
TXN001712,CUST14149,2026-01-04,South,Clothing,9716.28,7,UPI,Mobile App,Refunded
TXN003388,CUST12330,2025-07-12,Central,Grocery,104318.9,7,Net Banking,CRM,Refunded
TXN000037,CUST11698,2026-07-22,South,Clothing,69915.8,5,Credit Card,CRM,Pending
TXN000454,CUST10292,2025-05-02,North,Grocery,89632.48,8,Net Banking,CRM,Completed
TXN000914,CUST12341,2025-10-29,South,Sports,4134.96,8,Net Banking,CRM,Cancelled
TXN004152,CUST16318,2025-07-11,West,Beauty,7569.34,2,UPI,Partner Portal,Completed
TXN001200,CUST16135,2025-02-03,Central,Beauty,491.08,1,Cash,POS,Cancelled
TXN001275,CUST10106,2025-06-08,West,Sports,47303.85,5,Debit Card,CRM,Completed
TXN002376,CUST16097,2025-04-07,East,Sports,35260.35,3,Credit Card,POS,Pending
TXN000038,CUST15618,2025-10-06,South,Beauty,45559.8,5,UPI,Partner Portal,Refunded
TXN000975,CUST16964,2025-08-29,West,Sports,23499.35,7,Debit Card,POS,Cancelled
TXN003196,CUST14848,2026-05-03,East,Sports,27181.53,3,UPI,Partner Portal,Pending
TXN000984,CUST17560,2026-06-13,East,Electronics,86923.2,8,UPI,E-Commerce,Refunded
TXN004032,CUST12508,2025-05-07,West,Home & Kitchen,41033.61,3,Net Banking,Mobile App,Cancelled
TXN004145,CUST19271,2026-01-18,North,Beauty,66217.44,8,UPI,E-Commerce,Cancelled
TXN001419,CUST13051,2025-11-10,North,Grocery,21167.79,3,Cash,Mobile App,Refunded
TXN003333,CUST15856,2025-02-13,East,Beauty,44155.86,3,Debit Card,Partner Portal,Pending
TXN001561,CUST10421,2026-02-13,South,Sports,70483.84,7,Debit Card,CRM,Cancelled
TXN000040,CUST19039,2025-09-26,West,Sports,33433.02,3,Credit Card,CRM,Completed
TXN001487,CUST11908,2025-11-23,West,Electronics,6053.48,2,Net Banking,E-Commerce,Completed
TXN004010,CUST10422,2026-04-20,North,Home & Kitchen,55493.72,4,Cash,POS,Pending
TXN000170,CUST13510,2025-01-19,East,Grocery,28212.6,6,Debit Card,E-Commerce,Pending
TXN001356,CUST13417,2025-03-10,South,Electronics,67282.24,8,Net Banking,POS,Refunded
TXN002786,CUST16630,2026-03-22,Central,Home & Kitchen,63647.1,5,Net Banking,POS,Refunded
TXN003754,CUST19844,2026-04-30,Central,Grocery,6223.44,2,Debit Card,Mobile App,Refunded
TXN004822,CUST17744,2026-05-31,South,Electronics,56827.35,5,Cash,CRM,Pending
TXN003613,CUST18983,2025-07-12,South,Electronics,118741.12,8,UPI,POS,Refunded
TXN000988,CUST13346,2026-08-05,West,Electronics,102931.92,7,Cash,Mobile App,Pending
TXN002683,CUST11971,2026-02-19,Central,Home & Kitchen,84340.48,8,Debit Card,E-Commerce,Refunded
TXN004777,CUST14260,2026-09-01,East,Grocery,96602.88,8,Net Banking,CRM,Pending
TXN004125,CUST17528,2025-02-02,South,Electronics,40526.94,3,,POS,Completed
TXN001641,CUST14592,2026-01-09,Central,Electronics,14805.7,5,Net Banking,POS,Pending
TXN001291,CUST14688,2025-07-20,South,Home & Kitchen,37087.15,5,Debit Card,Mobile App,Pending
TXN001381,CUST10224,2025-03-21,South,Sports,13975.57,7,Credit Card,E-Commerce,Pending
TXN001934,CUST16673,2025-12-18,South,Home & Kitchen,8839.7,1,Debit Card,E-Commerce,Pending
TXN000580,CUST10647,2026-01-02,West,Beauty,11506.11,3,Net Banking,Partner Portal,Cancelled
TXN004285,CUST11887,2026-04-14,East,Home & Kitchen,71017.86,6,Debit Card,POS,Pending
TXN003161,CUST15138,2025-03-15,North,Home & Kitchen,13083.08,1,Debit Card,POS,Refunded
TXN002031,CUST11982,2026-07-17,West,Home & Kitchen,32407.53,3,Credit Card,Mobile App,Pending
TXN000893,CUST15483,2025-04-12,South,Electronics,29225.07,3,Debit Card,Mobile App,Refunded
TXN004619,CUST16439,2025-02-18,East,Clothing,29117.16,4,Debit Card,Partner Portal,Cancelled
TXN000781,CUST16112,2025-01-14,West,Grocery,23462.22,3,UPI,E-Commerce,Completed
TXN000160,CUST19237,2025-07-01,Central,Grocery,56103.2,8,Cash,Partner Portal,Cancelled
TXN000003,CUST18929,2026-07-29,West,Home & Kitchen,43074.76,4,Net Banking,Partner Portal,Cancelled
TXN002264,CUST19246,2026-01-05,West,Clothing,26420.52,4,Net Banking,Mobile App,Refunded
TXN003217,CUST11247,2026-06-05,North,Electronics,17533.8,3,Debit Card,POS,Refunded
TXN002110,CUST13352,2026-09-07,West,Electronics,44936.49,3,Debit Card,E-Commerce,Refunded
TXN000850,CUST14265,2025-05-16,South,Sports,8749.25,1,Net Banking,POS,Refunded
TXN002738,CUST13219,2025-02-23,South,Electronics,59230.88,8,Net Banking,POS,Completed
TXN002467,CUST17985,2026-01-31,Central,Home & Kitchen,25670.33,7,UPI,POS,Completed
TXN003818,CUST16595,2026-04-16,Central,Home & Kitchen,12414.04,2,Credit Card,CRM,Completed
TXN003772,CUST14887,2025-07-22,South,Electronics,11283.28,4,Net Banking,POS,Refunded
TXN001597,CUST13293,2026-06-24,East,Clothing,79647.12,7,Debit Card,Mobile App,Pending
TXN001777,CUST17705,2025-02-23,West,Home & Kitchen,13184.46,3,Debit Card,CRM,Pending
TXN001914,CUST13076,2026-06-13,Central,Beauty,22934.04,4,Credit Card,Mobile App,Cancelled
TXN001044,CUST15919,2025-12-18,West,Grocery,73626.12,6,Cash,CRM,Cancelled
TXN004786,CUST14884,2026-09-14,West,Beauty,13284.7,2,Debit Card,Mobile App,Refunded
TXN001545,CUST18698,2026-06-30,South,Clothing,48827.46,6,Debit Card,CRM,Pending
TXN002737,CUST17900,2025-08-19,Central,Clothing,19768.12,2,Net Banking,CRM,Completed
TXN003828,CUST16083,2025-12-20,West,Home & Kitchen,42900.45,3,Debit Card,CRM,Completed
TXN004689,CUST18357,2025-09-25,North,Electronics,5463.84,8,Credit Card,POS,Completed
TXN000054,CUST13849,2026-06-12,East,Home & Kitchen,-8948.82,6,Debit Card,E-Commerce,Completed
TXN001797,CUST13609,2026-09-24,North,Electronics,29461.74,7,UPI,CRM,Pending
TXN003589,CUST17360,2026-04-29,North,Sports,594.27,3,UPI,E-Commerce,Refunded
TXN001912,CUST10770,2025-03-08,North,Grocery,4090.38,1,UPI,Partner Portal,Completed
TXN002307,CUST18038,2025-08-09,West,Home & Kitchen,5116.22,2,Credit Card,Partner Portal,Pending
TXN002554,CUST18237,2026-08-24,South,Beauty,37783.0,5,Credit Card,Partner Portal,Cancelled
TXN002801,CUST18295,2025-03-19,North,Grocery,93183.09,7,Net Banking,POS,Refunded
TXN000937,CUST18817,2026-02-28,North,Beauty,91685.84,8,Credit Card,Partner Portal,Completed
TXN004191,CUST15919,2025-05-13,North,Electronics,1492.96,2,Credit Card,POS,Refunded
TXN000825,CUST14552,2025-10-07,Central,Home & Kitchen,1602.63,3,Credit Card,Mobile App,Completed
TXN004807,CUST11984,2025-03-22,Invalid,Grocery,38626.74,6,Net Banking,POS,Pending
TXN003179,CUST19264,2025-11-17,West,Sports,56880.95,7,Cash,Mobile App,Completed
TXN003402,CUST19620,2025-11-14,West,Beauty,84791.76,6,Debit Card,CRM,Refunded
TXN001390,CUST13547,2025-03-21,East,Home & Kitchen,4903.05,3,UPI,Partner Portal,Completed
TXN003565,CUST11177,2026-09-13,Central,Sports,5952.09,3,Debit Card,E-Commerce,Completed
TXN004951,CUST16102,2026-09-25,North,Sports,27003.84,4,Debit Card,CRM,Refunded
TXN000885,CUST15903,2026-02-04,West,Home & Kitchen,87590.3,7,Cash,E-Commerce,Cancelled
TXN003928,CUST18202,2025-11-03,West,Electronics,63785.16,6,Debit Card,CRM,Refunded
TXN003647,CUST18513,2025-09-27,South,Beauty,4388.65,7,Debit Card,Mobile App,Refunded
TXN001608,CUST13654,2025-02-12,North,Beauty,16163.44,8,Credit Card,CRM,Pending
TXN001595,CUST15992,2025-04-30,South,Home & Kitchen,10282.64,2,Net Banking,E-Commerce,Refunded
TXN000772,CUST19305,2026-03-01,South,Home & Kitchen,25144.89,3,Debit Card,Mobile App,Cancelled
TXN002612,CUST17099,2025-06-13,South,Sports,58797.7,5,Credit Card,Partner Portal,Pending
TXN003980,CUST10534,2026-03-28,West,Sports,25601.4,6,Credit Card,POS,Pending
TXN002274,CUST13427,2026-07-25,East,Beauty,24216.0,5,UPI,E-Commerce,Refunded
TXN001869,CUST18677,2025-01-15,North,Sports,94454.88,8,Net Banking,POS,Cancelled
TXN001086,CUST16383,2025-06-24,South,Clothing,85218.0,6,Cash,Partner Portal,Refunded
TXN000011,CUST12288,2026-02-10,South,Beauty,17830.32,8,Cash,Partner Portal,Cancelled
TXN004675,CUST18202,2025-08-18,West,Electronics,42543.63,3,Net Banking,Partner Portal,Completed
TXN001326,CUST11270,2026-09-07,Central,Grocery,21243.88,4,Credit Card,Partner Portal,Completed
TXN003391,CUST18357,2026-08-09,West,Clothing,8301.0,1,UPI,Partner Portal,Completed
TXN001464,CUST13921,2025-06-15,South,Grocery,44792.48,8,Debit Card,POS,Pending
TXN000807,CUST18038,2026-05-15,Central,Beauty,17151.88,2,Cash,Partner Portal,Refunded
TXN003857,CUST11071,2025-10-02,West,Beauty,36064.0,4,Net Banking,CRM,Completed
TXN004106,CUST18043,2025-11-10,West,Home & Kitchen,3638.25,7,UPI,Partner Portal,Cancelled
TXN003894,CUST19547,2026-07-23,West,Beauty,25405.4,2,Credit Card,Partner Portal,Refunded
TXN002109,CUST11211,2025-01-23,South,Electronics,2857.62,2,Cash,E-Commerce,Cancelled
TXN004417,CUST15286,2026-03-27,South,Beauty,79128.56,8,Debit Card,CRM,Cancelled
TXN003035,CUST18679,2025-07-28,South,Electronics,39123.92,4,UPI,Mobile App,Pending
TXN002235,CUST18244,2026-03-21,West,Home & Kitchen,23229.52,2,Cash,POS,Cancelled
TXN003212,CUST19057,2025-06-22,East,Home & Kitchen,57178.05,5,Credit Card,E-Commerce,Cancelled
TXN000964,CUST10111,2026-01-20,East,Electronics,24258.64,4,Credit Card,POS,Completed
TXN003416,CUST10533,2025-06-26,West,Sports,29832.78,3,Debit Card,POS,Pending
TXN003889,CUST12152,2025-03-11,North,Beauty,40758.66,3,Debit Card,CRM,Refunded
TXN000399,CUST10569,2026-05-03,Central,Sports,6382.15,5,Cash,Partner Portal,Pending
TXN002633,CUST14491,2025-05-12,West,Clothing,89873.49,7,Debit Card,Partner Portal,Refunded
TXN004925,CUST19880,2026-09-16,West,Electronics,30434.24,8,Credit Card,Mobile App,Cancelled
TXN002997,CUST12283,2025-03-26,Central,Grocery,57819.24,6,Debit Card,CRM,Cancelled
TXN000705,CUST12129,2025-05-03,West,Beauty,25721.94,2,Cash,E-Commerce,Completed
TXN000432,CUST14886,2025-06-21,East,Grocery,24750.54,2,Cash,Partner Portal,Cancelled
TXN004739,CUST16514,2025-09-17,West,Electronics,8519.43,1,Credit Card,Partner Portal,Completed
TXN000293,CUST19739,2025-12-04,South,Clothing,40700.56,8,UPI,Partner Portal,Pending
TXN004941,CUST10036,2025-12-04,Central,Clothing,57158.44,4,UPI,Partner Portal,Refunded
TXN000146,CUST14478,2026-09-16,East,Clothing,2657.0,5,UPI,CRM,Pending
TXN004210,CUST16014,2026-02-17,West,Sports,20704.86,2,Credit Card,POS,Completed
TXN002034,CUST19588,2025-04-14,North,Beauty,84077.7,7,UPI,E-Commerce,Pending
TXN003742,CUST13933,2025-12-17,West,Home & Kitchen,80751.66,6,Cash,CRM,Refunded
TXN004271,CUST14773,2025-06-30,West,Home & Kitchen,23693.28,4,Net Banking,E-Commerce,Refunded
TXN001166,CUST15155,2026-08-01,North,Clothing,6245.12,8,Credit Card,POS,Cancelled
TXN003501,CUST10302,2026-05-04,South,Electronics,95516.56,8,Net Banking,Mobile App,Refunded
TXN002051,CUST16269,2026-09-13,West,Electronics,3654.84,2,Debit Card,E-Commerce,Completed
TXN002625,CUST14024,2025-08-02,South,Home & Kitchen,45401.16,4,UPI,E-Commerce,Refunded
TXN004445,CUST11849,2026-06-08,South,Electronics,38476.76,4,Cash,Mobile App,Completed
TXN000340,CUST19313,2026-01-05,West,Clothing,12399.24,6,Cash,E-Commerce,Refunded
TXN004006,CUST10887,2025-12-17,North,Beauty,19222.65,3,UPI,E-Commerce,Pending
TXN003794,CUST15910,2026-09-12,North,Sports,12310.34,2,Credit Card,CRM,Pending
TXN002974,CUST14035,2026-01-17,East,Beauty,21195.02,0,Credit Card,POS,Pending
TXN000266,CUST15887,2026-01-25,East,Clothing,64411.12,8,UPI,Partner Portal,Refunded
TXN002425,CUST13798,2025-12-01,Central,Home & Kitchen,4608.57,3,UPI,CRM,Refunded
TXN001263,CUST14642,2025-09-15,Central,Beauty,15954.75,3,Cash,E-Commerce,Completed
TXN001772,CUST14177,2026-04-02,East,Home & Kitchen,10030.79,7,UPI,POS,Cancelled
TXN003512,CUST17670,2025-10-21,West,Electronics,5646.98,1,Debit Card,POS,Completed
TXN000272,CUST13792,2025-01-07,North,Beauty,15040.34,7,Debit Card,CRM,Pending
TXN000697,CUST12741,2026-01-28,South,Sports,39775.76,4,UPI,CRM,Cancelled
TXN000748,CUST11819,2025-02-26,West,Clothing,79985.22,6,Net Banking,Partner Portal,Completed
TXN000245,CUST19925,2026-05-05,East,Grocery,20637.54,3,Cash,Mobile App,Pending
TXN000318,CUST10682,2025-10-02,West,Sports,49058.7,6,Debit Card,Mobile App,Completed
TXN000477,CUST15438,2025-12-24,East,Clothing,53050.44,4,UPI,E-Commerce,Refunded
TXN002033,CUST19448,2025-11-30,Central,Sports,8012.7,3,Debit Card,Mobile App,Pending
TXN000958,CUST18867,2026-06-10,South,Home & Kitchen,28420.2,6,Net Banking,POS,Cancelled
TXN003940,CUST12743,2025-08-04,South,Home & Kitchen,7404.48,4,Cash,POS,Cancelled
TXN000814,CUST11640,2025-11-27,South,Clothing,24288.14,2,Net Banking,Partner Portal,Cancelled
TXN004523,CUST18309,2026-02-06,North,Beauty,36272.0,5,Debit Card,E-Commerce,Refunded
TXN001915,CUST12319,2025-09-06,West,Sports,30383.1,3,UPI,E-Commerce,Cancelled
TXN004673,CUST16652,2026-03-19,East,Clothing,46493.16,7,Credit Card,POS,Pending
TXN003488,CUST16402,2026-07-05,North,Grocery,2680.6,4,Debit Card,Partner Portal,Completed
TXN001298,CUST11817,2026-09-26,Central,Grocery,8234.53,1,UPI,CRM,Completed
TXN004129,CUST11106,2025-09-30,North,Clothing,2001.22,2,Debit Card,Mobile App,Refunded
TXN001805,CUST15427,2026-02-27,East,Electronics,44432.08,7,Debit Card,E-Commerce,Refunded
TXN000759,CUST12515,2025-07-06,South,Home & Kitchen,37818.12,3,Credit Card,CRM,Cancelled
TXN000251,CUST12219,2025-02-02,West,Clothing,30960.6,5,Net Banking,Mobile App,Refunded
TXN002462,CUST12016,2026-07-02,North,Clothing,25696.44,2,UPI,CRM,Pending
TXN000546,CUST19362,2026-02-15,South,Sports,34079.3,5,Debit Card,CRM,Cancelled
TXN003242,CUST16672,2026-06-14,Central,Electronics,43186.3,5,Net Banking,E-Commerce,Cancelled
TXN000739,CUST12785,2025-10-30,Central,Sports,35592.75,3,Debit Card,CRM,Refunded
TXN000311,CUST15132,2025-11-01,North,Home & Kitchen,20228.88,2,UPI,CRM,Pending
TXN003903,CUST12936,2026-04-11,East,Home & Kitchen,108998.0,8,Cash,POS,Refunded
TXN002942,CUST14459,2026-02-15,Central,Electronics,34234.12,4,Credit Card,E-Commerce,Pending
TXN001132,CUST13342,2026-03-29,Central,Beauty,19726.08,4,Net Banking,E-Commerce,Refunded
TXN001450,CUST15387,2026-08-26,Central,Grocery,66906.77,0,Net Banking,Partner Portal,Completed
TXN004994,CUST17419,2025-09-18,Central,Electronics,111087.84,8,UPI,E-Commerce,Cancelled
TXN000016,CUST12928,2025-01-04,Central,Electronics,72905.65,5,UPI,Partner Portal,Pending
TXN003233,CUST11345,2025-03-29,North,Electronics,46781.3,5,Debit Card,Partner Portal,Cancelled
TXN002770,CUST19967,2025-05-27,East,Clothing,12691.86,6,Debit Card,E-Commerce,Refunded
TXN003469,CUST13474,2026-08-25,Central,Home & Kitchen,4229.93,1,UPI,E-Commerce,Refunded
TXN000921,CUST14505,2026-06-29,South,Home & Kitchen,43318.23,3,Cash,Mobile App,Completed
TXN003030,CUST18065,2025-05-10,South,Sports,105197.28,8,Debit Card,POS,Completed
TXN001373,CUST16658,2025-10-26,Central,Clothing,10406.41,7,Net Banking,POS,Pending
TXN003588,CUST14762,2025-08-24,Central,Clothing,103079.83,7,Debit Card,E-Commerce,Completed
TXN002545,CUST18346,2026-02-08,West,Grocery,118434.4,8,Net Banking,POS,Refunded
TXN003599,CUST16406,2025-01-20,N/A,Sports,11087.23,7,Net Banking,CRM,Completed
TXN000039,CUST16940,2025-09-15,East,Electronics,1475.25,1,Credit Card,POS,Pending
TXN000364,CUST16626,2025-09-24,West,Sports,1689.36,3,Cash,E-Commerce,Completed
TXN004164,CUST17118,2026-08-31,South,Sports,21997.2,3,Cash,POS,Pending
TXN000183,CUST10270,2025-04-24,Central,Sports,71931.28,8,Debit Card,E-Commerce,Cancelled
TXN003034,CUST18516,2025-05-21,East,Beauty,10989.84,6,Credit Card,Mobile App,Completed
TXN002984,CUST10011,2025-01-22,West,Sports,14399.65,5,Net Banking,Partner Portal,Completed
TXN001195,CUST11626,2025-10-19,North,Electronics,66837.4,7,Credit Card,CRM,Refunded
TXN002853,CUST18924,2026-08-31,Central,Sports,29667.22,2,Credit Card,Mobile App,Pending
TXN003888,CUST14177,2026-01-30,Central,Electronics,32320.77,3,Net Banking,Mobile App,Completed
TXN001122,CUST18582,2026-03-23,Central,Electronics,14588.06,2,Debit Card,Partner Portal,Cancelled
TXN002236,CUST15128,2026-07-18,Central,Beauty,21963.84,2,Net Banking,Mobile App,Pending
TXN002668,CUST11275,2025-11-12,West,Home & Kitchen,57976.4,5,Debit Card,POS,Cancelled
TXN003821,CUST10576,2025-06-18,Central,Sports,7530.79,1,Debit Card,POS,Cancelled
TXN003224,CUST18632,2025-08-02,West,Grocery,45014.48,8,Cash,POS,Completed
TXN001183,CUST15923,2026-09-08,West,Grocery,7208.32,7,Debit Card,CRM,Pending
TXN004248,CUST12377,2025-04-20,East,Electronics,8310.28,4,Debit Card,E-Commerce,Pending
TXN004360,CUST17732,2025-02-28,North,Sports,27961.59,3,Credit Card,E-Commerce,Refunded
TXN000615,CUST16333,2025-01-20,South,Grocery,65122.1,5,Cash,CRM,Cancelled
TXN004983,CUST16293,2025-06-24,East,Home & Kitchen,23820.06,2,UPI,CRM,Completed
TXN001467,CUST10530,2026-04-19,West,Sports,405.12,2,Net Banking,Mobile App,Completed
TXN000402,CUST14526,2026-02-02,Central,Grocery,58279.27,7,Credit Card,Partner Portal,Refunded
TXN003043,CUST13077,2025-10-14,South,Clothing,1794.5,1,Cash,POS,Completed
TXN000935,CUST15270,2026-04-09,East,Home & Kitchen,18821.65,5,Net Banking,Partner Portal,Cancelled
TXN002420,CUST15619,2026-02-07,West,Sports,33491.68,8,Net Banking,POS,Pending
TXN004128,CUST16550,2025-01-05,Central,Clothing,29611.44,6,Debit Card,Partner Portal,Cancelled
TXN004703,CUST14968,2025-10-20,South,Sports,76533.18,6,Cash,Mobile App,Cancelled
TXN002642,CUST13842,2026-08-12,South,Sports,-57713.88,4,Cash,Partner Portal,Refunded
TXN004712,CUST12852,2026-03-01,West,Clothing,5341.28,4,Debit Card,POS,Completed
TXN000727,CUST16751,2025-05-27,South,Home & Kitchen,39469.95,5,Cash,CRM,Pending
TXN000827,CUST18197,2025-05-24,North,Sports,7071.16,4,Cash,Partner Portal,Cancelled
TXN001522,CUST15896,2025-08-04,West,Clothing,24033.78,2,Cash,CRM,Refunded
TXN004818,CUST17780,2026-02-28,West,Clothing,14021.18,1,UPI,Partner Portal,Cancelled
TXN002931,CUST18194,2025-04-09,North,Electronics,77523.72,6,Net Banking,Partner Portal,Pending
TXN000137,CUST11769,2026-05-06,West,Beauty,45160.36,7,Net Banking,CRM,Completed
TXN003591,CUST15362,2025-12-01,East,Clothing,4878.9,2,Credit Card,CRM,Completed
TXN000629,CUST19961,2026-03-14,West,Beauty,81659.2,7,UPI,Mobile App,Completed
TXN000335,CUST13491,2026-09-17,South,Grocery,19972.44,3,Cash,Mobile App,Pending
TXN000391,CUST13113,2025-04-14,West,Beauty,18976.2,6,Cash,Partner Portal,Cancelled
TXN004454,CUST15587,2026-08-07,West,Beauty,14631.09,1,Credit Card,E-Commerce,Cancelled
TXN004950,CUST19075,2025-04-25,South,Home & Kitchen,85783.53,7,Net Banking,CRM,Completed
TXN003956,CUST18068,2026-02-14,West,Grocery,51778.24,8,UPI,Partner Portal,Pending
TXN001818,CUST12067,2025-06-01,South,Beauty,29947.12,2,Credit Card,POS,Cancelled
TXN000401,CUST12423,2025-03-22,Central,Clothing,21760.2,7,UPI,CRM,Completed
TXN000711,CUST14366,2025-01-01,South,Beauty,10002.63,1,UPI,Mobile App,Completed
TXN001040,CUST11790,2025-09-23,South,Electronics,46668.16,7,UPI,CRM,Refunded
TXN000778,CUST14468,2025-05-19,East,Grocery,15199.8,6,UPI,CRM,Cancelled
TXN003360,CUST14096,2026-07-17,East,Home & Kitchen,47131.21,7,Net Banking,Mobile App,Pending
TXN000047,CUST14280,2025-01-29,South,Sports,26335.74,2,UPI,CRM,Completed
TXN001562,CUST10465,2025-04-12,West,Clothing,69089.9,5,UPI,POS,Cancelled
TXN004873,CUST17866,2025-02-03,Central,Sports,9827.72,2,Net Banking,CRM,Refunded
TXN003643,CUST19134,2026-01-31,East,Home & Kitchen,21604.6,5,Credit Card,POS,Cancelled
TXN003727,CUST17371,2026-02-25,West,Beauty,58873.8,4,Credit Card,POS,Completed
TXN004917,CUST13676,2026-03-09,Central,Sports,30324.7,5,UPI,CRM,Cancelled
TXN001113,CUST14986,2025-03-04,North,Clothing,67855.97,7,UPI,POS,Cancelled
TXN002514,CUST15342,2026-09-15,South,Clothing,37562.19,3,Cash,POS,Refunded
TXN003609,CUST15878,2025-09-01,Central,Sports,3895.43,1,Credit Card,Partner Portal,Refunded
TXN001224,CUST13247,2026-03-22,South,Electronics,73317.48,6,Net Banking,Mobile App,Completed
TXN004931,CUST16980,2025-07-30,North,Electronics,13174.5,3,Cash,POS,Cancelled
TXN003024,CUST13015,2025-06-17,West,Grocery,41681.5,7,Debit Card,POS,Completed
TXN002422,CUST16971,2026-05-05,South,Home & Kitchen,14399.55,3,Debit Card,CRM,Completed
TXN001509,CUST17164,2026-06-09,North,Sports,2048.4,6,UPI,Partner Portal,Refunded
TXN001751,CUST13086,2025-09-28,Central,Home & Kitchen,70548.1,7,UPI,E-Commerce,Cancelled
TXN004911,CUST10486,2026-06-19,South,Clothing,13761.3,2,Net Banking,Partner Portal,Refunded
TXN004476,CUST17044,2025-09-13,North,Beauty,68775.7,7,Debit Card,CRM,Pending
TXN001800,CUST18086,2026-04-25,North,Electronics,41639.52,3,Net Banking,POS,Cancelled
TXN000339,CUST13950,2025-09-03,West,Beauty,46797.6,8,Cash,CRM,Completed
TXN000216,CUST10798,2025-09-04,North,Clothing,35167.32,4,Net Banking,Partner Portal,Refunded
TXN003664,CUST11416,2026-04-15,South,Sports,14910.71,1,Cash,Partner Portal,Refunded
TXN001342,CUST19660,2026-05-04,Central,Electronics,33084.9,3,Debit Card,CRM,Cancelled
TXN000012,CUST16544,2026-08-22,East,Home & Kitchen,94342.92,7,Debit Card,Partner Portal,Refunded
TXN001521,CUST18014,2025-06-16,Central,Clothing,7573.36,4,UPI,Mobile App,Pending
TXN003641,CUST10234,2025-06-01,West,Clothing,81498.48,8,Credit Card,Mobile App,Refunded
TXN004105,CUST11648,2025-05-18,North,Sports,53530.05,7,UPI,Mobile App,Refunded
TXN003898,CUST19041,2025-04-15,South,Clothing,3341.5,5,Net Banking,Partner Portal,Cancelled
TXN003005,CUST10356,2025-03-28,South,Beauty,130.72,1,Cash,POS,Invalid
TXN002865,CUST10537,2025-02-13,East,Home & Kitchen,39934.08,6,Credit Card,Partner Portal,Refunded
TXN003116,CUST15930,2026-01-25,East,Clothing,94847.12,8,UPI,E-Commerce,Cancelled
TXN004914,CUST12827,2026-03-08,East,Beauty,15830.25,5,Credit Card,CRM,Cancelled
TXN002323,CUST14787,2025-12-05,South,Clothing,65662.1,5,UPI,CRM,Cancelled
TXN002572,CUST11992,2025-07-10,West,Sports,43671.42,3,Credit Card,Mobile App,Refunded
TXN002914,CUST14195,2025-03-19,Central,Clothing,22793.3,2,Debit Card,E-Commerce,Completed
TXN000102,CUST11925,2025-08-19,South,Grocery,13951.14,2,UPI,Partner Portal,Cancelled
TXN003550,CUST12514,2025-12-04,West,Beauty,50201.36,4,Net Banking,Partner Portal,Refunded
TXN001459,CUST17601,2025-08-19,East,Grocery,52311.07,7,Debit Card,E-Commerce,Refunded
TXN000172,CUST12528,2026-09-25,South,Home & Kitchen,26996.91,3,Cash,E-Commerce,Refunded
TXN000108,CUST12069,2025-06-05,Central,Sports,115807.04,8,,CRM,Refunded
TXN004261,CUST18474,2025-10-09,East,Electronics,22313.88,2,Debit Card,Mobile App,Cancelled
TXN003570,CUST15625,2026-08-09,South,Sports,39651.92,4,Debit Card,Mobile App,Refunded
TXN004097,CUST14850,2025-11-04,East,Home & Kitchen,5847.04,1,UPI,Partner Portal,Pending
TXN004085,CUST11774,2026-03-29,Central,Home & Kitchen,14531.75,5,Credit Card,E-Commerce,Cancelled
TXN004362,CUST13117,2025-06-02,Central,Home & Kitchen,66990.65,5,Debit Card,Partner Portal,Cancelled
TXN000025,CUST10888,2026-02-25,North,Electronics,103769.36,8,Net Banking,POS,Completed
TXN003987,CUST12237,2026-03-19,West,Home & Kitchen,3789.84,1,Cash,Partner Portal,Refunded
TXN004502,CUST17670,2026-02-05,North,Beauty,10556.28,2,UPI,POS,Refunded
TXN000939,CUST13162,2025-05-08,West,Electronics,44961.28,8,Debit Card,CRM,Cancelled
TXN000061,CUST13506,2025-08-25,North,Grocery,73078.95,7,Net Banking,POS,Refunded
TXN001241,CUST18699,2025-10-01,West,Clothing,7195.98,1,UPI,CRM,Completed
TXN004709,CUST17764,2025-10-13,Central,Sports,30487.2,3,UPI,Partner Portal,Completed
TXN001041,CUST10487,2025-05-08,Central,Home & Kitchen,5287.55,5,Net Banking,Mobile App,Completed
TXN004251,CUST11302,2025-06-17,North,Electronics,24835.65,7,UPI,CRM,Pending
TXN002761,CUST14564,2026-05-04,East,Grocery,27570.2,5,Credit Card,Partner Portal,Pending
TXN002121,CUST16251,2026-01-05,North,Clothing,41940.64,4,Credit Card,CRM,Refunded
TXN001525,CUST15297,2025-01-17,North,Home & Kitchen,54857.35,5,Debit Card,E-Commerce,Completed
TXN003522,CUST17442,2026-01-28,North,Sports,930.32,2,Cash,CRM,Completed
TXN000154,CUST10694,2025-03-15,West,Electronics,90582.03,7,Net Banking,CRM,Cancelled
TXN002249,CUST18868,2027-09-02,East,Electronics,4028.69,1,Cash,Mobile App,Refunded
TXN000482,CUST13369,2025-08-07,Central,Beauty,87859.87,7,Net Banking,CRM,Pending
TXN002767,CUST16485,2026-02-07,South,Grocery,2875.2,4,Credit Card,POS,Completed
TXN004372,CUST11727,2025-09-15,North,Clothing,44108.33,7,Credit Card,POS,Refunded
TXN003579,CUST11188,2025-07-14,Central,Electronics,46079.58,6,Debit Card,Partner Portal,Cancelled
TXN004401,CUST18019,2026-07-15,West,Electronics,31258.1,5,Debit Card,Mobile App,Cancelled
TXN003563,CUST13573,2026-05-05,North,Electronics,9089.91,3,UPI,POS,Completed
TXN003316,CUST19039,2026-09-18,South,Grocery,29751.89,7,UPI,POS,Cancelled
TXN001763,CUST14420,2025-06-14,West,Electronics,17222.96,2,Credit Card,E-Commerce,Refunded
TXN003539,CUST14038,2026-06-14,West,Electronics,14125.46,2,Credit Card,CRM,Refunded
TXN004877,CUST14597,2026-06-23,South,Sports,10664.64,8,Credit Card,E-Commerce,Completed
TXN000751,CUST11039,2025-10-01,East,Clothing,29606.29,7,Net Banking,Mobile App,Completed
TXN003620,CUST17959,2025-02-19,Central,Sports,12990.12,4,UPI,E-Commerce,Cancelled
TXN001786,CUST16757,2025-11-02,West,Grocery,18211.0,2,UPI,POS,Completed
TXN004337,CUST12275,2025-07-03,North,Clothing,85170.08,8,Credit Card,CRM,Pending
TXN003384,CUST17036,2025-12-03,West,Clothing,27474.09,7,Credit Card,Partner Portal,Completed
TXN004202,CUST19319,2025-11-23,North,Sports,56011.56,6,UPI,E-Commerce,Refunded
TXN000406,CUST17786,2025-12-06,East,Clothing,3337.76,4,Credit Card,POS,Cancelled
TXN000758,CUST14660,2025-10-23,West,Home & Kitchen,2310.24,1,Cash,E-Commerce,Cancelled
TXN002712,CUST14074,2025-06-09,North,Home & Kitchen,27728.36,4,Cash,POS,Refunded
TXN002671,CUST17662,2026-03-05,South,Home & Kitchen,4285.02,1,Cash,Mobile App,Cancelled
TXN004104,CUST18044,2025-12-19,West,Electronics,56220.72,8,Credit Card,POS,Refunded
TXN000098,CUST15154,2026-07-18,East,Clothing,6876.91,1,Credit Card,Mobile App,Completed
TXN001334,CUST16717,2025-04-29,East,Electronics,26922.44,4,UPI,Partner Portal,Completed
TXN004521,CUST11539,2025-07-24,South,Sports,21363.1,2,Credit Card,Mobile App,Refunded
TXN002792,CUST16469,2025-11-26,West,Grocery,45879.96,4,Cash,Partner Portal,Pending
TXN002855,CUST19011,2026-01-14,South,Sports,18185.72,7,UPI,Partner Portal,Refunded
TXN000187,CUST15547,2025-05-17,South,Beauty,5349.26,1,Net Banking,Mobile App,Pending
TXN001137,CUST10717,2025-04-23,South,Home & Kitchen,11475.34,1,Credit Card,POS,Pending
TXN002724,CUST17108,2026-04-07,North,Clothing,16935.96,3,Credit Card,E-Commerce,Cancelled
TXN003584,CUST19104,2025-04-16,East,Beauty,16605.12,3,Debit Card,E-Commerce,Pending
TXN002059,CUST16945,2025-05-02,East,Sports,12613.14,3,UPI,Partner Portal,Cancelled
TXN001320,CUST14105,2025-02-09,Central,Electronics,27446.25,5,Credit Card,POS,Cancelled
TXN004263,CUST19188,2026-04-29,West,Electronics,8025.12,3,Debit Card,CRM,Cancelled
TXN000149,CUST10816,2025-02-23,North,Clothing,7336.23,3,Net Banking,Mobile App,Refunded
TXN000029,CUST17455,2025-01-03,East,Grocery,28360.71,7,Cash,Mobile App,Pending
TXN004204,CUST15181,2026-04-04,East,Electronics,20293.3,2,Net Banking,E-Commerce,Cancelled
TXN001395,CUST18553,2026-05-01,East,Sports,28471.5,6,Credit Card,Partner Portal,Pending
TXN003364,CUST15076,2025-11-14,Central,Home & Kitchen,22314.69,3,Net Banking,Mobile App,Pending
TXN000693,CUST12078,2025-01-28,Central,Electronics,36614.65,5,UPI,POS,Pending
TXN002867,CUST15056,2025-04-18,West,Electronics,9478.62,2,Credit Card,E-Commerce,Pending
TXN003777,CUST13854,2026-06-16,West,Grocery,35089.35,3,Cash,Partner Portal,Pending
TXN001387,CUST15424,2025-07-24,North,Electronics,16224.4,2,Cash,Mobile App,Pending
TXN001846,CUST19038,2026-04-30,East,Electronics,66787.36,8,Cash,CRM,Cancelled
TXN004804,CUST19841,2025-02-17,West,Home & Kitchen,84747.36,8,Cash,CRM,Completed
TXN000130,CUST14521,2026-01-12,South,Electronics,6013.2,6,Net Banking,CRM,Pending
TXN001600,CUST19626,2025-07-12,Central,Sports,9352.18,2,Debit Card,POS,Completed
TXN003630,CUST11604,2025-02-28,West,Grocery,78536.88,8,Net Banking,CRM,Pending
TXN004573,CUST19889,2025-11-27,Central,Electronics,32497.44,3,Credit Card,Partner Portal,Cancelled
TXN000702,CUST12948,2025-09-05,East,Sports,31389.16,4,Credit Card,CRM,Completed
TXN003548,CUST17446,2026-04-13,South,Sports,6584.44,4,UPI,Mobile App,Pending
TXN003029,CUST18747,2026-08-05,East,Electronics,34805.19,7,Debit Card,CRM,Refunded
TXN002970,CUST12644,2026-05-29,South,Home & Kitchen,3827.1,2,Debit Card,Partner Portal,Pending
TXN004423,CUST13929,2026-02-07,Central,Electronics,12299.82,6,Cash,Partner Portal,Refunded
TXN001709,CUST19799,2025-02-18,East,Grocery,27620.6,5,Net Banking,Partner Portal,Pending
TXN002954,CUST18743,2025-10-24,West,Beauty,3753.08,2,UPI,POS,Pending
TXN000455,CUST19214,2025-04-04,South,Beauty,66813.25,5,Net Banking,POS,Cancelled
TXN002869,CUST17379,2025-02-08,Central,Grocery,105498.32,8,Cash,CRM,Pending
TXN002041,CUST11615,2025-05-14,South,Clothing,1555.11,3,Net Banking,CRM,Pending
TXN001773,CUST19593,2026-05-06,Central,Sports,7833.81,3,Cash,E-Commerce,Completed
TXN002316,CUST10542,2025-02-04,North,Grocery,64413.6,5,Debit Card,POS,Cancelled
TXN000610,CUST11406,2025-07-24,North,Beauty,14545.62,6,Credit Card,E-Commerce,Pending
TXN000168,CUST16422,2025-12-25,South,Sports,72593.4,5,Credit Card,POS,Refunded
TXN000731,CUST15967,2025-06-13,East,Home & Kitchen,905.01,1,Net Banking,POS,Cancelled
TXN004315,CUST17424,2026-04-11,Central,Sports,19315.92,4,Debit Card,Partner Portal,Refunded
TXN003359,CUST12558,2025-11-18,North,Beauty,12056.48,2,UPI,Partner Portal,Pending
TXN003897,CUST16670,2025-04-16,North,Sports,3872.27,1,Credit Card,Partner Portal,Refunded
TXN002075,CUST18712,2026-08-02,Central,Beauty,19654.04,7,UPI,Mobile App,Refunded
TXN004615,CUST17047,2025-05-04,South,Clothing,18942.39,3,Credit Card,POS,Completed
TXN003946,CUST14286,2026-07-05,West,Home & Kitchen,21790.02,3,Net Banking,POS,Pending
TXN003701,CUST13861,2026-04-08,East,Electronics,72502.45,5,Credit Card,Partner Portal,Pending
TXN001623,CUST12360,2025-01-22,North,Grocery,84708.47,7,Net Banking,Partner Portal,Pending
TXN000588,CUST11162,2026-01-11,North,Home & Kitchen,36514.84,4,Net Banking,CRM,Refunded
TXN001402,CUST10473,2026-04-30,Central,Beauty,1338.16,2,Debit Card,E-Commerce,Pending
TXN003046,CUST11004,2025-10-20,East,Electronics,48035.25,5,UPI,E-Commerce,Completed
TXN003225,CUST15931,2026-06-04,East,Home & Kitchen,81641.63,7,UPI,E-Commerce,Pending
TXN001701,CUST19308,2025-01-01,South,Electronics,33657.0,5,Credit Card,POS,Pending
TXN003089,CUST14301,2025-02-21,South,Beauty,3342.4,4,Net Banking,Mobile App,Refunded
TXN004457,CUST18199,2025-06-25,East,Home & Kitchen,1896.82,2,Net Banking,E-Commerce,Pending
TXN002982,CUST17285,2025-05-30,East,Home & Kitchen,6813.18,2,Net Banking,Partner Portal,Completed
TXN000041,CUST19544,2025-06-02,Central,Home & Kitchen,12535.47,1,Net Banking,E-Commerce,Completed
TXN001380,CUST18429,2027-05-20,Central,Beauty,85297.12,8,Credit Card,CRM,Refunded
TXN002090,CUST12595,2025-04-02,North,Beauty,6428.38,7,UPI,CRM,Completed
TXN003925,CUST15426,2026-04-23,North,Home & Kitchen,25043.19,3,UPI,POS,Cancelled
TXN002176,CUST12175,2025-05-10,West,Beauty,14154.69,1,UPI,Mobile App,Pending
TXN003218,CUST19469,2025-11-24,Central,Home & Kitchen,14002.3,5,Credit Card,E-Commerce,Pending
TXN002886,CUST10025,2026-02-28,South,Clothing,100050.58,7,Net Banking,E-Commerce,Cancelled
TXN000075,CUST19708,2026-04-22,East,Clothing,86824.15,7,Debit Card,CRM,Cancelled
TXN004037,CUST19512,2025-01-08,North,Electronics,74144.15,5,Cash,Mobile App,Completed
TXN004018,CUST18618,2026-04-24,North,Clothing,81428.76,7,UPI,Partner Portal,Completed
TXN002658,CUST11817,2025-11-25,West,Electronics,30006.9,7,Net Banking,Mobile App,Pending
TXN003181,CUST13720,2026-05-14,North,Clothing,24333.24,4,Cash,E-Commerce,Pending
TXN002077,CUST17201,2025-07-25,East,Grocery,17031.77,7,Net Banking,Mobile App,Pending
TXN000442,CUST11660,2026-06-08,East,Beauty,21762.2,2,Debit Card,Mobile App,Cancelled
TXN004140,CUST11400,2025-03-18,South,Electronics,47614.3,5,Debit Card,E-Commerce,Cancelled
TXN002052,CUST15619,2025-05-04,Central,Grocery,6752.72,1,Debit Card,E-Commerce,Pending
TXN002542,CUST15455,2025-01-26,South,Electronics,18736.76,2,UPI,Mobile App,Pending
TXN003307,CUST11987,2025-08-08,East,Sports,3188.99,1,Cash,POS,Pending
TXN001302,CUST17070,2026-05-24,West,Clothing,39160.08,4,Debit Card,CRM,Completed
TXN001782,CUST11801,2026-04-19,South,Home & Kitchen,27514.68,4,Cash,CRM,Completed
TXN004998,CUST13451,2025-05-10,North,Grocery,52171.8,6,Net Banking,Partner Portal,Refunded
TXN003431,CUST11288,2026-04-28,North,Home & Kitchen,388.85,1,Cash,Mobile App,Cancelled
TXN001305,CUST15622,2026-09-23,West,Electronics,32049.96,6,Debit Card,E-Commerce,Completed
TXN000237,CUST14743,2026-05-23,North,Electronics,42166.41,3,UPI,Partner Portal,Completed
TXN002600,CUST17592,2025-03-01,West,Beauty,60422.88,8,UPI,POS,Cancelled
TXN000521,CUST18784,2026-08-23,West,Sports,19967.05,5,UPI,Partner Portal,Cancelled
TXN002574,CUST11940,2026-03-30,South,Sports,6526.62,6,UPI,E-Commerce,Completed
TXN003281,CUST13213,2026-07-15,Central,Electronics,11011.86,1,UPI,Mobile App,Pending
TXN003187,CUST12209,2025-11-20,North,Grocery,41864.67,3,Credit Card,CRM,Cancelled
TXN003954,CUST14043,2026-08-10,West,Sports,12935.55,5,,CRM,Pending
TXN002769,CUST19706,2025-01-12,North,Home & Kitchen,35363.84,4,Credit Card,E-Commerce,Completed
TXN000736,CUST17455,2025-05-29,South,Grocery,55702.08,4,UPI,E-Commerce,Refunded
TXN004776,CUST11784,2025-01-13,North,Sports,47962.32,6,Cash,Mobile App,Refunded
TXN000351,CUST14068,2026-07-21,West,Beauty,24116.96,7,UPI,POS,Completed
TXN002107,CUST18222,2026-07-02,South,Sports,56260.96,7,Credit Card,Mobile App,Pending
TXN002680,CUST19210,2025-12-09,West,Electronics,10492.81,1,UPI,E-Commerce,Cancelled
TXN003230,CUST19698,2025-05-08,Central,Clothing,670.0,4,UPI,E-Commerce,Refunded
TXN002762,CUST11041,2025-07-21,East,Grocery,13425.04,2,Credit Card,Partner Portal,Cancelled
TXN000593,CUST18748,2026-06-01,Central,Grocery,59383.38,6,UPI,POS,Cancelled
TXN001304,CUST16994,2026-01-22,Central,Home & Kitchen,19508.43,3,Credit Card,Mobile App,Completed
TXN001388,CUST13704,2025-03-10,East,Beauty,57489.12,6,Credit Card,E-Commerce,Cancelled
TXN004767,CUST19674,2025-06-26,East,Grocery,6243.3,6,Credit Card,Mobile App,Refunded
TXN004596,CUST14000,2025-08-03,North,Sports,12019.44,2,UPI,Mobile App,Completed
TXN004075,CUST13920,2025-04-23,South,Electronics,74876.5,5,UPI,E-Commerce,Completed
TXN001891,CUST12723,2026-03-22,East,Beauty,42101.36,4,Cash,Partner Portal,Cancelled
TXN002988,CUST19178,2025-04-06,North,Clothing,25328.0,4,Cash,Partner Portal,Completed
TXN004999,CUST17332,2025-01-16,East,Sports,38189.16,6,Credit Card,CRM,Cancelled
TXN003298,CUST15484,2025-05-29,South,Beauty,8500.5,6,Credit Card,POS,Completed
TXN000905,CUST19379,2025-02-18,North,Grocery,13572.36,2,UPI,E-Commerce,Pending
TXN004680,CUST18710,2026-01-18,West,Clothing,8475.72,1,UPI,CRM,Pending
TXN001280,CUST11639,2026-05-03,Central,Grocery,35372.32,8,UPI,POS,Refunded
TXN000934,CUST13455,2025-05-24,Central,Sports,65931.8,5,UPI,POS,Cancelled
TXN004974,CUST15339,2025-03-28,West,Grocery,-83137.74,6,UPI,CRM,Pending
TXN002309,CUST13408,2026-07-12,Central,Beauty,37457.07,7,UPI,E-Commerce,Completed
TXN001556,CUST15388,2025-10-10,West,Beauty,48199.75,5,UPI,POS,Completed
TXN004603,CUST18636,2025-04-17,West,Electronics,7720.61,1,Credit Card,Mobile App,Refunded
TXN003191,CUST19975,2025-04-16,West,Home & Kitchen,62934.06,7,Net Banking,Partner Portal,Completed
TXN004511,CUST11975,2025-09-14,South,Grocery,10807.2,3,UPI,Mobile App,Completed
TXN000707,CUST11023,2025-06-15,West,Grocery,8463.16,2,UPI,CRM,Cancelled
TXN004762,CUST19631,2026-05-01,Central,Grocery,29573.6,2,Cash,Partner Portal,Completed
TXN003071,CUST14613,2026-09-22,South,Beauty,14219.1,6,Net Banking,POS,Pending
TXN000746,CUST11159,2026-04-21,West,Beauty,12919.7,1,UPI,Partner Portal,Completed
TXN003595,CUST14500,2025-07-14,South,Grocery,51368.8,5,UPI,E-Commerce,Completed
TXN001940,CUST13488,2025-03-16,North,Home & Kitchen,84663.66,6,Debit Card,POS,Cancelled
TXN004467,CUST15612,2025-03-02,Central,Beauty,57090.8,5,Credit Card,E-Commerce,Cancelled
TXN002863,CUST13130,2026-06-16,East,Clothing,59794.0,4,Net Banking,CRM,Refunded
TXN001921,CUST19111,2025-08-20,Central,Sports,11177.48,2,Debit Card,POS,Cancelled
TXN000514,CUST18565,2025-05-16,Central,Beauty,693.56,2,Net Banking,E-Commerce,Completed
TXN000082,CUST17934,2026-07-03,East,Beauty,8861.88,3,Cash,Partner Portal,Cancelled
TXN000954,CUST17606,2025-08-27,West,Sports,6855.83,1,Cash,CRM,Cancelled
TXN001309,CUST15849,2026-07-11,South,Grocery,29897.8,4,UPI,POS,Cancelled
TXN004618,CUST13928,2025-09-14,Central,Home & Kitchen,85608.95,7,Cash,POS,Cancelled
TXN000915,CUST18009,2025-10-18,North,Electronics,11311.4,4,Cash,POS,Completed
TXN003453,CUST12054,2025-10-04,East,Grocery,9646.54,1,Cash,Mobile App,Completed
TXN003696,CUST12860,2025-11-09,Central,Home & Kitchen,1213.17,7,Net Banking,CRM,Refunded
TXN004878,CUST10853,2026-09-10,East,Beauty,1469.64,3,Net Banking,E-Commerce,Refunded
TXN003157,CUST10906,2027-02-26,South,Sports,48027.35,5,UPI,Partner Portal,Refunded
TXN002199,CUST12481,2026-06-21,West,Sports,20508.76,4,Credit Card,Mobile App,Cancelled
TXN004297,CUST12819,2025-08-01,North,Beauty,51610.7,5,Debit Card,E-Commerce,Pending
TXN000775,CUST14010,2026-03-04,North,Electronics,22287.33,3,UPI,Mobile App,Completed
TXN000330,CUST14103,2025-10-08,North,Clothing,19706.72,2,Debit Card,CRM,Refunded
TXN002055,CUST19149,2025-04-13,West,Beauty,8676.62,2,Cash,E-Commerce,Invalid
TXN002002,CUST19429,2025-12-18,South,Grocery,18188.94,7,Cash,E-Commerce,Pending
TXN000944,CUST18732,2025-07-16,Central,Clothing,14880.08,1,Cash,Mobile App,Completed
TXN000823,CUST11861,2025-09-20,South,Home & Kitchen,24589.6,4,Credit Card,E-Commerce,Cancelled
TXN004597,CUST16458,2025-04-16,South,Sports,19597.52,8,Credit Card,E-Commerce,Pending
TXN000910,CUST16831,2026-03-27,South,Home & Kitchen,88020.64,8,Cash,E-Commerce,Refunded
TXN002517,CUST15887,2026-05-19,East,Electronics,39020.04,3,Debit Card,E-Commerce,Completed
TXN000182,CUST13907,2025-09-01,West,Beauty,9577.7,5,Cash,Mobile App,Completed
TXN000165,CUST17200,2025-02-10,Central,Sports,42574.24,4,Cash,E-Commerce,Cancelled
TXN001524,CUST14927,2025-03-08,South,Beauty,99361.57,7,Credit Card,Mobile App,Refunded
TXN000452,CUST10825,2025-09-04,Central,Home & Kitchen,87330.96,6,Cash,Mobile App,Refunded
TXN003984,CUST14220,2026-01-31,North,Clothing,10930.0,4,Credit Card,CRM,Pending
TXN002539,CUST11468,2026-08-05,South,Electronics,7859.53,7,UPI,Partner Portal,Cancelled
TXN004169,CUST15120,2025-03-24,West,Beauty,19397.4,4,Credit Card,POS,Completed
TXN004849,CUST11984,2025-01-03,East,Grocery,34333.12,8,UPI,POS,Completed
TXN001312,CUST12326,2025-05-06,North,Home & Kitchen,65407.02,6,Net Banking,Mobile App,Completed
TXN003150,CUST15567,2026-04-24,North,Grocery,17725.26,3,Debit Card,E-Commerce,Completed
TXN001112,CUST15021,2025-02-22,South,Home & Kitchen,43181.11,7,,Mobile App,Refunded
TXN004617,CUST14048,2026-09-08,South,Clothing,18276.45,5,,E-Commerce,Refunded
TXN003875,CUST16698,2025-11-17,Invalid,Beauty,49881.66,6,Credit Card,Partner Portal,Completed
TXN003490,CUST16256,2025-12-25,East,Grocery,9946.49,1,,Partner Portal,Pending
TXN001288,CUST13877,2026-05-03,North,Home & Kitchen,68535.9,6,Net Banking,Mobile App,Completed
TXN004241,CUST14144,2026-08-11,West,Electronics,8823.6,4,Net Banking,Partner Portal,Pending
TXN004717,CUST13052,2025-03-16,South,Beauty,11170.46,1,Credit Card,Partner Portal,Refunded
TXN003681,CUST12716,2026-01-28,North,Clothing,50336.7,5,Credit Card,Mobile App,Cancelled
TXN004397,CUST10258,2025-06-23,South,Home & Kitchen,46844.77,7,Credit Card,Partner Portal,Cancelled
TXN004232,CUST10496,2025-12-08,East,Electronics,23006.85,3,Net Banking,POS,Completed
TXN003301,CUST19496,2026-09-14,North,Clothing,4324.2,6,Credit Card,Partner Portal,Cancelled
TXN003311,CUST16453,2025-08-15,West,Electronics,29690.61,3,Cash,POS,Refunded
TXN004626,CUST18683,2026-02-08,West,Clothing,68694.05,5,Net Banking,E-Commerce,Refunded
TXN003126,CUST10079,2025-10-04,South,Sports,60225.72,6,Credit Card,CRM,Refunded
TXN000328,CUST10794,2026-08-03,North,Electronics,94765.76,8,Net Banking,CRM,Completed
TXN002491,CUST11634,2025-09-29,North,Sports,10674.52,4,Cash,CRM,Completed
TXN004757,CUST13291,2025-01-17,West,Home & Kitchen,9813.99,1,Credit Card,CRM,Cancelled
TXN000833,CUST13873,2026-01-07,West,Grocery,16140.34,2,Credit Card,Mobile App,Cancelled
TXN003080,CUST10376,2025-10-18,South,Electronics,48813.84,4,Net Banking,E-Commerce,Refunded
TXN003463,CUST12680,2025-06-20,East,Grocery,80922.17,7,Debit Card,Mobile App,Cancelled
TXN004458,CUST14682,2026-01-24,North,Sports,62965.3,5,Credit Card,E-Commerce,Cancelled
TXN000055,CUST11194,2025-02-17,West,Grocery,59042.6,4,Cash,E-Commerce,Refunded
TXN004065,CUST11660,2025-01-23,South,Home & Kitchen,37150.98,6,UPI,Partner Portal,Cancelled
TXN003452,CUST10705,2025-11-11,South,Sports,53701.88,4,Cash,CRM,Pending
TXN001902,CUST19911,2026-03-26,North,Beauty,5717.94,6,Debit Card,POS,Cancelled
TXN001482,CUST15957,2026-06-21,North,Grocery,44586.12,4,Credit Card,POS,Completed
TXN003336,CUST19195,2025-10-23,Central,Electronics,963.62,7,Net Banking,POS,Completed
TXN000947,CUST15484,2025-11-20,North,Sports,5938.7,1,Credit Card,E-Commerce,Refunded
TXN003294,CUST10500,2026-09-26,Central,Home & Kitchen,100265.13,7,UPI,Mobile App,Completed
TXN002162,CUST19780,2025-02-16,Central,Beauty,7668.06,1,Net Banking,Mobile App,Completed
TXN003058,CUST11091,2026-05-09,East,Sports,50624.52,6,UPI,Mobile App,Refunded
TXN000769,CUST17279,2026-07-29,West,Grocery,6627.72,2,UPI,E-Commerce,Refunded
TXN004775,CUST15745,2025-11-20,North,Beauty,77885.64,7,UPI,Partner Portal,Completed
TXN003496,CUST19246,2025-09-24,North,Grocery,50848.07,7,Net Banking,Partner Portal,Refunded
TXN000286,CUST12528,2027-11-13,West,Clothing,11989.45,5,UPI,CRM,Completed
TXN001279,CUST13028,2026-03-19,South,Beauty,28738.02,3,Debit Card,E-Commerce,Pending
TXN004518,CUST15323,2026-01-26,South,Beauty,44989.72,4,Debit Card,POS,Refunded
TXN002333,CUST17723,2025-07-14,North,Sports,52662.12,6,Net Banking,CRM,Pending
TXN002718,CUST18667,2026-02-17,West,Clothing,-72834.8,8,Cash,CRM,Pending
TXN002080,CUST19643,2025-03-11,West,Beauty,1707.22,2,Net Banking,CRM,Cancelled
TXN003390,CUST16579,2025-05-22,North,Home & Kitchen,85762.5,6,Debit Card,CRM,Refunded
TXN000723,CUST19718,2025-11-26,South,Clothing,45948.0,4,Credit Card,CRM,Cancelled
TXN000952,CUST17241,2025-05-11,North,Clothing,13794.83,1,Cash,Mobile App,Completed
TXN004433,CUST12845,2026-02-22,East,Beauty,56556.1,5,Net Banking,POS,Pending
TXN002263,CUST16577,2026-05-27,Central,Beauty,71768.28,6,UPI,POS,Pending
TXN000990,CUST13261,2025-02-02,North,Grocery,3999.12,8,UPI,E-Commerce,Pending
TXN003213,CUST19846,2025-09-08,East,Grocery,1254.66,6,Net Banking,POS,Completed
TXN001760,CUST15532,2026-08-04,Central,Beauty,246.86,1,UPI,POS,Refunded
TXN004170,CUST16144,2026-04-26,North,Beauty,7484.71,1,,Partner Portal,Cancelled
TXN001725,CUST11360,2026-05-02,South,Beauty,41008.25,5,Credit Card,Mobile App,Refunded
TXN000342,CUST18210,2026-06-03,West,Grocery,47328.5,5,,CRM,Pending
TXN003702,CUST10054,2026-08-19,East,Sports,25190.56,4,Net Banking,E-Commerce,Refunded
TXN000689,CUST19996,2026-06-14,Unknown,Home & Kitchen,15796.04,2,Net Banking,CRM,Cancelled
TXN003433,CUST14450,2026-05-16,North,Grocery,27201.66,6,UPI,Partner Portal,Refunded
TXN000967,CUST14290,2025-07-02,North,Electronics,-1680.92,4,Debit Card,Mobile App,Completed
TXN004800,CUST15329,2025-01-01,West,Sports,67568.72,8,Cash,E-Commerce,Refunded
TXN002204,CUST15968,2026-04-05,West,Home & Kitchen,32108.04,6,Debit Card,Partner Portal,Pending
TXN002714,CUST15052,2026-01-20,North,Clothing,12486.42,6,UPI,E-Commerce,Refunded
TXN003573,CUST18883,2025-09-12,West,Sports,80671.36,7,,CRM,Completed
TXN001991,CUST18316,2025-12-22,West,Electronics,75427.04,8,Net Banking,CRM,Cancelled
TXN004121,CUST18368,2025-03-26,West,Clothing,77658.88,8,Credit Card,E-Commerce,Cancelled
TXN004419,CUST17514,2026-05-30,South,Sports,21618.48,8,Cash,E-Commerce,Pending
TXN004816,CUST19164,2026-06-28,East,Beauty,2387.0,4,Cash,E-Commerce,Refunded
TXN003601,CUST19505,2026-05-17,West,Beauty,31919.44,7,Debit Card,Partner Portal,Completed
TXN004954,CUST14100,2025-08-02,Central,Clothing,8095.04,8,Net Banking,E-Commerce,Cancelled
TXN000374,,2026-06-27,South,Electronics,69155.7,6,Debit Card,E-Commerce,Cancelled
TXN004188,CUST17711,2025-03-06,Central,Grocery,66868.69,7,Debit Card,E-Commerce,Completed
TXN000386,CUST11771,2025-09-13,North,Electronics,10644.34,2,Net Banking,Mobile App,Refunded
TXN004437,CUST19138,2025-02-19,South,Clothing,86232.72,6,UPI,E-Commerce,Completed
TXN004639,CUST17366,2025-10-06,West,Electronics,24843.28,8,UPI,Partner Portal,Completed
TXN000537,CUST15793,2025-03-19,South,Sports,21602.04,3,UPI,E-Commerce,Pending
TXN004868,CUST11419,2026-01-04,East,Sports,30131.52,8,Credit Card,CRM,Refunded
TXN003508,CUST18057,2026-09-26,East,Electronics,59160.6,4,Net Banking,Partner Portal,Refunded
TXN000202,CUST13879,2025-05-05,West,Electronics,47607.12,4,UPI,Partner Portal,Cancelled
TXN001333,CUST15386,2026-08-13,South,Clothing,68374.7,5,Debit Card,Mobile App,Cancelled
TXN003503,CUST10944,2025-01-13,South,Clothing,4478.6,2,UPI,POS,Cancelled
TXN002709,CUST14335,2026-03-08,East,Clothing,40482.08,4,Debit Card,POS,Refunded
TXN004022,CUST10673,2025-10-23,South,Clothing,74945.5,7,Credit Card,Mobile App,Refunded
TXN001855,CUST11752,2026-04-26,East,Home & Kitchen,36895.38,6,Cash,Partner Portal,Pending
TXN004539,CUST15361,2026-03-02,South,Grocery,11763.71,7,Credit Card,Partner Portal,Refunded
TXN002873,CUST15818,2026-06-03,Central,Grocery,52168.8,4,UPI,Mobile App,Pending
TXN003031,CUST13531,2026-09-21,East,Beauty,70449.36,8,UPI,E-Commerce,Completed
TXN001206,CUST13634,2026-04-10,East,Home & Kitchen,17278.02,6,Cash,E-Commerce,Refunded
TXN001646,CUST14370,2025-09-25,North,Grocery,29534.28,4,Credit Card,POS,Completed
TXN003418,CUST16573,2025-09-16,North,Grocery,28741.85,5,Cash,POS,Pending
TXN003477,CUST19728,2026-02-07,Central,Home & Kitchen,5804.9,5,UPI,POS,Completed
TXN002862,CUST10725,2025-02-17,West,Grocery,42945.36,4,UPI,Mobile App,Refunded
TXN001793,CUST18538,2025-03-03,East,Electronics,7691.65,1,Net Banking,Mobile App,Cancelled
TXN003798,CUST16344,2026-09-01,West,Sports,23404.44,6,UPI,POS,Pending
TXN003369,CUST12069,2026-08-21,South,Home & Kitchen,2836.12,2,Debit Card,CRM,Cancelled
TXN003368,CUST11120,2026-08-29,South,Sports,53211.9,5,Cash,Mobile App,Refunded
TXN003534,CUST11071,2026-03-13,Central,Electronics,42590.64,8,UPI,Mobile App,Refunded
TXN004460,CUST14529,2026-01-18,South,Grocery,20447.44,4,Net Banking,Partner Portal,Cancelled
TXN003450,CUST15009,2025-09-22,South,Beauty,14749.55,5,UPI,POS,Refunded
TXN000604,CUST16461,2025-08-16,South,Home & Kitchen,30924.39,7,UPI,CRM,Refunded
TXN003057,CUST16356,2025-09-11,West,Beauty,12918.3,3,Debit Card,CRM,Refunded
TXN001688,CUST14273,2025-06-12,South,Home & Kitchen,22930.36,2,Credit Card,Partner Portal,Completed
TXN000127,CUST13847,2025-11-08,Central,Home & Kitchen,14641.6,8,Net Banking,Mobile App,Cancelled
TXN003877,CUST16572,2025-05-15,North,Electronics,75237.89,7,Debit Card,Partner Portal,Cancelled
TXN002936,CUST14555,2026-02-11,South,Beauty,14752.17,3,Cash,E-Commerce,Refunded
TXN003532,CUST11746,2025-01-04,South,Grocery,15117.16,4,Cash,POS,Completed
TXN002731,CUST12219,2025-11-01,East,Electronics,33480.03,3,UPI,Partner Portal,Pending
TXN000828,CUST12004,2026-05-24,East,Clothing,7294.7,2,Cash,Mobile App,Pending
TXN001640,CUST18106,2025-03-27,North,Sports,54491.46,6,Cash,Mobile App,Pending
TXN000985,CUST19150,2026-03-04,North,Clothing,26545.36,4,Debit Card,Partner Portal,Pending
TXN003282,CUST12836,2025-09-23,East,Home & Kitchen,31749.9,3,Credit Card,Partner Portal,Cancelled
TXN002051,CUST16269,2026-09-13,West,Electronics,3654.84,2,Debit Card,E-Commerce,Completed
TXN002189,CUST15758,2025-01-07,Central,Beauty,8656.64,8,Credit Card,CRM,Completed
TXN004684,CUST19624,2025-03-31,West,Beauty,96200.32,8,UPI,CRM,Pending
TXN002444,CUST17046,2026-08-25,East,Clothing,66705.1,5,Credit Card,Partner Portal,Completed
TXN000363,CUST14067,2025-08-09,East,Grocery,13860.12,6,Cash,CRM,Cancelled
TXN002350,CUST19528,2026-07-08,North,Electronics,34654.7,5,Net Banking,E-Commerce,Pending
TXN000346,CUST15681,2025-05-21,Central,Sports,2541.11,1,UPI,E-Commerce,Cancelled
TXN000815,CUST17144,2025-06-20,South,Grocery,27568.4,5,Credit Card,Partner Portal,Pending
TXN003206,CUST13084,2025-04-21,East,Beauty,58427.84,8,Credit Card,Mobile App,Refunded
TXN004224,CUST18009,2025-05-21,North,Home & Kitchen,5749.79,1,Net Banking,Partner Portal,Pending
TXN004869,CUST13005,2026-03-13,South,Beauty,7551.61,1,Net Banking,POS,Completed
TXN003326,CUST19302,2026-01-26,Central,Clothing,58408.91,7,Net Banking,CRM,Completed
TXN004107,CUST12741,2026-02-04,South,Electronics,29716.58,2,UPI,CRM,Pending
TXN002117,CUST15349,2026-02-28,Central,Home & Kitchen,23660.86,2,Net Banking,Mobile App,Cancelled
TXN001835,CUST16987,2025-10-27,South,Beauty,31460.4,5,Debit Card,POS,Completed
TXN000794,CUST19129,2026-05-23,North,Electronics,63602.94,6,UPI,Mobile App,Completed
TXN003819,CUST19728,2025-07-13,North,Grocery,1947.44,8,Credit Card,E-Commerce,Refunded
TXN002675,CUST18008,2025-09-26,West,Beauty,5905.69,7,Credit Card,POS,Pending
TXN000095,CUST14416,2025-08-23,Central,Electronics,14993.63,1,Debit Card,Mobile App,Refunded
TXN003757,CUST15003,2025-04-05,Central,Electronics,44608.7,5,Debit Card,Partner Portal,Completed
TXN002892,CUST14036,2025-02-23,West,Home & Kitchen,16577.64,2,Net Banking,E-Commerce,Completed
TXN002372,CUST14004,2025-11-20,West,Beauty,24959.27,7,Debit Card,Mobile App,Pending
TXN004213,CUST11884,2026-07-31,North,Electronics,49722.96,7,Cash,Mobile App,Refunded
TXN004501,CUST18227,2026-07-30,East,Electronics,51795.1,7,UPI,CRM,Refunded
TXN003229,CUST17706,2025-11-27,West,Clothing,25217.3,2,Credit Card,POS,Refunded
TXN002854,CUST11062,2026-04-19,East,Grocery,10711.72,2,Cash,CRM,Cancelled
TXN002913,CUST16190,2025-07-08,South,Beauty,2409.45,3,Credit Card,CRM,Completed
TXN001866,CUST13978,2026-02-03,West,Grocery,17407.26,6,UPI,Mobile App,Completed
TXN001858,CUST13898,2026-08-14,North,Grocery,29762.12,4,Debit Card,Partner Portal,Refunded
TXN002646,CUST14361,2025-06-26,West,Grocery,11120.88,1,Debit Card,Partner Portal,Pending
TXN002244,CUST12084,2025-05-14,North,Home & Kitchen,60164.8,8,UPI,E-Commerce,Completed
TXN002337,CUST13001,2025-07-19,East,Grocery,34585.2,5,Debit Card,CRM,Completed
TXN000951,CUST11402,2025-04-08,North,Electronics,69808.96,8,Net Banking,POS,Completed
TXN003069,CUST16534,2026-01-09,West,Grocery,37191.14,7,Net Banking,POS,Completed
TXN001121,CUST14138,2025-07-16,Central,Clothing,58116.73,7,UPI,Mobile App,Completed
TXN002598,CUST19466,2025-01-27,West,Beauty,21499.65,3,Credit Card,POS,Refunded
TXN002205,CUST15461,2025-01-10,East,Electronics,8158.55,1,Credit Card,Mobile App,Cancelled
TXN000420,CUST14251,2025-01-27,West,Grocery,119698.32,8,Net Banking,CRM,Pending
TXN000923,CUST15200,2026-03-01,West,Clothing,12908.76,1,Credit Card,CRM,Completed
TXN001255,CUST10340,2025-04-26,South,Grocery,51590.9,5,,E-Commerce,Cancelled
TXN000478,CUST15669,2026-07-29,West,Home & Kitchen,1809.36,1,Cash,Partner Portal,Pending
TXN002036,CUST12002,2026-07-24,West,Beauty,20375.0,5,Net Banking,Mobile App,Pending
TXN001203,CUST12070,2025-08-25,Central,Electronics,21358.74,2,Cash,Mobile App,Cancelled
TXN002627,CUST14415,2025-05-06,East,Electronics,37474.89,3,Debit Card,Partner Portal,Completed
TXN004944,CUST11671,2025-03-29,North,Home & Kitchen,19508.92,4,Debit Card,CRM,Completed
TXN001971,CUST16576,2025-06-25,North,Grocery,20946.56,4,Cash,CRM,Refunded
TXN003111,CUST12969,2026-02-16,South,Home & Kitchen,13941.6,6,Debit Card,Mobile App,Pending
TXN004019,CUST12031,2025-09-07,Central,Grocery,14059.22,1,Cash,POS,Cancelled
TXN002152,CUST13445,2026-03-14,Central,Clothing,12405.19,1,Credit Card,Mobile App,Pending
TXN003688,CUST14235,2025-01-28,East,Home & Kitchen,22509.13,7,UPI,E-Commerce,Refunded
TXN001998,CUST12991,2025-12-17,Central,Grocery,24588.0,6,Net Banking,Partner Portal,Refunded
TXN004034,CUST14636,2026-05-24,East,Clothing,932.64,1,Cash,E-Commerce,Cancelled
TXN003055,CUST14188,2026-07-04,East,Beauty,22745.48,4,Cash,CRM,Cancelled
TXN001249,CUST11138,2025-09-02,South,Home & Kitchen,14385.54,3,UPI,Mobile App,Pending
TXN002193,CUST11420,2026-05-11,Central,Sports,68000.8,5,UPI,Partner Portal,Cancelled
TXN002713,CUST16173,2026-02-19,West,Electronics,3823.89,1,Debit Card,POS,Pending
TXN000993,CUST15076,2025-07-31,West,Beauty,39209.07,3,Net Banking,E-Commerce,Cancelled
TXN002191,CUST10715,2026-03-14,East,Home & Kitchen,22476.44,2,Net Banking,CRM,Pending
TXN003763,CUST12604,2025-04-25,North,Home & Kitchen,43441.76,4,UPI,POS,Cancelled
TXN003598,CUST10024,2025-01-10,East,Clothing,12697.96,4,UPI,POS,Completed
TXN001319,CUST14095,2025-10-15,Central,Clothing,6872.5,5,UPI,Partner Portal,Refunded
TXN001864,CUST17325,2026-02-28,South,Home & Kitchen,10372.44,2,Credit Card,POS,Cancelled
TXN002344,CUST12203,2025-08-28,East,Grocery,2130.75,1,Cash,CRM,Pending
TXN002450,CUST19566,2025-07-03,West,Beauty,3494.13,3,Cash,Partner Portal,Completed
TXN002137,CUST19758,2025-07-20,East,Grocery,5352.1,2,Credit Card,POS,Refunded
TXN001066,CUST17764,2025-06-22,South,Electronics,1531.11,1,Credit Card,Partner Portal,Cancelled
TXN002167,CUST14571,2026-02-18,East,Beauty,456.81,3,Cash,Mobile App,Refunded
TXN004228,CUST11398,2025-10-04,Central,Clothing,18765.0,3,UPI,POS,Pending
TXN002622,CUST12840,2025-12-23,North,Home & Kitchen,15137.08,4,Debit Card,POS,Completed
TXN000078,CUST13131,2026-07-24,North,Home & Kitchen,7797.75,1,Net Banking,Mobile App,Pending
TXN002899,CUST11521,2025-10-27,North,Clothing,9269.48,4,,Mobile App,Refunded
TXN001315,CUST13022,2025-02-15,West,Sports,12661.52,4,Credit Card,POS,Completed
TXN004439,CUST10778,2025-06-22,North,Clothing,15816.3,5,Net Banking,CRM,Refunded
TXN000873,CUST19897,2025-08-05,East,Beauty,3796.47,3,Credit Card,Mobile App,Completed
TXN003851,CUST17238,2026-08-03,East,Home & Kitchen,25942.0,7,Cash,Mobile App,Pending
TXN004861,CUST19889,2026-02-17,North,Beauty,53333.28,7,UPI,E-Commerce,Refunded
TXN002966,CUST10702,2026-01-27,North,Clothing,7198.52,1,UPI,CRM,Pending
TXN003392,CUST16031,2025-05-25,Central,Home & Kitchen,12259.6,4,Cash,POS,Pending
TXN002561,CUST18133,2025-09-04,North,Sports,22556.34,2,Net Banking,Partner Portal,Refunded
TXN004971,CUST15257,2025-08-28,North,Sports,62761.92,6,Credit Card,Partner Portal,Refunded
TXN002636,CUST12724,2025-05-21,North,Electronics,5050.8,5,UPI,E-Commerce,Cancelled
TXN003531,CUST17369,2025-01-28,East,Clothing,13201.76,4,Cash,Partner Portal,Refunded
TXN000376,CUST15879,2025-08-31,Central,Electronics,72675.18,6,UPI,Partner Portal,Pending
TXN001909,CUST16000,2027-01-10,East,Home & Kitchen,59722.38,6,Cash,Mobile App,Completed
TXN004399,CUST18551,2026-01-05,East,Electronics,5025.16,4,Credit Card,POS,Completed
TXN004446,CUST10602,2025-09-28,West,Sports,11005.25,5,Net Banking,Mobile App,Refunded
TXN004028,CUST19828,2025-10-19,East,Sports,80408.04,6,UPI,Partner Portal,Refunded
TXN001605,CUST16586,2026-02-04,North,Home & Kitchen,22558.32,4,Debit Card,Partner Portal,Pending
TXN001119,CUST17304,2026-08-24,North,Electronics,11898.48,4,Cash,Partner Portal,Cancelled
TXN003678,CUST13763,2025-10-23,Central,Home & Kitchen,-20285.92,8,Credit Card,CRM,Completed
TXN003491,CUST10562,2026-01-25,North,Grocery,21790.8,8,Debit Card,Mobile App,Pending
TXN004938,CUST12948,2025-08-27,North,Beauty,103659.84,8,UPI,E-Commerce,Completed
TXN002959,CUST19779,2025-08-12,West,Beauty,5195.1,6,Debit Card,Mobile App,Completed
TXN001995,CUST10626,2025-11-24,Central,Clothing,29836.88,4,Cash,CRM,Refunded
TXN003449,CUST13861,2026-08-12,West,Beauty,87532.0,8,Net Banking,Mobile App,Pending
TXN004422,CUST17454,2026-07-01,South,Sports,20359.25,5,Cash,E-Commerce,Cancelled
TXN002377,CUST16578,2026-03-22,East,Electronics,56582.4,7,Credit Card,Partner Portal,Completed
TXN001343,CUST12896,2026-04-10,Central,Beauty,34121.57,7,Cash,POS,Completed
TXN000321,CUST13391,2026-09-23,North,Sports,35382.75,3,UPI,Partner Portal,Cancelled
TXN001620,CUST17806,2025-02-06,Central,Beauty,789.84,2,Net Banking,POS,Refunded
TXN003714,CUST12808,2025-12-13,Central,Beauty,3698.37,3,Cash,Mobile App,Refunded
TXN002061,CUST10882,2025-01-27,West,Electronics,44557.47,3,UPI,Partner Portal,Pending
TXN002220,CUST13959,2026-05-04,West,Sports,3784.6,5,UPI,E-Commerce,Pending
TXN001674,CUST17581,2025-11-26,Central,Beauty,15971.22,2,UPI,CRM,Refunded
TXN000261,CUST12366,2025-09-04,West,Electronics,18323.88,4,Cash,Mobile App,Refunded
TXN004485,CUST11739,2025-01-15,East,Beauty,46593.68,7,Credit Card,POS,Cancelled
TXN002040,CUST13511,2026-06-24,West,Beauty,86476.72,8,UPI,E-Commerce,Pending
TXN000902,CUST18384,2025-05-10,Central,Clothing,16423.2,5,Cash,POS,Pending
TXN003745,CUST11578,2025-03-18,North,Sports,68506.62,7,Debit Card,CRM,Cancelled
TXN002027,CUST17728,2025-12-20,West,Sports,8034.45,1,Credit Card,Mobile App,Pending
TXN004235,CUST19623,2025-10-08,South,Electronics,28291.9,7,UPI,Mobile App,Cancelled
TXN001918,CUST16123,2026-02-04,East,Electronics,16154.01,3,Debit Card,Mobile App,Pending
TXN001829,CUST14920,2025-11-19,North,Home & Kitchen,27176.56,4,Cash,POS,Refunded
TXN001574,CUST19518,2026-02-27,West,Beauty,38201.34,3,Cash,Mobile App,Cancelled
TXN004461,CUST16838,2025-02-08,East,Clothing,86950.08,8,Net Banking,E-Commerce,Refunded
TXN004209,CUST15085,2025-01-10,West,Electronics,2114.0,5,Credit Card,E-Commerce,Cancelled
TXN000225,CUST16230,2025-02-22,South,Beauty,21125.04,8,Debit Card,CRM,Completed
TXN000724,CUST16061,2025-05-25,Central,Home & Kitchen,18227.72,7,Net Banking,E-Commerce,Completed
TXN004555,CUST15737,2025-04-22,East,Home & Kitchen,57559.8,4,Cash,POS,Pending
TXN001142,CUST14700,2026-03-14,South,Beauty,16071.37,7,Net Banking,CRM,Refunded
TXN002763,CUST17962,2025-09-07,West,Grocery,31881.25,5,Debit Card,Mobile App,Pending
TXN000847,CUST17683,2026-08-20,South,Clothing,11020.08,8,Net Banking,E-Commerce,Refunded
TXN004290,CUST18172,2025-02-14,East,Grocery,5286.75,7,Credit Card,POS,Pending
TXN002552,CUST11657,2025-10-17,Central,Grocery,23039.16,2,Debit Card,Partner Portal,Completed
TXN002929,CUST11660,2025-09-10,West,Beauty,6253.09,1,Cash,E-Commerce,Cancelled
TXN000118,CUST14838,2026-08-12,North,Beauty,74455.55,5,Net Banking,POS,Completed
TXN000646,CUST10954,2026-06-22,North,Sports,41871.44,4,Cash,CRM,Refunded
TXN000004,CUST15575,2025-01-07,East,Home & Kitchen,31506.84,3,Debit Card,POS,Completed
TXN004171,CUST19985,2026-08-03,Central,Grocery,49567.4,5,Debit Card,POS,Refunded
TXN000468,CUST14106,2025-10-01,South,Electronics,44263.89,3,UPI,E-Commerce,Completed
TXN000006,CUST15926,2026-01-23,Central,Home & Kitchen,16650.82,2,Credit Card,CRM,Pending
TXN000920,CUST18549,2025-07-17,South,Grocery,14363.66,1,Cash,CRM,Completed
TXN002596,CUST16660,2026-06-01,North,Clothing,73199.84,8,Cash,Partner Portal,Refunded
TXN001064,CUST17905,2026-08-15,East,Home & Kitchen,20052.21,3,Debit Card,E-Commerce,Pending
TXN002591,CUST15314,2025-03-16,West,Beauty,37992.5,5,Debit Card,Mobile App,Completed
TXN000243,CUST11018,2025-09-25,North,Grocery,62533.5,6,UPI,E-Commerce,Refunded
TXN001161,CUST10918,2025-05-09,South,Grocery,24264.0,4,Debit Card,Partner Portal,Completed
TXN002871,CUST14808,2026-02-26,North,Home & Kitchen,69280.96,8,Net Banking,Mobile App,Cancelled
TXN003736,CUST18267,2025-05-01,West,Electronics,43391.92,4,Net Banking,E-Commerce,Pending
TXN002398,CUST11914,2026-09-14,West,Sports,114817.52,8,Credit Card,POS,Refunded
TXN003518,CUST12445,2025-06-13,East,Sports,52208.95,5,Cash,Mobile App,Pending
TXN003422,CUST15582,2026-06-29,South,Electronics,93760.8,8,Credit Card,Partner Portal,Completed
TXN002564,CUST15583,2025-03-20,South,Clothing,57509.0,4,Cash,E-Commerce,Completed
TXN001606,CUST15075,2025-09-22,South,Beauty,71665.3,7,UPI,Mobile App,Completed
TXN004902,CUST18127,2025-12-12,Central,Sports,9409.08,4,Net Banking,POS,Pending
TXN002325,CUST19420,2025-10-10,East,Grocery,34782.56,8,UPI,CRM,Pending
TXN002710,CUST18552,2025-07-08,West,Electronics,25383.6,5,Credit Card,E-Commerce,Completed
TXN004465,CUST16512,2025-06-15,West,Clothing,47277.68,4,Cash,Partner Portal,Completed
TXN001313,CUST14429,2025-01-22,East,Sports,100490.0,8,Net Banking,POS,Completed
TXN003449,CUST13861,2026-08-12,West,Beauty,87532.0,8,Net Banking,Mobile App,Pending
TXN003813,CUST13027,2026-06-13,South,Grocery,87324.12,6,Net Banking,POS,Refunded
TXN004727,CUST14676,2025-06-30,West,Clothing,11395.99,1,Cash,Partner Portal,Pending
TXN002363,CUST15252,2026-01-20,East,Sports,17146.71,3,Net Banking,E-Commerce,Pending
TXN001976,CUST11549,2025-10-29,West,Clothing,14598.87,1,UPI,CRM,Pending
TXN003515,CUST19066,2025-08-11,East,Clothing,22104.51,3,Net Banking,Partner Portal,Completed
TXN001762,CUST15190,2025-06-05,South,Home & Kitchen,8350.28,1,Net Banking,E-Commerce,Completed
TXN002740,CUST13169,2026-08-28,South,Grocery,31131.92,4,,E-Commerce,Cancelled
TXN004731,CUST16788,2026-06-17,North,Home & Kitchen,23150.47,7,Cash,POS,Cancelled
TXN002473,CUST18960,2025-02-08,North,Home & Kitchen,40289.0,4,Net Banking,E-Commerce,Completed
TXN004008,CUST15870,2025-01-22,West,Clothing,40988.37,3,UPI,CRM,Pending
TXN001494,CUST18222,2025-04-22,East,Clothing,13107.72,4,Cash,Mobile App,Completed
TXN004207,CUST10591,2025-11-24,West,Sports,21539.95,5,Cash,Mobile App,Refunded
TXN002159,CUST12575,2026-07-17,Central,Home & Kitchen,4386.0,8,Debit Card,Partner Portal,Completed
TXN001170,CUST18219,2025-05-25,Central,Beauty,44705.73,3,Cash,Partner Portal,Cancelled
TXN004586,CUST13653,2025-04-03,South,Sports,42012.21,3,Credit Card,Mobile App,Pending
TXN000233,CUST19615,2025-05-21,South,Home & Kitchen,18547.18,2,Credit Card,Partner Portal,Pending
TXN000067,CUST16212,2025-08-05,East,Grocery,39760.0,8,UPI,CRM,Refunded
TXN001604,CUST11906,2026-01-26,East,Electronics,54059.12,4,Debit Card,POS,Pending
TXN003284,CUST13166,2026-06-12,East,Electronics,14433.54,6,Credit Card,POS,Refunded
TXN003597,CUST16985,2025-08-15,Central,Grocery,12776.4,2,Cash,Mobile App,Cancelled
TXN000126,CUST14952,2025-03-06,West,Electronics,109199.04,8,Debit Card,CRM,Completed
TXN001297,CUST13956,2025-10-22,Central,Sports,16125.82,2,Cash,POS,Refunded
TXN001977,CUST11665,2026-04-08,West,Grocery,41050.12,4,,CRM,Pending
TXN004587,CUST14108,2025-12-23,North,Sports,41238.12,4,UPI,POS,Cancelled
TXN004551,CUST19502,2025-01-14,North,Electronics,481.07,1,Net Banking,E-Commerce,Cancelled
TXN002076,CUST13352,2026-03-16,North,Sports,37464.95,5,Credit Card,POS,Pending
TXN003087,CUST17265,2026-06-23,Central,Electronics,4331.6,4,Credit Card,POS,Completed
TXN004412,CUST14496,2025-05-08,East,Beauty,29904.48,2,Net Banking,Mobile App,Refunded
TXN003346,CUST14300,2025-09-04,Central,Grocery,24595.68,2,Debit Card,E-Commerce,Cancelled
TXN004534,CUST14318,2025-05-15,Central,Clothing,42361.45,5,Debit Card,POS,Cancelled
TXN002798,CUST19313,2025-02-28,Central,Sports,39374.0,8,Credit Card,E-Commerce,Pending
TXN000919,CUST19372,2025-04-01,East,Sports,31912.23,3,Credit Card,Partner Portal,Completed
TXN001647,CUST11754,2025-01-24,South,Electronics,36338.34,3,Debit Card,POS,Completed
TXN000365,CUST12291,2026-04-19,North,Electronics,24156.12,2,Credit Card,E-Commerce,Pending
TXN003288,CUST17081,2025-11-17,South,Beauty,41421.72,6,UPI,POS,Cancelled
TXN002126,CUST19122,2026-01-20,Central,Grocery,59021.05,5,Net Banking,Mobile App,Refunded
TXN004124,CUST18240,2025-11-23,North,Electronics,21244.64,4,UPI,Mobile App,Cancelled
TXN000526,CUST19979,2025-09-27,North,Beauty,22501.76,4,Net Banking,Mobile App,Cancelled
TXN000056,CUST10091,2026-05-22,North,Grocery,26147.59,7,Debit Card,E-Commerce,Refunded
TXN000639,CUST14147,2025-07-27,North,Grocery,9376.15,1,Net Banking,Mobile App,Completed
TXN000303,CUST11407,2025-04-18,North,Beauty,31490.15,5,Debit Card,POS,Cancelled
TXN002767,CUST16485,2026-02-07,South,Grocery,2875.2,4,Credit Card,POS,Completed
TXN001277,CUST17272,2026-05-01,West,Electronics,12507.62,1,Credit Card,POS,Refunded
TXN002056,CUST12460,2025-01-09,Central,Clothing,88389.36,6,Net Banking,E-Commerce,Completed
TXN003645,CUST18188,2025-08-06,West,Grocery,38926.14,6,Cash,Partner Portal,Cancelled
TXN004144,CUST17064,2026-09-04,East,Sports,9996.42,2,Credit Card,Mobile App,Completed
TXN002879,CUST17980,2026-07-12,East,Beauty,48947.5,5,Cash,CRM,Refunded
TXN004203,CUST14570,2025-05-24,East,Sports,5489.29,1,Debit Card,E-Commerce,Pending
TXN002287,CUST15735,2026-03-10,North,Grocery,9785.3,7,Net Banking,CRM,Completed
TXN002262,CUST16126,2026-01-10,East,Clothing,49155.6,8,Net Banking,Mobile App,Cancelled
TXN002297,CUST14996,2025-11-19,North,Beauty,51463.6,4,Cash,POS,Pending
TXN001754,CUST19310,2026-02-06,West,Sports,86271.36,8,UPI,E-Commerce,Cancelled
TXN001969,CUST19860,2025-02-18,North,Clothing,25574.34,3,Credit Card,Mobile App,Cancelled
TXN004418,CUST18588,2026-08-26,Central,Sports,24085.56,3,Net Banking,E-Commerce,Cancelled
TXN003118,CUST19201,2025-10-02,South,Beauty,47278.32,4,UPI,Partner Portal,Refunded
TXN002394,CUST13697,2026-06-02,Central,Home & Kitchen,9290.28,3,Credit Card,Partner Portal,Pending
TXN000524,CUST16563,2025-06-15,East,Sports,6590.86,2,Cash,CRM,Pending
TXN003901,CUST18952,2026-09-01,East,Sports,41181.72,4,Credit Card,Mobile App,Cancelled
TXN003123,CUST10523,2025-11-23,Central,Home & Kitchen,5481.55,1,Cash,POS,Refunded
TXN004157,CUST12285,2025-09-06,East,Home & Kitchen,748.23,3,UPI,E-Commerce,Pending
TXN001970,CUST17437,2025-03-10,South,Electronics,12226.96,4,Debit Card,POS,Cancelled
TXN000672,CUST11753,2026-06-05,East,Sports,12289.44,2,Credit Card,POS,Refunded
TXN004189,CUST10177,2025-10-16,South,Beauty,103536.0,8,Debit Card,CRM,Cancelled
TXN000667,CUST19712,2026-02-06,West,Sports,31799.1,3,UPI,POS,Cancelled
TXN004405,CUST19253,2025-09-06,North,Electronics,24817.86,3,Cash,E-Commerce,Pending
TXN001888,CUST13346,2025-02-02,East,Beauty,21827.16,2,UPI,Mobile App,Pending
TXN003267,CUST11111,2025-12-18,East,Beauty,2099.76,6,Debit Card,E-Commerce,Pending
TXN000281,CUST16526,2025-01-17,North,Clothing,35387.36,4,Debit Card,Partner Portal,Pending
TXN001720,CUST11169,2025-08-01,North,Clothing,37296.24,3,Net Banking,CRM,Refunded
TXN002948,CUST18918,2026-03-04,North,Beauty,12245.12,2,Credit Card,Partner Portal,Completed
TXN000900,CUST17311,2025-10-14,South,Sports,31603.2,3,Cash,Partner Portal,Refunded
TXN004924,CUST18165,2025-10-12,South,Home & Kitchen,36889.8,5,UPI,E-Commerce,Cancelled
TXN000761,CUST18846,2025-12-19,South,Sports,16969.29,3,UPI,CRM,Completed
TXN001907,CUST15595,2025-09-25,North,Clothing,22922.6,4,Cash,POS,Pending
TXN004043,CUST13889,2025-02-03,South,Sports,41283.96,4,Net Banking,E-Commerce,Refunded
TXN003824,CUST16998,2026-02-09,West,Grocery,40082.76,6,UPI,POS,Completed
TXN004139,CUST15857,2025-02-22,North,Grocery,69708.32,8,Debit Card,POS,Pending
TXN003819,CUST19728,2025-07-13,North,Grocery,1947.44,8,Credit Card,E-Commerce,Refunded
TXN004301,CUST18980,2025-01-08,Central,Home & Kitchen,24016.0,5,Cash,CRM,Completed
TXN002594,CUST12357,2026-04-02,West,Electronics,71956.99,7,Debit Card,POS,Pending
TXN004165,CUST12774,2025-08-13,Central,Sports,24187.14,2,Debit Card,Mobile App,Pending
TXN003032,CUST16083,2025-05-15,North,Home & Kitchen,9174.62,2,Debit Card,E-Commerce,Cancelled
TXN003580,CUST13726,2025-12-19,West,Sports,56634.16,8,Debit Card,Partner Portal,Cancelled
TXN002833,CUST19435,2025-03-09,West,Home & Kitchen,71888.08,8,UPI,POS,Pending
TXN003473,CUST17515,2026-08-07,South,Electronics,17664.42,6,Debit Card,E-Commerce,Cancelled
TXN000138,CUST14506,2025-11-26,Central,Beauty,3236.01,3,Cash,Partner Portal,Cancelled
TXN002181,CUST12666,2025-05-22,South,Sports,28472.08,7,Net Banking,POS,Completed
TXN002129,CUST18298,2025-11-23,Central,Electronics,11860.32,4,Net Banking,E-Commerce,Pending
TXN003178,CUST16811,2026-06-29,East,Grocery,22311.87,7,Credit Card,POS,Refunded
TXN004834,CUST12716,2026-07-18,East,Electronics,52413.55,7,UPI,CRM,Refunded
TXN004262,CUST16750,2026-09-14,Central,Beauty,7929.73,1,Credit Card,CRM,Completed
TXN004345,CUST10123,2025-05-31,North,Grocery,31143.81,3,Debit Card,E-Commerce,Refunded
TXN001332,CUST18593,2026-06-25,Central,Grocery,9145.82,1,UPI,POS,Pending
TXN002018,CUST10703,2025-05-20,South,Clothing,13249.1,1,UPI,E-Commerce,Pending
TXN002483,CUST11847,2025-01-09,East,Home & Kitchen,9378.06,1,Cash,Mobile App,Completed
TXN001359,CUST14707,2025-04-09,West,Grocery,7097.08,4,UPI,E-Commerce,Refunded
TXN001330,CUST16207,2025-11-17,Central,Electronics,84630.6,6,Debit Card,Mobile App,Completed
TXN002151,CUST14569,2026-03-12,East,Clothing,89007.54,6,UPI,POS,Cancelled
TXN002123,CUST16731,2025-08-01,South,Electronics,33490.66,7,Cash,Partner Portal,Cancelled
TXN003982,CUST19845,2026-09-14,West,Clothing,7580.7,2,Cash,CRM,Cancelled
TXN001253,CUST15500,2025-04-07,West,Grocery,9277.14,2,UPI,Partner Portal,Cancelled
TXN003279,CUST18501,2026-07-22,North,Grocery,35149.45,7,Net Banking,POS,Pending
TXN003375,CUST18800,2026-03-16,East,Grocery,58634.05,5,Credit Card,POS,Refunded
TXN002815,CUST12648,2026-05-25,East,Grocery,13360.55,5,,Partner Portal,Refunded
TXN001849,CUST14913,2025-03-18,West,Electronics,37559.52,8,Credit Card,POS,Cancelled
TXN003038,CUST11849,2025-05-24,North,Home & Kitchen,21608.09,7,Debit Card,CRM,Completed
TXN000389,CUST16152,2025-04-18,South,Beauty,10385.88,2,Credit Card,Partner Portal,Completed
TXN000236,CUST10612,2026-08-11,South,Grocery,32295.08,4,Debit Card,CRM,Refunded
TXN001078,CUST16915,2026-08-29,North,Sports,25399.2,6,UPI,POS,Refunded
TXN001985,CUST18833,2026-01-10,West,Electronics,11681.57,1,UPI,Mobile App,Pending
TXN004364,CUST19694,2025-01-27,East,Home & Kitchen,96787.12,8,Cash,CRM,Refunded
TXN003963,CUST18595,2025-03-31,West,Electronics,12973.7,1,Net Banking,POS,Refunded
TXN000771,CUST19678,2026-06-22,West,Electronics,6510.78,6,Credit Card,Mobile App,Cancelled
TXN002166,CUST11601,2026-08-26,North,Electronics,74985.96,6,Debit Card,CRM,Refunded
TXN000674,CUST19683,2025-12-15,West,Grocery,48909.36,4,Cash,POS,Pending
TXN000250,CUST15645,2026-08-16,North,Sports,1549.64,2,Credit Card,CRM,Refunded
TXN001575,CUST15973,2026-01-08,South,Clothing,32632.95,5,Cash,POS,Completed
TXN003420,CUST11481,2025-11-27,South,Sports,27065.73,3,UPI,E-Commerce,Refunded
TXN002082,CUST15162,2026-07-31,South,Beauty,43275.6,5,Credit Card,POS,Pending
TXN001824,CUST18116,2025-05-24,East,Home & Kitchen,30961.96,4,Debit Card,Mobile App,Completed
TXN000717,CUST11033,2026-08-31,Central,Beauty,29558.28,4,UPI,Mobile App,Refunded
TXN004740,CUST15785,2025-01-02,Central,Beauty,47521.6,5,Net Banking,E-Commerce,Cancelled
TXN002049,CUST10794,2026-09-16,South,Beauty,4526.48,2,Debit Card,CRM,Pending
TXN004179,CUST10648,2026-05-14,South,Beauty,104310.32,8,Debit Card,E-Commerce,Completed
TXN002725,CUST14121,2026-06-22,Central,Home & Kitchen,2483.85,3,Credit Card,POS,Pending
TXN004591,CUST18957,2025-11-12,West,Clothing,69884.96,8,Net Banking,CRM,Refunded
TXN001461,CUST16723,2026-08-18,South,Beauty,102314.03,7,Credit Card,Partner Portal,Pending
TXN001669,CUST18678,2026-09-19,East,Clothing,18053.66,2,UPI,E-Commerce,Cancelled
TXN002757,CUST11293,2026-07-08,North,Home & Kitchen,64991.15,5,Debit Card,Mobile App,Refunded
TXN002001,CUST15372,2025-06-18,South,Sports,6430.7,5,UPI,Mobile App,Pending
TXN000405,CUST12357,2025-02-08,Central,Sports,12611.01,3,Net Banking,CRM,Refunded
TXN000385,CUST11454,2025-12-22,East,Grocery,15609.12,6,Credit Card,POS,Pending
TXN004562,CUST12640,2026-06-07,Central,Beauty,24685.04,4,Debit Card,Partner Portal,Refunded
TXN002153,CUST15252,2026-04-07,South,Beauty,663.98,2,Cash,CRM,Pending
TXN001634,CUST14748,2026-05-02,East,Electronics,63502.14,6,Cash,E-Commerce,Pending
TXN004656,CUST16736,2026-04-01,Central,Beauty,-19741.68,8,Debit Card,E-Commerce,Cancelled
TXN003926,CUST17729,2025-08-24,South,Electronics,23132.07,3,UPI,Mobile App,Refunded
TXN004159,CUST19668,2025-05-18,Central,Grocery,39248.04,4,Net Banking,Mobile App,Refunded
TXN000224,CUST10437,2026-03-03,Central,Grocery,59858.25,0,UPI,Partner Portal,Pending
TXN002194,CUST12308,2025-10-28,Invalid,Sports,48719.4,4,Net Banking,Mobile App,Pending
TXN003137,CUST11565,2025-09-11,South,Electronics,30621.44,8,UPI,Mobile App,Cancelled
TXN004470,CUST15117,2026-09-22,South,Beauty,31583.7,5,Net Banking,E-Commerce,Completed
TXN001825,CUST16112,2025-01-10,East,Electronics,64196.04,6,Credit Card,Mobile App,Pending
TXN004671,CUST15750,2025-04-21,North,Beauty,64076.58,6,Debit Card,Mobile App,Completed
TXN000798,CUST13262,2025-06-22,East,Home & Kitchen,11038.56,2,Cash,Mobile App,Completed
TXN002872,CUST12208,2025-01-23,Central,Clothing,13073.8,2,Net Banking,E-Commerce,Refunded
TXN000010,CUST11085,2025-02-02,South,Sports,36464.16,6,UPI,E-Commerce,Refunded
TXN001945,CUST12034,2025-08-28,North,Electronics,55537.08,6,UPI,Mobile App,Completed
TXN001839,CUST13102,2025-12-28,Central,Clothing,17638.26,3,Credit Card,Partner Portal,Completed
TXN000256,CUST10798,2025-04-14,South,Beauty,6751.97,1,Credit Card,Mobile App,Refunded
TXN004486,CUST11760,2026-06-04,West,Clothing,52887.92,8,Cash,E-Commerce,Cancelled
TXN004578,CUST14903,2025-02-22,East,Grocery,55335.68,4,Debit Card,E-Commerce,Pending
TXN001582,CUST18842,2025-08-27,Central,Clothing,15743.49,7,Credit Card,Partner Portal,Completed
TXN002957,CUST11822,2025-02-08,West,Electronics,36758.56,8,Cash,POS,Pending
TXN000925,CUST15330,2025-06-23,South,Electronics,9255.68,1,Credit Card,POS,Refunded
TXN004498,CUST14067,2025-10-04,North,Grocery,5173.7,7,Credit Card,E-Commerce,Cancelled
TXN002509,CUST16630,2025-06-24,East,Beauty,57073.38,7,Cash,Partner Portal,Refunded
TXN003776,CUST11874,2025-04-26,Central,Grocery,37364.28,4,Credit Card,E-Commerce,Cancelled
TXN004137,CUST13754,2026-04-01,East,Grocery,-40117.92,4,Net Banking,CRM,Cancelled
TXN002780,CUST11031,2025-07-21,East,Sports,72100.08,6,UPI,CRM,Completed
TXN000540,CUST16082,2026-07-09,Central,Clothing,12735.36,1,Net Banking,Partner Portal,Cancelled
TXN002746,CUST15642,2026-07-26,East,Sports,46094.16,6,Credit Card,CRM,Cancelled
TXN004568,CUST13043,2025-02-04,South,Beauty,45611.22,6,Credit Card,E-Commerce,Refunded
TXN004641,CUST13818,2026-08-12,Central,Grocery,113540.32,8,Credit Card,CRM,Pending
TXN001146,CUST14349,2025-10-05,North,Electronics,79678.4,8,Debit Card,E-Commerce,Cancelled
TXN004469,CUST19966,2025-03-12,West,Grocery,40672.6,4,Debit Card,POS,Pending
TXN000668,CUST17630,2025-07-22,Central,Home & Kitchen,29215.72,2,Credit Card,Mobile App,Invalid
TXN003020,CUST14255,2025-09-07,West,Clothing,6373.94,2,Cash,Partner Portal,Refunded
TXN000358,CUST11392,2026-01-17,Central,Electronics,116966.96,8,Cash,E-Commerce,Refunded
TXN002832,CUST13484,2025-02-01,East,Beauty,56129.7,5,Cash,CRM,Refunded
TXN002784,CUST16151,2026-03-29,East,Beauty,4717.75,5,UPI,E-Commerce,Completed
TXN001354,CUST13608,2025-09-09,South,Clothing,26509.56,3,Net Banking,E-Commerce,Refunded
TXN000471,CUST17260,2025-01-14,South,Beauty,15630.0,5,UPI,Partner Portal,Pending
TXN002704,CUST14850,2026-07-18,East,Sports,29412.3,3,UPI,CRM,Completed
TXN003331,CUST13379,2025-05-20,West,Beauty,9473.98,1,UPI,Partner Portal,Completed
TXN003638,CUST10687,2026-01-12,South,Electronics,62720.52,6,Credit Card,Mobile App,Completed
TXN001397,CUST12917,2026-07-26,North,Clothing,68713.19,7,Net Banking,POS,Refunded
TXN003585,CUST15923,2025-02-01,West,Home & Kitchen,8191.3,1,Credit Card,Partner Portal,Pending
TXN004817,CUST12653,2026-06-13,South,Sports,12816.86,2,Net Banking,Mobile App,Cancelled
TXN003377,CUST10978,2025-09-06,North,Electronics,24466.5,6,Debit Card,Mobile App,Pending
TXN001257,CUST18928,2025-04-21,West,Sports,65847.25,5,Debit Card,POS,Cancelled
TXN003513,CUST11676,2026-01-13,Central,Beauty,12408.38,1,Debit Card,Partner Portal,Completed
TXN001251,CUST19555,2026-09-01,North,Grocery,87277.02,6,Debit Card,Mobile App,Completed
TXN004881,CUST13395,2025-06-28,South,Home & Kitchen,26943.63,3,Cash,Mobile App,Pending
TXN004299,CUST14475,2025-05-22,Central,Clothing,4413.08,1,UPI,Mobile App,Refunded
TXN003285,CUST15446,2025-04-01,East,Clothing,15267.72,4,Debit Card,CRM,Completed
TXN002934,CUST12293,2026-05-09,West,Beauty,8383.39,1,UPI,Partner Portal,Pending
TXN004176,CUST18158,2025-04-12,East,Clothing,8990.09,1,Credit Card,E-Commerce,Refunded
TXN001853,CUST16614,2026-07-20,North,Clothing,7982.45,5,Net Banking,CRM,Cancelled
TXN004943,CUST11631,2026-04-10,West,Beauty,10246.95,3,Credit Card,E-Commerce,Pending
TXN002106,CUST12049,2026-02-21,North,Sports,40925.15,5,Cash,E-Commerce,Cancelled
TXN000134,CUST10259,2026-01-02,South,Clothing,35495.64,4,Credit Card,E-Commerce,Refunded
TXN000929,CUST19089,2026-07-22,South,Clothing,7540.22,2,Cash,Mobile App,Refunded
TXN000824,CUST17146,2026-04-21,West,Beauty,67531.12,8,Credit Card,E-Commerce,Pending
TXN004613,CUST12948,2025-10-27,Central,Beauty,7300.65,3,Cash,CRM,Cancelled
TXN001532,CUST17693,2025-05-18,East,Home & Kitchen,4740.32,1,,Partner Portal,Cancelled
TXN001215,CUST16553,2026-05-23,South,Clothing,54170.06,7,Debit Card,E-Commerce,Cancelled
TXN000505,CUST11276,2026-01-21,Central,Clothing,38800.44,7,Net Banking,E-Commerce,Refunded
TXN004286,CUST10114,2025-12-15,Central,Sports,40402.6,7,Credit Card,POS,Refunded
TXN001997,CUST10502,2025-12-06,North,Home & Kitchen,68647.84,8,UPI,Partner Portal,Pending
TXN003073,CUST15929,2025-09-07,East,Grocery,6933.95,1,Debit Card,Mobile App,Completed
TXN001959,CUST11970,2026-08-09,East,Home & Kitchen,88254.36,6,UPI,Mobile App,Pending
TXN001385,CUST13451,2026-06-16,East,Beauty,35672.2,5,Debit Card,E-Commerce,Refunded
TXN000895,CUST16800,2025-09-30,East,Beauty,64538.88,6,Debit Card,E-Commerce,Refunded
TXN000456,CUST15440,2025-02-25,Central,Sports,50721.32,4,Cash,Mobile App,Cancelled
TXN004708,CUST15117,2026-06-01,North,Sports,34765.88,4,Debit Card,POS,Cancelled
TXN003710,CUST11723,2025-07-12,South,Beauty,24034.06,2,Credit Card,E-Commerce,Completed
TXN004690,CUST19149,2025-06-21,Central,Clothing,9418.4,8,Credit Card,Partner Portal,Cancelled
TXN004269,CUST17940,2026-05-21,East,Clothing,46701.3,6,,POS,Completed
TXN003523,CUST16200,2026-08-18,Central,Home & Kitchen,33093.6,3,UPI,Mobile App,Refunded
TXN004135,CUST10054,2025-10-18,South,Electronics,103867.61,7,Debit Card,POS,Cancelled
TXN003603,CUST13198,2026-09-23,North,Clothing,10996.02,7,Debit Card,POS,Cancelled
TXN000714,CUST15572,2025-04-03,North,Grocery,48395.58,6,UPI,E-Commerce,Pending
TXN004187,CUST17336,2025-09-16,North,Home & Kitchen,8205.2,1,Cash,POS,Refunded
TXN002215,CUST15706,2026-08-16,South,Electronics,289.52,2,Debit Card,Mobile App,Completed
TXN002924,CUST14437,2025-06-13,West,Grocery,65922.7,5,,E-Commerce,Cancelled
TXN001811,CUST16010,2025-02-03,East,Beauty,13326.6,3,Cash,CRM,Invalid
TXN003487,CUST13548,2026-03-04,Central,Home & Kitchen,25517.46,2,Net Banking,Partner Portal,Completed
TXN003142,CUST11638,2025-05-09,South,Home & Kitchen,46666.41,7,UPI,E-Commerce,Completed
TXN001828,CUST19656,2025-10-19,North,Grocery,2201.58,6,Net Banking,Mobile App,Pending
TXN001156,CUST11295,2025-01-31,South,Electronics,16626.42,3,Credit Card,Partner Portal,Refunded
TXN001325,CUST14245,2025-02-12,East,Electronics,4024.44,4,UPI,Partner Portal,Completed
TXN004313,CUST12187,2025-12-18,East,Clothing,38918.08,8,Debit Card,Partner Portal,Refunded
TXN000511,CUST14645,2026-09-06,North,Home & Kitchen,13189.78,1,Net Banking,Partner Portal,Refunded
TXN001681,CUST17428,2025-10-10,East,Home & Kitchen,42495.28,4,Cash,E-Commerce,Cancelled
TXN000500,CUST11484,2025-05-18,West,Clothing,60533.92,8,Cash,CRM,Pending
TXN004606,CUST10392,2025-05-18,West,Grocery,21170.5,5,Net Banking,Partner Portal,Cancelled
TXN001857,CUST18351,2025-05-10,South,Grocery,33282.42,3,Credit Card,Partner Portal,Cancelled
TXN001389,CUST15010,2025-10-19,East,Sports,61660.06,7,Net Banking,POS,Pending
TXN003720,CUST17582,2025-07-10,West,Electronics,17967.76,8,Debit Card,E-Commerce,Completed
TXN002387,CUST18835,2025-12-23,East,Home & Kitchen,44980.56,4,Cash,Mobile App,Pending
TXN003237,CUST14559,2026-08-13,East,Electronics,2266.98,6,UPI,Mobile App,Refunded
TXN001541,CUST10417,2025-03-06,Central,Home & Kitchen,38730.42,6,Credit Card,E-Commerce,Refunded
TXN001218,CUST16127,2026-03-16,North,Grocery,34201.68,4,Debit Card,CRM,Cancelled
TXN002682,CUST16494,2026-03-12,West,Beauty,12991.92,4,Net Banking,E-Commerce,Completed
TXN002994,CUST14617,2025-12-02,Central,Electronics,28790.1,6,Net Banking,E-Commerce,Unknown
TXN001192,CUST15030,2027-03-11,Central,Electronics,2047.5,6,Net Banking,Mobile App,Refunded
TXN001543,CUST18270,2026-07-21,South,Grocery,28995.52,2,Cash,E-Commerce,Pending
TXN003302,CUST14254,2026-03-23,South,Electronics,101134.32,7,Credit Card,Mobile App,Cancelled
TXN003325,CUST18872,2025-05-29,South,Clothing,23737.35,3,Cash,E-Commerce,Refunded
TXN002540,CUST17131,2025-01-12,East,Home & Kitchen,88463.12,8,UPI,POS,Refunded
TXN000954,CUST17606,2025-08-27,West,Sports,6855.83,1,Cash,CRM,Cancelled
TXN004331,CUST14342,2026-08-22,East,Electronics,3713.68,8,UPI,E-Commerce,Completed
TXN000733,CUST13856,2026-06-12,West,Sports,2311.62,2,Cash,POS,Refunded
TXN001157,CUST12296,2025-06-03,Central,Beauty,21298.47,3,,Mobile App,Refunded
TXN003295,CUST13775,2025-01-04,South,Beauty,5244.41,1,UPI,Mobile App,Pending
TXN002983,CUST15644,2025-11-23,West,Clothing,49997.94,6,Cash,Partner Portal,Cancelled
TXN002157,CUST12868,2025-04-02,East,Home & Kitchen,74802.28,7,Debit Card,Partner Portal,Pending
TXN001063,CUST19510,2025-04-10,North,Beauty,14756.82,3,UPI,Mobile App,Pending
TXN002617,CUST14977,2026-04-10,East,Home & Kitchen,25017.54,3,Cash,Mobile App,Cancelled
TXN001168,CUST12461,2026-05-31,North,Sports,15164.88,2,Net Banking,Mobile App,Completed
TXN003223,CUST18477,2025-07-15,Central,Sports,48434.84,4,Debit Card,E-Commerce,Cancelled
TXN003637,CUST15403,2025-10-27,North,Sports,83327.58,7,Debit Card,POS,Cancelled
TXN002939,CUST16280,2025-07-05,East,Sports,73972.43,7,Net Banking,CRM,Refunded
TXN004492,CUST14804,2025-11-18,East,Grocery,69205.43,7,UPI,POS,Pending
TXN003141,CUST10972,2025-03-17,East,Clothing,78375.5,7,Credit Card,POS,Pending
TXN000144,CUST17901,2025-04-17,South,Electronics,9621.92,4,UPI,Partner Portal,Cancelled
TXN003578,CUST16502,2025-04-30,West,Beauty,19325.67,0,Credit Card,E-Commerce,Pending
TXN002783,CUST11230,2025-05-13,South,Home & Kitchen,11727.99,3,Cash,POS,Cancelled
TXN000718,CUST15534,2025-01-17,North,Grocery,5155.35,1,Credit Card,E-Commerce,Refunded
TXN001820,CUST15968,2025-08-03,South,Grocery,79016.88,8,Debit Card,POS,Completed
TXN002503,CUST19630,2025-12-17,East,Electronics,9895.92,3,Debit Card,CRM,Cancelled
TXN004361,CUST12339,2025-06-08,North,Electronics,26688.09,3,Cash,E-Commerce,Cancelled
TXN004172,CUST16793,2026-01-22,South,Electronics,74163.67,7,Debit Card,Partner Portal,Completed
TXN000396,CUST17304,2026-01-15,North,Clothing,39228.56,7,Net Banking,Mobile App,Cancelled
TXN004910,CUST12060,2025-02-07,West,Home & Kitchen,3285.16,2,Cash,E-Commerce,Completed
TXN004493,CUST11189,2025-09-01,East,Home & Kitchen,549.57,1,UPI,E-Commerce,Refunded
TXN001366,CUST13252,2025-02-20,South,Sports,21981.04,4,Net Banking,E-Commerce,Cancelled
TXN004628,CUST14788,2026-02-08,West,Clothing,76798.47,7,Credit Card,E-Commerce,Completed
TXN000596,CUST14946,2026-09-03,North,Clothing,7812.38,1,Debit Card,E-Commerce,Cancelled
TXN003953,CUST16731,2026-06-26,East,Sports,2678.28,2,UPI,POS,Cancelled
TXN002915,CUST15958,2025-07-17,South,Sports,38647.84,4,Net Banking,CRM,Pending
TXN002327,CUST12584,2025-08-12,North,Electronics,7932.05,5,Cash,Mobile App,Pending
TXN003767,CUST10899,2026-05-31,East,Beauty,2966.1,2,Net Banking,CRM,Pending
TXN003441,CUST17920,2026-08-03,South,Electronics,52469.48,7,Cash,E-Commerce,Cancelled
TXN003852,CUST19773,2026-09-03,East,Electronics,46323.95,5,Debit Card,Partner Portal,Cancelled
TXN004133,CUST13091,2025-11-29,East,Grocery,5280.0,8,UPI,Mobile App,Completed
TXN004661,CUST19147,2026-03-17,East,Home & Kitchen,55583.2,8,Net Banking,CRM,Completed
TXN002144,CUST12526,2025-04-25,West,Clothing,42517.56,3,Cash,Partner Portal,Refunded
TXN001572,CUST13701,2025-08-18,West,Beauty,15022.96,4,Debit Card,E-Commerce,Completed
TXN004080,CUST15146,2025-02-28,North,Electronics,20624.85,3,Credit Card,POS,Refunded
TXN001123,CUST19277,2025-05-13,North,Beauty,3885.65,5,Debit Card,Mobile App,Refunded
TXN002787,CUST15281,2025-05-07,Central,Grocery,12010.56,4,UPI,Partner Portal,Refunded
TXN002968,CUST16748,2025-04-16,West,Sports,151.11,1,Cash,CRM,Cancelled
TXN002505,CUST15786,2025-07-07,East,Electronics,67613.98,7,Debit Card,E-Commerce,Refunded
TXN003466,CUST15323,2026-04-08,East,Clothing,30530.8,8,Credit Card,POS,Pending
TXN000676,CUST12887,2025-11-30,East,Grocery,24696.28,2,Credit Card,Partner Portal,Completed
TXN002809,CUST18292,2026-09-05,West,Electronics,7879.08,2,Cash,Partner Portal,Cancelled
TXN003349,CUST12369,2025-11-18,Central,Clothing,10929.09,3,UPI,POS,Completed
TXN000729,CUST11568,2025-07-16,Central,Clothing,29600.78,2,Cash,Partner Portal,Pending
TXN000413,CUST11481,2025-06-17,East,Electronics,56297.6,5,Net Banking,CRM,Pending
TXN003147,CUST11394,2025-10-20,Central,Beauty,14959.15,5,Debit Card,POS,Pending
TXN001517,CUST15366,2026-07-08,East,Home & Kitchen,85946.64,6,Debit Card,E-Commerce,Cancelled
TXN000826,CUST14883,2025-02-26,North,Grocery,9554.36,2,UPI,CRM,Refunded
TXN003268,CUST13047,2025-01-04,West,Grocery,25969.05,3,UPI,CRM,Cancelled
TXN003975,CUST15746,2026-02-10,Invalid,Grocery,79216.08,8,UPI,POS,Refunded
TXN000617,CUST16446,2026-06-27,South,Electronics,25350.95,5,UPI,POS,Cancelled
TXN000115,CUST17530,2025-08-26,East,Beauty,76838.24,8,Credit Card,Mobile App,Cancelled
TXN000418,CUST15510,2025-11-02,East,Beauty,14555.8,2,UPI,POS,Cancelled
TXN003070,CUST13843,2026-09-14,South,Clothing,55354.81,7,UPI,CRM,Completed
TXN001626,CUST13129,2026-06-27,Central,Home & Kitchen,15062.04,4,Cash,POS,Refunded
TXN004617,CUST14048,2026-09-08,South,Clothing,18276.45,5,,E-Commerce,Refunded
TXN004186,CUST12114,2025-04-05,North,Sports,13773.66,1,Debit Card,POS,Completed
TXN002897,CUST18781,2026-05-08,South,Sports,8371.38,3,Credit Card,POS,Refunded
TXN004743,CUST13558,2025-06-09,East,Home & Kitchen,6316.74,6,Debit Card,POS,Pending
TXN002083,CUST18223,2025-02-13,North,Sports,45986.6,5,UPI,Partner Portal,Refunded
TXN000754,CUST18531,2026-05-24,North,Clothing,39412.2,3,Net Banking,Partner Portal,Pending
TXN002547,CUST14808,2026-06-07,West,Grocery,59362.95,5,Credit Card,E-Commerce,Completed
TXN003970,CUST17644,2025-11-12,West,Home & Kitchen,25039.4,2,Debit Card,Mobile App,Completed
TXN003374,CUST18846,2025-05-28,North,Beauty,3170.56,1,Cash,E-Commerce,Refunded
TXN004108,CUST19322,2026-01-13,West,Clothing,25748.52,7,Cash,Partner Portal,Pending
TXN002445,CUST19758,2025-02-07,Central,Clothing,1637.08,2,Net Banking,E-Commerce,Completed
TXN004381,CUST13971,2025-08-10,West,Beauty,27859.78,2,Debit Card,CRM,Cancelled
TXN001067,CUST16620,2026-08-31,South,Electronics,101842.51,7,Credit Card,E-Commerce,Refunded
TXN003914,CUST13088,2025-12-05,North,Sports,46145.52,4,UPI,POS,Refunded
TXN003499,CUST17191,2025-09-12,South,Sports,15212.66,2,Debit Card,CRM,Completed
TXN002739,CUST19431,2025-08-20,South,Electronics,9686.6,7,Debit Card,POS,Completed
TXN004001,CUST15384,2026-04-19,East,Beauty,26198.44,4,Credit Card,POS,Cancelled
TXN001569,CUST16630,2025-04-06,East,Home & Kitchen,21407.64,2,UPI,Partner Portal,Cancelled
TXN002428,CUST14436,2026-04-20,N/A,Beauty,19520.72,8,Cash,E-Commerce,Cancelled
TXN003747,CUST14294,2025-05-19,West,Home & Kitchen,75976.48,8,Credit Card,Partner Portal,Pending
TXN004711,CUST17512,2026-01-15,West,Beauty,85207.57,7,Debit Card,E-Commerce,Pending
TXN001688,CUST14273,2025-06-12,South,Home & Kitchen,22930.36,2,Credit Card,Partner Portal,Completed
TXN000852,CUST14604,2025-02-15,East,Grocery,22614.72,3,UPI,POS,Cancelled
TXN003547,CUST13514,2026-01-29,West,Beauty,102908.47,7,Credit Card,Partner Portal,Refunded
TXN000896,CUST16774,2025-08-22,West,Grocery,36139.05,3,Cash,POS,Completed
TXN004593,CUST15141,2025-06-26,West,Clothing,95323.34,7,Debit Card,POS,Refunded
TXN000336,CUST12018,2025-03-30,Central,Beauty,4372.4,2,Net Banking,POS,Refunded
TXN002840,CUST17210,2025-08-21,West,Grocery,16992.94,2,UPI,Partner Portal,Refunded
TXN003088,CUST14566,2025-06-27,North,Clothing,20420.96,4,Cash,Partner Portal,Pending
TXN004612,CUST15191,2025-03-24,East,Clothing,34403.6,5,Credit Card,E-Commerce,Pending
TXN001349,CUST10423,2025-01-07,East,Home & Kitchen,100034.56,8,UPI,Partner Portal,Refunded
TXN001016,CUST12033,2025-08-27,East,Home & Kitchen,9283.6,1,Net Banking,E-Commerce,Completed
TXN002817,CUST14754,2025-03-01,North,Grocery,59359.44,6,Cash,CRM,Refunded
TXN001632,CUST10143,2025-04-10,North,Clothing,2755.36,2,Credit Card,POS,Cancelled
TXN002490,CUST18127,2025-07-01,East,Home & Kitchen,7584.72,6,Debit Card,POS,Completed
TXN003731,CUST12922,2025-08-22,Central,Electronics,11569.76,4,Debit Card,POS,Cancelled
TXN003252,CUST16134,2026-05-23,Central,Clothing,58874.95,5,UPI,E-Commerce,Cancelled
TXN004706,CUST13054,2026-01-30,West,Electronics,7504.85,5,Debit Card,Partner Portal,Cancelled
TXN002071,CUST19712,2026-01-11,North,Beauty,13602.32,8,Credit Card,POS,Completed
TXN004453,CUST18774,2026-08-24,North,Clothing,36472.56,4,Credit Card,POS,Pending
TXN004957,CUST12936,2025-05-08,Central,Beauty,10049.47,1,Debit Card,Partner Portal,Cancelled
TXN001636,CUST12403,2025-09-13,West,Electronics,19983.3,2,Credit Card,E-Commerce,Refunded
TXN004647,CUST19109,2025-09-28,West,Grocery,39905.04,6,Credit Card,E-Commerce,Refunded
TXN002480,CUST14440,2025-04-19,North,Home & Kitchen,88222.68,7,UPI,E-Commerce,Completed
TXN002266,CUST10130,2026-01-14,Central,Clothing,8078.75,1,Cash,POS,Completed
TXN002960,CUST15524,2026-02-21,South,Clothing,61154.1,5,Debit Card,Mobile App,Cancelled
TXN004805,CUST12982,2025-01-18,South,Grocery,73768.72,8,,E-Commerce,Refunded
TXN003060,CUST17570,2025-07-29,South,Grocery,40572.48,3,Net Banking,Mobile App,Pending
TXN002142,CUST15932,2026-05-31,East,Electronics,79151.28,6,Credit Card,Mobile App,Cancelled
TXN003119,CUST13537,2025-06-13,West,Grocery,87490.62,7,UPI,Partner Portal,Cancelled
TXN004798,,2026-01-16,Central,Grocery,52656.24,4,UPI,Partner Portal,Completed
TXN004046,CUST14473,2026-03-19,South,Beauty,26614.98,7,Credit Card,Partner Portal,Pending
TXN003357,CUST10512,2026-04-17,North,Electronics,55650.24,6,Net Banking,CRM,Refunded
TXN002745,CUST15762,2026-07-06,West,Home & Kitchen,7614.06,6,UPI,CRM,Completed
TXN003507,CUST11303,2025-03-02,East,Home & Kitchen,545.64,1,UPI,E-Commerce,Cancelled
TXN001680,CUST19730,2026-04-03,West,Clothing,58614.08,7,Credit Card,POS,Refunded
TXN004250,CUST16381,2025-02-11,East,Beauty,54765.85,5,UPI,CRM,Completed
TXN003148,CUST11386,2026-03-23,North,Beauty,20717.16,6,Debit Card,Partner Portal,Refunded
TXN002295,CUST17845,2025-02-20,South,Electronics,25965.94,7,Credit Card,Partner Portal,Completed
TXN000581,CUST13058,2026-07-10,Central,Clothing,23421.28,8,UPI,Mobile App,Cancelled
TXN001471,CUST15568,2025-06-23,South,Home & Kitchen,37512.66,6,Net Banking,E-Commerce,Cancelled
TXN004071,CUST12953,2025-12-08,East,Sports,21446.73,3,Cash,Mobile App,Completed
TXN003344,CUST17600,2025-12-21,West,Electronics,21852.56,4,Credit Card,CRM,Completed
TXN004584,CUST14573,2026-07-24,West,Sports,58839.84,6,,E-Commerce,Refunded
TXN003673,CUST11696,2025-02-10,North,Grocery,56506.88,8,UPI,CRM,Cancelled
TXN000560,CUST12214,2026-04-24,Central,Home & Kitchen,41366.6,5,Cash,Partner Portal,Refunded
TXN002850,CUST19392,2025-06-05,North,Electronics,10491.54,3,Net Banking,POS,Cancelled
TXN000513,CUST19774,2025-06-21,Central,Electronics,83058.24,6,Debit Card,Mobile App,Refunded
TXN001082,CUST18985,2025-10-04,West,Electronics,16037.82,2,UPI,CRM,Cancelled
TXN001665,CUST19001,2025-06-12,East,Home & Kitchen,62318.45,5,Debit Card,Mobile App,Refunded
TXN001013,CUST11669,2026-09-06,Central,Sports,117985.84,8,Debit Card,POS,Completed
TXN001932,CUST15666,2026-02-06,South,Electronics,55111.02,6,Credit Card,POS,Completed
TXN001151,CUST16912,2026-01-29,Central,Sports,17512.72,2,Debit Card,CRM,Pending
TXN002839,CUST10288,2026-06-18,West,Home & Kitchen,45984.05,5,UPI,E-Commerce,Completed
TXN000117,CUST17917,2025-11-06,North,Home & Kitchen,59962.68,4,Net Banking,Partner Portal,Cancelled
TXN000741,CUST17115,2026-03-15,Central,Home & Kitchen,15170.76,4,Cash,E-Commerce,Completed
TXN004880,CUST12757,2026-04-05,West,Home & Kitchen,3121.05,3,Cash,CRM,Cancelled
TXN003676,CUST19350,2025-04-04,North,Electronics,13902.96,1,Net Banking,CRM,Completed
TXN000831,CUST12375,2025-09-10,East,Grocery,66017.8,5,UPI,POS,Completed
TXN000120,CUST12241,2025-07-14,North,Beauty,50993.45,5,Credit Card,POS,Refunded
TXN004853,CUST15932,2025-10-07,South,Grocery,39221.76,3,UPI,CRM,Cancelled
TXN004812,CUST11063,2026-09-13,South,Sports,47471.69,7,Credit Card,POS,Refunded
TXN000636,CUST18384,2025-03-29,Central,Home & Kitchen,76512.94,7,Net Banking,Partner Portal,Refunded
TXN004466,CUST18471,2025-05-26,East,Clothing,12317.0,1,Credit Card,Mobile App,Completed
TXN004365,CUST14818,2026-07-06,West,Grocery,39690.16,4,Net Banking,Partner Portal,Completed
TXN004143,CUST17123,2025-07-16,West,Clothing,40577.04,4,Credit Card,E-Commerce,Cancelled
TXN000992,CUST12116,2026-02-05,Central,Grocery,44534.91,3,Net Banking,CRM,Refunded
TXN000877,CUST17593,2026-03-23,South,Grocery,-5531.16,4,Net Banking,CRM,Completed
TXN000005,CUST15636,2025-04-05,Central,Clothing,10787.49,7,Credit Card,Mobile App,Completed
TXN003052,CUST11749,2026-05-11,East,Sports,13190.76,2,Net Banking,Mobile App,Refunded
TXN003125,CUST17659,2026-09-10,N/A,Home & Kitchen,34201.8,4,Net Banking,E-Commerce,Cancelled
TXN002661,CUST13248,2025-08-17,West,Electronics,6326.46,2,Credit Card,Partner Portal,Cancelled
TXN002492,CUST17072,2025-07-17,North,Beauty,29001.6,5,Net Banking,E-Commerce,Completed
TXN003855,CUST16162,2026-04-24,South,Beauty,23058.08,4,Debit Card,POS,Refunded
TXN001716,CUST16117,2025-12-09,Central,Grocery,14737.04,8,Cash,Mobile App,Pending
TXN001149,CUST16783,2026-03-11,Central,Beauty,83455.76,8,UPI,E-Commerce,Pending
TXN003262,CUST11275,2026-08-22,North,Sports,74307.78,6,Cash,Partner Portal,Refunded
TXN000575,CUST10854,2025-11-02,South,Electronics,21881.44,4,Debit Card,Mobile App,Cancelled
TXN003770,CUST17557,2025-05-21,North,Electronics,13404.72,4,Net Banking,CRM,Cancelled
TXN003737,CUST10874,2025-09-11,East,Sports,38532.3,6,Credit Card,CRM,Completed
TXN004147,CUST14755,2026-08-08,North,Clothing,38031.4,5,Credit Card,CRM,Pending
TXN000854,CUST13767,2025-02-24,South,Electronics,9257.8,4,Net Banking,POS,Pending
TXN001983,CUST12401,2025-08-30,North,Clothing,54756.31,7,Credit Card,Mobile App,Pending
TXN002775,CUST10267,2026-06-11,Central,Electronics,3905.8,2,Cash,Partner Portal,Refunded
TXN001167,CUST16401,2026-02-12,East,Home & Kitchen,19142.56,4,Credit Card,POS,Refunded
TXN000972,CUST11063,2025-03-25,South,Sports,95086.88,8,Net Banking,Partner Portal,Cancelled
TXN002702,CUST10786,2026-02-27,South,Electronics,3668.6,5,Cash,Partner Portal,Completed
TXN004496,CUST15632,2026-03-10,North,Beauty,17875.76,8,Debit Card,Partner Portal,Completed
TXN003848,CUST14880,2026-05-22,Central,Sports,49828.59,7,Cash,Mobile App,Pending
TXN002369,CUST11320,2026-01-03,West,Clothing,1083.9,3,Cash,CRM,Pending
TXN004116,CUST14020,2025-02-08,Central,Grocery,37775.96,4,Cash,E-Commerce,Completed
TXN004132,CUST15025,2026-04-05,N/A,Beauty,19386.24,6,Credit Card,CRM,Completed
TXN002951,CUST18906,2026-05-13,West,Electronics,6321.18,2,Credit Card,POS,Refunded
TXN000525,CUST12382,2026-02-03,West,Sports,12085.1,1,Net Banking,CRM,Completed
TXN002456,CUST17296,2026-09-25,West,Sports,37552.74,3,Credit Card,POS,Cancelled
TXN001842,CUST17921,2025-06-21,Central,Beauty,37416.08,4,Credit Card,E-Commerce,Refunded
TXN000538,CUST13966,2026-05-26,East,Home & Kitchen,14397.72,4,Debit Card,E-Commerce,Pending
TXN002807,CUST14633,2025-09-26,Central,Grocery,76727.21,7,UPI,POS,Refunded
TXN004342,CUST13064,2025-03-28,South,Electronics,12758.38,2,Net Banking,POS,Completed
TXN003176,CUST11810,2025-08-12,North,Grocery,4523.17,1,Net Banking,CRM,Cancelled
TXN000785,CUST12333,2025-05-02,South,Clothing,8071.4,4,Debit Card,E-Commerce,Pending
TXN004058,CUST14350,2026-05-29,East,Clothing,3466.88,4,Cash,Mobile App,Cancelled
TXN001410,CUST14043,2026-04-17,East,Beauty,26340.52,2,Debit Card,E-Commerce,Cancelled
TXN002538,CUST10486,2026-06-19,North,Beauty,20785.17,3,Debit Card,E-Commerce,Pending
TXN000155,CUST16844,2026-08-13,East,Electronics,60505.62,7,Net Banking,CRM,Cancelled
TXN003010,CUST17274,2026-03-28,North,Beauty,62921.1,5,Credit Card,Partner Portal,Cancelled
TXN001687,CUST16488,2026-06-22,South,Sports,67641.7,7,Credit Card,E-Commerce,Refunded
TXN002902,CUST10980,2026-06-26,North,Beauty,45483.12,6,Cash,Mobile App,Pending
TXN004116,CUST14020,2025-02-08,Central,Grocery,37775.96,4,Cash,E-Commerce,Completed
TXN004722,CUST19691,2025-05-26,South,Sports,14805.27,3,Debit Card,E-Commerce,ERROR
TXN003864,CUST15335,2026-07-17,South,Sports,11188.58,1,Cash,CRM,Cancelled
TXN002734,CUST10071,2026-01-14,North,Grocery,56390.81,7,UPI,E-Commerce,Completed
TXN001896,CUST13798,2025-02-24,South,Home & Kitchen,24394.44,3,Credit Card,Partner Portal,Completed
TXN000570,CUST15105,2026-05-21,West,Clothing,20778.0,4,Net Banking,CRM,Cancelled
TXN001817,CUST12544,2025-09-04,North,Electronics,18527.52,8,Credit Card,Partner Portal,Completed
TXN002066,CUST15051,2026-01-13,Central,Electronics,93844.31,7,UPI,Mobile App,Cancelled
TXN000128,CUST12532,2026-07-08,West,Beauty,61959.59,7,Credit Card,Mobile App,Refunded
TXN003395,CUST11449,2025-11-08,South,Sports,13619.46,1,Debit Card,E-Commerce,Completed
TXN003328,CUST13966,2025-12-08,East,Sports,26542.56,4,Net Banking,Mobile App,Refunded
TXN003729,CUST17541,2025-10-20,South,Sports,91383.11,7,Net Banking,POS,Refunded
TXN002976,CUST15889,2025-10-24,West,Sports,19258.78,2,Credit Card,Partner Portal,Refunded
TXN000981,CUST14497,2025-12-04,South,Beauty,23052.3,5,,E-Commerce,Cancelled
TXN002301,CUST14386,2025-03-30,North,Electronics,102637.99,7,Cash,POS,ERROR
TXN000191,CUST16335,2026-02-14,East,Home & Kitchen,107440.8,8,Net Banking,Mobile App,Cancelled
TXN001140,CUST14383,2025-09-07,Central,Electronics,8198.54,1,Credit Card,CRM,Completed
TXN000700,CUST10673,2026-01-27,North,Sports,86581.56,6,UPI,Mobile App,Cancelled
TXN004854,CUST14488,2026-02-16,Central,Home & Kitchen,7707.25,1,Credit Card,Mobile App,Pending
TXN000607,CUST17047,2025-09-06,East,Beauty,8134.46,2,,CRM,Completed
TXN004277,CUST12478,2026-02-09,West,Clothing,48441.26,7,Credit Card,Partner Portal,Refunded
TXN000302,CUST19644,2026-04-02,Central,Home & Kitchen,35567.4,6,UPI,CRM,Refunded
TXN003421,CUST14341,2025-02-19,East,Sports,11803.5,1,Cash,POS,Cancelled
TXN004894,CUST11984,2026-05-02,Central,Sports,20794.72,2,UPI,POS,Refunded
TXN001061,CUST15529,2025-06-13,West,Beauty,8264.35,1,Net Banking,POS,Refunded
TXN002566,CUST19810,2026-04-28,North,Beauty,35138.73,3,Debit Card,Mobile App,Completed
TXN002909,CUST12263,2025-12-10,South,Clothing,10161.67,1,Credit Card,CRM,Cancelled
TXN001070,CUST11550,2025-01-24,Central,Home & Kitchen,33428.0,8,Net Banking,Mobile App,Refunded
TXN002525,CUST19098,2025-11-22,East,Beauty,19932.16,2,UPI,POS,Pending
TXN002206,CUST11634,2025-01-29,North,Electronics,26706.6,2,Net Banking,Partner Portal,Refunded
TXN001244,CUST14521,2025-07-13,Central,Sports,19124.07,7,Net Banking,Partner Portal,Refunded
TXN000017,CUST18838,2025-06-06,Central,Electronics,68768.46,6,Cash,POS,Refunded
TXN003121,CUST16694,2026-06-05,Central,Sports,18655.9,5,Debit Card,POS,Cancelled
TXN004643,CUST11795,2026-06-16,West,Clothing,4470.74,1,Net Banking,Partner Portal,Cancelled
TXN004755,CUST17232,2026-08-10,East,Grocery,19062.54,7,UPI,POS,Pending
TXN000816,CUST19397,2025-10-22,West,Home & Kitchen,4041.1,5,Cash,CRM,Completed
TXN003068,CUST19497,2025-04-07,Central,Beauty,98186.69,7,Net Banking,CRM,Refunded
TXN004858,CUST15501,2025-10-26,Central,Sports,92701.84,7,Credit Card,Partner Portal,Cancelled
TXN000960,CUST13202,2026-06-04,South,Beauty,6388.71,1,Debit Card,CRM,Cancelled
TXN000226,CUST16862,2025-07-15,South,Grocery,6671.47,1,Debit Card,Mobile App,Refunded
TXN003355,CUST18491,2026-08-09,South,Grocery,89525.64,6,UPI,POS,Refunded
TXN002486,CUST10928,2025-10-02,West,Beauty,5438.2,5,Cash,POS,Completed
TXN000563,CUST17688,2026-06-20,Central,Electronics,15671.67,3,,Mobile App,Cancelled
TXN003437,CUST19386,2026-07-10,East,Sports,12419.12,4,Net Banking,E-Commerce,Pending
TXN001694,CUST14199,2025-06-13,East,Home & Kitchen,45348.6,4,UPI,POS,Refunded
TXN001046,CUST17786,2025-09-12,Central,Grocery,41001.48,6,Debit Card,CRM,Cancelled
TXN003447,CUST17664,2025-07-07,South,Sports,42316.0,5,Net Banking,E-Commerce,Refunded
TXN004566,CUST18083,2026-04-05,North,Sports,88543.14,7,Debit Card,Partner Portal,Pending
TXN000955,CUST19631,2025-01-27,South,Electronics,62451.76,8,Credit Card,CRM,Completed
TXN002521,CUST13303,2025-08-29,West,Beauty,30942.33,3,Cash,Partner Portal,Refunded
TXN002736,CUST15036,2025-10-25,West,Clothing,4713.34,1,Credit Card,E-Commerce,Cancelled
TXN004978,CUST10804,2026-06-16,North,Electronics,914.05,5,UPI,CRM,Completed
TXN004736,CUST12215,2026-05-06,North,Electronics,36511.05,3,Cash,CRM,Completed
TXN004897,CUST13701,2026-01-02,East,Sports,36174.84,3,UPI,CRM,Refunded
TXN001219,CUST18692,2026-08-24,East,Grocery,31309.32,7,Credit Card,CRM,Pending
TXN001528,CUST10492,2026-01-09,West,Home & Kitchen,23639.4,2,UPI,Mobile App,Cancelled
TXN003988,CUST12403,2025-09-28,North,Beauty,10203.1,2,Cash,POS,Completed
TXN001301,CUST17845,2026-03-03,South,Clothing,26648.06,2,Credit Card,CRM,Completed
TXN004966,CUST12358,2026-01-15,North,Grocery,2315.25,3,Debit Card,POS,Refunded
TXN000161,CUST17683,2025-11-20,West,Beauty,19957.41,3,UPI,POS,Completed
TXN004068,CUST11570,2025-05-12,North,Grocery,12585.52,4,Credit Card,Partner Portal,Completed
TXN000957,CUST10723,2026-04-01,North,Home & Kitchen,11168.91,3,UPI,Partner Portal,Refunded
TXN003792,CUST17292,2025-10-01,South,Grocery,31163.82,3,Cash,E-Commerce,Cancelled
TXN003235,CUST18277,2025-12-13,West,Electronics,16376.02,2,Credit Card,Mobile App,Refunded
TXN002870,CUST14375,2025-08-26,East,Grocery,60420.1,5,Cash,POS,Cancelled
TXN003778,CUST19218,2026-07-15,South,Home & Kitchen,24097.92,8,Debit Card,Partner Portal,Completed
TXN004434,CUST17225,2026-08-24,South,Clothing,21484.72,8,Debit Card,Partner Portal,Refunded
TXN002962,CUST19905,2026-06-18,East,Sports,38677.14,6,Cash,Partner Portal,Pending
TXN002201,CUST18248,2025-09-15,South,Sports,69855.7,5,UPI,E-Commerce,Cancelled
TXN000099,CUST13074,2026-07-10,Central,Clothing,50059.12,8,Cash,Mobile App,Refunded
TXN002558,CUST11647,2025-01-05,Central,Grocery,30001.6,4,Credit Card,CRM,Pending
TXN003184,CUST18415,2025-03-25,South,Clothing,21104.4,8,Net Banking,CRM,Pending
TXN000254,CUST14056,2026-06-29,West,Clothing,86576.49,7,Debit Card,POS,Pending
TXN003924,CUST12102,2025-11-15,East,Home & Kitchen,56215.0,5,UPI,CRM,Completed
TXN004200,CUST17476,2026-06-07,South,Clothing,19426.98,2,Credit Card,Partner Portal,Completed
TXN001446,CUST10801,2025-11-07,East,Sports,41777.72,4,Net Banking,E-Commerce,Refunded
TXN001649,CUST15422,2025-06-09,North,Sports,76015.52,8,Credit Card,CRM,Pending
TXN004683,CUST13066,2025-01-26,East,Beauty,5804.85,1,UPI,CRM,Cancelled
TXN004724,CUST15556,2025-09-16,North,Home & Kitchen,40463.58,6,Credit Card,Partner Portal,Cancelled
TXN003992,CUST17327,2025-09-15,East,Clothing,53411.0,4,Net Banking,Partner Portal,Pending
TXN001697,CUST10891,2026-08-31,South,Sports,27389.9,5,UPI,E-Commerce,Completed
TXN003192,CUST19667,2025-04-01,Central,Sports,-31723.12,4,Credit Card,Mobile App,Pending
TXN004500,CUST14729,2025-11-28,South,Beauty,22104.48,3,Cash,E-Commerce,Pending
TXN001155,CUST11737,2026-03-11,Central,Electronics,5435.04,6,Net Banking,Partner Portal,Pending
TXN002256,CUST11925,2025-06-22,North,Clothing,14748.16,7,Debit Card,POS,Pending
TXN001683,CUST15307,2026-01-20,West,Home & Kitchen,9470.47,1,UPI,Partner Portal,Completed
TXN003171,CUST17310,2026-05-26,North,Beauty,7242.56,2,Cash,Partner Portal,Refunded
TXN002057,CUST16009,2026-08-29,East,Beauty,42157.28,4,Net Banking,CRM,Completed
TXN004091,CUST17356,2026-02-20,North,Beauty,17879.9,5,Debit Card,CRM,Refunded
TXN003109,CUST10296,2025-01-18,North,Electronics,26657.37,3,Debit Card,POS,Completed
TXN004549,CUST14459,2026-03-09,West,Sports,14027.44,7,Credit Card,CRM,Cancelled
TXN003724,CUST15841,2025-12-05,Central,Grocery,20643.56,4,Debit Card,CRM,Pending
TXN002050,CUST17543,2025-06-11,West,Grocery,26028.58,2,Debit Card,CRM,Completed
TXN003644,CUST15573,2026-01-14,Central,Clothing,73128.3,6,Credit Card,E-Commerce,Refunded
TXN003432,CUST10348,2025-12-13,South,Beauty,4671.88,2,Debit Card,CRM,Completed
TXN000624,CUST13080,2026-03-30,North,Home & Kitchen,11820.8,5,Debit Card,CRM,Cancelled
TXN000263,CUST16180,2025-04-05,Central,Sports,3471.6,4,Credit Card,CRM,Pending
TXN003370,CUST16187,2025-06-20,North,Electronics,78086.28,6,Cash,Mobile App,Pending
TXN004062,CUST17118,2026-02-25,East,Home & Kitchen,7809.72,2,UPI,POS,Pending
TXN001803,CUST16631,2025-12-03,North,Sports,37666.15,5,UPI,POS,Completed
TXN004737,CUST12915,2025-01-31,Central,Grocery,22322.18,2,Net Banking,Partner Portal,Completed
TXN003172,CUST15807,2025-05-25,West,Electronics,25785.97,7,Debit Card,Mobile App,Refunded
TXN002386,CUST10344,2025-08-13,South,Beauty,44740.5,7,Credit Card,CRM,Completed
TXN001960,CUST14455,2025-09-04,North,Electronics,63807.4,5,Debit Card,Mobile App,Pending
TXN002977,CUST18855,2026-06-21,North,Electronics,2140.96,4,Credit Card,POS,Completed
TXN000489,CUST19776,2025-05-07,West,Sports,174.94,1,Cash,CRM,Cancelled
TXN001844,CUST16104,2025-01-04,East,Grocery,2130.66,6,Credit Card,POS,Refunded
TXN001735,CUST15860,2025-03-31,West,Grocery,65894.7,5,Cash,E-Commerce,Pending
TXN002912,CUST14553,2025-05-12,North,Electronics,38423.76,3,UPI,E-Commerce,Pending
TXN003220,CUST18803,2025-06-21,West,Electronics,21495.24,6,Cash,POS,Completed
TXN000147,CUST10503,2025-05-27,North,Beauty,7957.74,7,Cash,E-Commerce,Refunded
TXN001987,CUST18754,2026-09-01,East,Home & Kitchen,8407.14,1,Net Banking,Partner Portal,Cancelled
TXN001370,CUST16806,2025-03-28,North,Electronics,2401.92,2,Cash,Partner Portal,Pending
TXN002812,CUST19597,2027-11-14,Central,Beauty,32421.48,3,Credit Card,CRM,Cancelled
TXN000660,CUST10599,2026-06-13,West,Grocery,9471.87,3,Cash,CRM,Completed
TXN001795,CUST18421,2026-03-25,N/A,Beauty,52462.24,8,Cash,Partner Portal,Completed
TXN002512,CUST11795,2026-03-25,Central,Electronics,29306.28,2,Net Banking,POS,Pending
TXN003398,CUST10934,2025-12-20,Central,Clothing,52883.04,7,Credit Card,E-Commerce,Cancelled
TXN004283,CUST13414,2025-08-14,East,Grocery,21292.14,3,Credit Card,E-Commerce,Cancelled
TXN001148,CUST12090,2025-05-29,South,Grocery,9827.0,2,UPI,POS,Refunded
TXN003273,CUST10274,2025-12-02,South,Beauty,21510.95,5,Debit Card,Partner Portal,Refunded
TXN000609,CUST17246,2025-06-23,Central,Home & Kitchen,55690.14,6,Net Banking,CRM,Pending
TXN003583,CUST15819,2026-06-25,West,Beauty,16179.94,7,Net Banking,Mobile App,Completed
TXN001931,CUST19767,2026-05-25,North,Beauty,54829.95,5,Net Banking,CRM,Pending
TXN000198,CUST11859,2025-11-18,North,Beauty,19096.05,5,Debit Card,Mobile App,Refunded
TXN002932,CUST10379,2026-04-18,West,Home & Kitchen,1070.96,2,Net Banking,E-Commerce,Refunded
TXN002328,CUST17844,2025-03-04,North,Grocery,5446.92,3,UPI,POS,Cancelled
TXN004390,CUST19305,2026-07-13,North,Home & Kitchen,17268.72,4,Debit Card,E-Commerce,Completed
TXN000767,CUST19914,2025-07-19,Central,Electronics,38676.72,8,UPI,Mobile App,Pending
TXN004497,CUST17561,2025-02-28,West,Beauty,50119.35,5,Credit Card,Mobile App,Pending
TXN004219,CUST14331,2025-09-08,East,Beauty,11361.48,3,Net Banking,POS,Completed
TXN003256,CUST14884,2026-09-04,North,Electronics,42607.28,8,UPI,Mobile App,Pending
TXN000203,CUST11413,2026-04-24,North,Clothing,27654.09,3,Net Banking,Mobile App,Refunded
TXN003511,CUST12719,2025-12-02,South,Home & Kitchen,6508.11,7,Credit Card,E-Commerce,Pending
TXN001734,CUST17149,2026-03-05,Central,Beauty,4797.6,8,Net Banking,CRM,Completed
TXN002778,CUST16692,2026-01-25,North,Grocery,3597.53,1,Debit Card,POS,Refunded
TXN001708,CUST10723,2025-08-29,Central,Grocery,97394.16,8,Cash,Mobile App,Pending
TXN003475,CUST11471,2025-04-09,East,Clothing,7363.36,1,UPI,Partner Portal,Refunded
TXN000855,CUST18109,2026-04-24,North,Grocery,12801.32,7,UPI,Partner Portal,Refunded
TXN004738,CUST15273,2026-02-09,West,Clothing,14592.24,3,Cash,POS,Completed
TXN004098,CUST18151,2026-01-13,West,Clothing,3357.36,8,Credit Card,Partner Portal,Cancelled
TXN002161,CUST18553,2025-06-29,West,Grocery,342.53,1,Net Banking,Mobile App,Completed
TXN000699,CUST12379,2026-01-24,Central,Grocery,50199.66,7,Credit Card,POS,Refunded
TXN003337,CUST11060,2026-07-31,West,Grocery,18293.06,2,UPI,POS,Completed
TXN003000,CUST18874,2025-11-06,South,Electronics,12336.68,2,UPI,E-Commerce,Pending
TXN003697,CUST12954,2026-07-15,North,Clothing,-51323.35,5,Net Banking,CRM,Refunded
TXN001637,CUST10327,2026-04-30,Central,Beauty,50438.57,7,UPI,Mobile App,Pending
TXN003458,CUST11863,2025-09-05,West,Home & Kitchen,-28337.84,2,Debit Card,Mobile App,Cancelled
TXN003582,CUST17856,2025-10-03,South,Grocery,2390.02,2,Net Banking,CRM,Pending
TXN001292,CUST11577,2025-03-30,South,Electronics,9473.82,1,Debit Card,CRM,Cancelled
TXN004660,CUST15286,2025-03-10,South,Sports,12608.66,1,Debit Card,POS,Completed
TXN001854,CUST11546,2025-10-03,Central,Electronics,2139.69,1,Credit Card,Mobile App,Completed
TXN003764,CUST11256,2026-03-17,East,Sports,14376.43,1,Net Banking,Mobile App,Cancelled
TXN003305,CUST10378,2025-05-12,North,Electronics,37997.55,3,Debit Card,Partner Portal,Refunded
TXN004987,CUST15935,2026-02-16,East,Grocery,7702.96,8,Credit Card,Mobile App,Cancelled
TXN003744,CUST16013,2025-06-14,South,Electronics,12309.72,6,Net Banking,Partner Portal,Pending
TXN003446,CUST17646,2026-09-08,East,Grocery,43819.71,3,UPI,CRM,Cancelled
TXN001999,CUST14820,2025-07-20,South,Beauty,16080.0,3,Debit Card,E-Commerce,Cancelled
TXN000664,CUST15740,2025-01-16,Central,Clothing,6356.0,2,UPI,E-Commerce,Cancelled
TXN004780,CUST12424,2025-07-23,South,Beauty,69597.12,8,Net Banking,E-Commerce,Completed
TXN003749,CUST12833,2025-10-20,Central,Home & Kitchen,11078.09,1,Net Banking,E-Commerce,Cancelled
TXN004414,CUST19311,2025-01-30,South,Electronics,14621.38,2,Net Banking,Mobile App,Cancelled
TXN004745,CUST15486,2025-05-14,Central,Grocery,84052.99,7,UPI,CRM,Pending
TXN000710,CUST19361,2025-04-16,East,Grocery,1186.5,1,Credit Card,Mobile App,Pending
TXN001283,CUST17510,2025-12-30,East,Electronics,21215.46,3,Debit Card,POS,Pending
TXN002676,CUST17489,2026-04-12,Invalid,Grocery,21047.65,5,Net Banking,CRM,Refunded
TXN004030,CUST15405,2026-03-08,East,Sports,14795.6,8,Debit Card,POS,Completed
TXN001307,CUST12959,2025-03-20,East,Electronics,1988.07,1,UPI,POS,Pending
TXN002238,CUST12533,2025-03-10,Central,Sports,64182.86,7,Net Banking,E-Commerce,Cancelled
TXN003303,CUST13614,2025-12-29,Central,Sports,84688.52,7,Net Banking,Partner Portal,Refunded
TXN002039,CUST12656,2026-08-08,North,Clothing,19974.33,3,Debit Card,Partner Portal,Refunded
TXN001530,CUST19806,2026-02-22,Central,Home & Kitchen,8138.18,1,Debit Card,CRM,Completed
TXN001664,CUST14439,2025-01-17,East,Home & Kitchen,49959.63,7,Credit Card,Mobile App,Refunded
TXN003273,CUST10274,2025-12-02,South,Beauty,21510.95,5,Debit Card,Partner Portal,Refunded
TXN003722,CUST14358,2025-07-06,East,Beauty,49503.2,4,UPI,Mobile App,Pending
TXN003628,CUST13654,2026-01-08,West,Clothing,40869.3,6,Net Banking,Partner Portal,Completed
TXN004892,CUST12138,2025-03-21,West,Grocery,78220.03,7,Debit Card,E-Commerce,Completed
TXN002694,CUST19689,2025-06-11,Central,Beauty,3173.08,1,Debit Card,CRM,Pending
TXN003061,CUST16079,2025-09-19,North,Home & Kitchen,6825.12,6,UPI,E-Commerce,Cancelled
TXN001598,CUST16178,2025-10-27,North,Grocery,42862.05,7,Credit Card,Mobile App,Completed
TXN002730,CUST19691,2026-07-11,Central,Sports,16581.52,8,Net Banking,POS,Refunded
TXN002626,CUST18805,2025-06-17,North,Clothing,14494.97,7,Cash,Partner Portal,Pending
TXN003158,CUST10779,2026-04-09,East,Electronics,5626.18,7,Cash,E-Commerce,Cancelled
TXN003315,CUST16921,2026-03-14,West,Grocery,51272.35,5,Net Banking,Partner Portal,Completed
TXN001723,CUST14191,2026-05-27,West,Grocery,32023.8,6,Cash,CRM,Refunded
TXN001060,CUST13688,2025-06-06,North,Home & Kitchen,50944.96,4,Net Banking,Mobile App,Cancelled
TXN004637,CUST19157,2025-07-12,West,Home & Kitchen,27123.93,3,UPI,CRM,Completed
TXN003243,CUST11386,2026-06-09,North,Electronics,20333.7,6,Debit Card,Mobile App,Refunded
TXN001679,CUST10473,2025-07-29,West,Electronics,13535.82,3,UPI,Mobile App,Pending
TXN001758,CUST12968,2026-02-01,North,Clothing,11278.38,6,Credit Card,CRM,Completed
TXN004192,CUST14789,2025-01-02,North,Home & Kitchen,557.22,2,Credit Card,E-Commerce,Cancelled
TXN000564,CUST19782,2025-01-10,South,Electronics,83927.76,7,Cash,POS,Pending
TXN002791,CUST16634,2025-08-06,East,Clothing,9701.91,3,Credit Card,E-Commerce,Pending
TXN000864,CUST17084,2025-05-04,East,Beauty,37067.95,5,Cash,E-Commerce,Cancelled
TXN001485,CUST11497,2026-09-16,South,Beauty,41622.2,5,Credit Card,E-Commerce,Cancelled
TXN000207,CUST14962,2025-07-21,Central,Sports,9825.2,5,Credit Card,Partner Portal,Pending
TXN004489,CUST13380,2025-08-23,West,Grocery,45947.88,6,Credit Card,E-Commerce,Cancelled
TXN000871,CUST17584,2026-05-31,South,Home & Kitchen,1797.64,1,Net Banking,CRM,Completed
TXN004494,CUST18089,2026-05-23,North,Electronics,30122.88,6,Cash,Partner Portal,Refunded
TXN000503,CUST15919,2025-02-13,West,Grocery,31265.96,4,Net Banking,CRM,Completed
TXN001029,CUST16813,2026-05-28,West,Beauty,44535.96,6,UPI,Mobile App,Refunded
TXN003841,CUST18838,2025-05-28,South,Grocery,11155.94,2,Cash,E-Commerce,Refunded
TXN002691,CUST18339,2026-08-18,Central,Electronics,34573.17,3,Cash,Partner Portal,Pending
TXN001571,CUST14029,2025-08-19,Central,Home & Kitchen,99275.2,8,UPI,CRM,Refunded
TXN002774,CUST19912,2025-11-23,East,Beauty,56163.9,5,UPI,POS,Pending
TXN002732,CUST13804,2025-02-26,North,Sports,10738.89,3,Net Banking,Mobile App,Refunded
TXN000805,CUST16166,2026-01-28,West,Grocery,38295.44,8,Credit Card,CRM,Pending
TXN003646,CUST17998,2025-08-10,West,Home & Kitchen,38911.48,4,Cash,Partner Portal,Completed
TXN002455,CUST11308,2026-09-17,East,Clothing,100247.6,8,Cash,CRM,Completed
TXN004599,CUST13925,2025-04-03,East,Beauty,84871.57,7,Debit Card,CRM,Pending
TXN003105,CUST12279,2026-05-10,Central,Clothing,34470.76,4,Net Banking,POS,Completed
TXN004876,CUST10688,2026-07-25,West,Home & Kitchen,5382.87,3,Net Banking,E-Commerce,Completed
TXN000201,CUST14758,2025-12-22,East,Home & Kitchen,16589.92,2,Debit Card,POS,Pending
TXN003100,CUST16475,2026-04-04,East,Home & Kitchen,9630.74,7,Debit Card,Partner Portal,Completed
TXN002279,CUST18506,2025-01-26,North,Electronics,29698.26,6,Credit Card,E-Commerce,Refunded
TXN003562,CUST16152,2025-07-17,Central,Sports,50117.7,5,Credit Card,Partner Portal,Refunded
TXN004475,CUST16123,2025-07-27,East,Clothing,4044.84,4,Credit Card,Partner Portal,Cancelled
TXN004515,CUST15781,2026-03-04,West,Grocery,25365.36,8,UPI,Mobile App,Cancelled
TXN000392,CUST10814,2025-10-16,West,Sports,18197.35,5,Cash,Mobile App,Pending
TXN001496,CUST18462,2025-06-11,West,Beauty,14857.95,3,Cash,Mobile App,Cancelled
TXN002696,CUST19811,2026-04-06,South,Electronics,14908.87,1,Cash,POS,Refunded
TXN002028,CUST15257,2025-07-05,East,Beauty,43519.14,6,UPI,Partner Portal,Cancelled
TXN002569,CUST13715,2026-07-03,North,Grocery,29315.8,4,Net Banking,Partner Portal,Completed
TXN000065,CUST18752,2026-04-24,North,Grocery,44138.28,3,Cash,Partner Portal,Completed
TXN003885,CUST19683,2025-04-14,South,Home & Kitchen,9432.99,7,Debit Card,CRM,Pending
TXN002063,CUST19680,2026-03-30,North,Grocery,13050.42,2,Debit Card,E-Commerce,Pending
TXN000493,CUST11144,2025-08-29,South,Clothing,8697.08,2,Net Banking,Mobile App,Cancelled
TXN000380,CUST18623,2026-08-24,East,Electronics,34914.18,3,UPI,Mobile App,Completed
TXN004860,CUST13298,2025-10-02,West,Grocery,47326.96,4,UPI,Mobile App,Pending
TXN003994,CUST17707,2025-01-30,East,Grocery,90472.83,0,Net Banking,CRM,Refunded
TXN004888,CUST12373,2025-07-12,North,Beauty,13425.26,2,Credit Card,E-Commerce,Cancelled
TXN001077,CUST13082,2025-04-12,South,Clothing,3632.8,1,Debit Card,E-Commerce,Pending
TXN000879,CUST16419,2025-07-26,N/A,Clothing,42922.55,5,Credit Card,CRM,Refunded
TXN000338,CUST19944,2025-01-28,Central,Home & Kitchen,15805.7,5,Net Banking,POS,Completed
TXN001017,CUST14860,2025-03-03,South,Home & Kitchen,17041.2,3,Net Banking,E-Commerce,Completed
TXN001276,CUST11984,2025-01-01,Central,Electronics,27289.44,3,Debit Card,E-Commerce,Completed
TXN003799,CUST15796,2025-03-28,West,Home & Kitchen,101234.24,8,Net Banking,POS,Pending
TXN004552,CUST13798,2025-09-21,East,Beauty,46699.24,7,Net Banking,POS,Pending
TXN003343,CUST10881,2025-01-03,West,Grocery,57692.3,5,Debit Card,POS,Completed
TXN004912,CUST10503,2026-01-02,North,Sports,27768.79,7,Credit Card,POS,Cancelled
TXN000996,CUST14718,2026-04-19,West,Clothing,11085.63,1,UPI,Mobile App,Pending
TXN001982,CUST11950,2026-08-26,West,Grocery,42710.08,7,Credit Card,Mobile App,Refunded
TXN004298,CUST19228,2025-08-13,North,Electronics,5783.49,3,Net Banking,CRM,Pending
TXN000162,CUST17405,2025-12-27,North,Electronics,9450.16,2,UPI,POS,Completed
TXN004799,CUST12563,2026-08-08,Central,Home & Kitchen,104742.61,7,Credit Card,Partner Portal,Refunded
TXN001501,CUST11751,2025-08-09,North,Home & Kitchen,102883.28,8,Debit Card,POS,Refunded
TXN003844,CUST19949,2025-08-15,West,Beauty,73942.24,8,Cash,E-Commerce,Pending
TXN002614,CUST13685,2025-04-22,South,Grocery,44394.36,4,Debit Card,Mobile App,Pending
TXN003462,CUST11351,2026-03-02,East,Home & Kitchen,94672.0,8,Cash,CRM,Invalid
TXN001022,CUST13349,2025-04-04,South,Sports,26790.6,3,Credit Card,Mobile App,Refunded
TXN003074,CUST19614,2025-04-27,North,Electronics,44660.04,6,UPI,CRM,Completed
TXN003944,CUST17362,2025-01-13,West,Beauty,10115.93,1,Debit Card,E-Commerce,Pending
TXN001586,CUST15819,2025-12-18,South,Beauty,4585.08,3,Net Banking,POS,Refunded
TXN001956,CUST12413,2025-12-16,West,Sports,8283.86,1,UPI,Partner Portal,Pending
TXN003153,CUST17545,2025-11-26,West,Grocery,26765.44,8,Credit Card,CRM,Cancelled
TXN000035,CUST13493,2026-07-31,Central,Clothing,2383.16,2,Debit Card,POS,Completed
TXN004015,CUST15365,2025-10-05,South,Sports,57644.76,6,Credit Card,POS,Completed
TXN000776,CUST19267,2026-09-06,West,Clothing,52547.28,6,Net Banking,CRM,Cancelled
TXN002557,CUST11941,2025-07-10,West,Electronics,51846.12,4,UPI,Partner Portal,Refunded
TXN001479,CUST17951,2026-06-20,South,Sports,34391.28,6,Net Banking,E-Commerce,Refunded
TXN001364,CUST12729,2026-02-24,Central,Home & Kitchen,34521.32,4,Credit Card,Partner Portal,Cancelled
TXN002613,CUST15327,2026-07-31,East,Electronics,11147.35,1,Debit Card,POS,Cancelled
TXN002825,CUST16332,2025-10-09,Central,Grocery,202.04,1,UPI,Partner Portal,Refunded
TXN002042,CUST14347,2025-06-27,Central,Grocery,13262.24,1,Cash,Mobile App,Refunded
TXN000242,CUST17320,2025-01-07,East,Clothing,29076.3,5,UPI,Partner Portal,Completed
TXN002062,CUST14554,2026-05-06,North,Home & Kitchen,33628.68,4,Cash,Partner Portal,Completed
TXN002364,CUST14750,2025-01-02,East,Clothing,12460.44,4,Net Banking,CRM,Cancelled
TXN000601,CUST15479,2025-03-22,East,Grocery,13835.89,1,Net Banking,CRM,Pending
TXN002436,CUST12045,2026-06-07,Central,Home & Kitchen,3411.46,1,Net Banking,CRM,Completed
TXN002889,CUST17412,2026-09-25,Central,Electronics,1497.43,1,UPI,E-Commerce,Cancelled
TXN000647,CUST15186,2026-09-12,East,Sports,32315.5,5,Cash,Partner Portal,Cancelled
TXN003891,CUST11040,2025-05-01,Central,Electronics,5713.33,7,Credit Card,E-Commerce,Pending
TXN003557,CUST11623,2025-09-14,Central,Grocery,21552.0,3,Net Banking,Partner Portal,Pending
TXN003203,CUST19882,2026-02-03,South,Electronics,46648.44,4,Net Banking,Partner Portal,Refunded
TXN001529,CUST10424,2025-09-29,East,Electronics,3145.92,6,Net Banking,CRM,Pending
TXN001268,CUST17159,2026-07-13,North,Home & Kitchen,17105.67,3,Cash,Mobile App,Cancelled
TXN001900,CUST10189,2025-10-10,North,Beauty,3278.46,6,Credit Card,CRM,Completed
TXN004659,CUST16001,2025-11-26,Central,Grocery,33679.0,5,Cash,E-Commerce,Refunded
TXN003006,CUST15579,2025-04-12,West,Beauty,15951.25,7,UPI,Mobile App,Completed
TXN002735,CUST18622,2026-04-05,West,Sports,43362.9,7,UPI,Mobile App,Pending
TXN000190,CUST10784,2025-07-15,East,Clothing,27094.6,5,Credit Card,POS,Refunded
TXN001807,CUST16069,2026-04-30,North,Clothing,5073.41,1,Debit Card,Mobile App,Refunded
TXN000976,CUST11377,2026-07-18,East,Grocery,4203.04,2,Cash,POS,Pending
TXN002748,CUST10045,2025-02-18,North,Clothing,98694.0,8,Credit Card,Partner Portal,Pending
TXN002048,CUST11355,2026-08-14,South,Beauty,104184.22,7,Cash,Mobile App,Completed
TXN002559,CUST13304,2025-06-17,North,Sports,14992.59,1,Net Banking,Partner Portal,Completed
TXN001083,CUST13699,2025-12-08,East,Electronics,11401.55,5,Credit Card,Mobile App,Pending
TXN000475,CUST19383,2026-09-23,Central,Clothing,37046.05,5,Credit Card,POS,Pending
TXN002905,CUST16642,2026-07-16,Central,Clothing,12400.32,8,Net Banking,POS,Pending
TXN004844,CUST14301,2025-12-07,North,Clothing,12737.65,1,Debit Card,Mobile App,Cancelled
TXN004118,CUST12813,2025-12-06,North,Home & Kitchen,19231.59,3,Cash,POS,Refunded
TXN003386,CUST17972,2026-08-06,North,Home & Kitchen,14482.32,1,UPI,E-Commerce,Cancelled
TXN004556,CUST19551,2026-01-03,North,Home & Kitchen,3286.22,2,UPI,Partner Portal,Cancelled
TXN001185,CUST17397,2025-03-25,West,Sports,65596.3,5,Debit Card,POS,Pending
TXN004697,CUST11231,2026-03-05,South,Clothing,13356.65,1,Net Banking,Mobile App,Refunded
TXN002434,CUST19513,2025-04-25,East,Beauty,14994.64,8,Cash,Mobile App,Pending
TXN002392,CUST11869,2026-02-22,Central,Grocery,15268.62,2,Debit Card,Mobile App,Refunded
TXN000770,CUST19797,2026-03-01,North,Home & Kitchen,37647.36,3,Debit Card,POS,Refunded
TXN001686,CUST15630,2026-01-01,North,Grocery,7855.56,6,Net Banking,Partner Portal,Invalid
TXN000131,CUST15465,2026-09-04,South,Home & Kitchen,853.62,1,Cash,E-Commerce,Completed
TXN002920,CUST15837,2025-07-01,West,Electronics,99780.96,8,UPI,E-Commerce,Refunded
TXN003172,CUST15807,2025-05-25,West,Electronics,25785.97,7,Debit Card,Mobile App,Refunded
TXN003445,CUST13458,2025-05-08,Central,Beauty,12994.82,2,Net Banking,CRM,Cancelled
TXN004427,CUST15626,2026-02-12,South,Grocery,15623.4,4,Debit Card,Mobile App,Pending
TXN000467,CUST10415,2026-03-09,West,Home & Kitchen,7888.68,1,Credit Card,CRM,Pending
TXN003093,CUST13475,2025-02-07,South,Electronics,61470.72,6,Cash,Mobile App,Refunded
TXN003773,CUST18876,2025-10-28,Central,Sports,66185.55,5,Debit Card,Partner Portal,Pending
TXN000861,CUST19326,2026-04-09,South,Home & Kitchen,85299.18,6,Credit Card,POS,Cancelled
